Pos,Res,B4KM86_CIT_model1_dssp_acc_ACC,B4KM86_full_model_500959_1_dssp_acc_ACC,B4KM86_full_model_500959_2_dssp_acc_ACC,B4KM86_full_model_500959_3_dssp_acc_ACC,B4KM86_full_model_500959_4_dssp_acc_ACC,B4KM86_full_model_500959_5_dssp_acc_ACC,B4KM86_ranked_0_dssp_acc_ACC,B4KM86_ranked_1_dssp_acc_ACC,B4KM86_ranked_2_dssp_acc_ACC,B4KM86_ranked_3_dssp_acc_ACC,B4KM86_ranked_4_dssp_acc_ACC,mean,median,std
1,M,198,185,191,160,175,214,211,199,225,216,220,199.45454545454547,199.0,19.378355481232788
2,V,44,112,99,101,106,114,120,117,124,116,123,106.9090909090909,114.0,21.402865336867848
3,K,105,90,101,99,91,99,112,109,102,100,102,100.9090909090909,101.0,6.273385999667679
4,P,1,3,4,0,2,5,4,3,3,3,3,2.8181818181818183,3.0,1.3360853142453697
5,I,46,25,30,29,28,28,24,42,39,22,39,32.0,29.0,7.6988783126327744
6,L,4,0,0,0,1,0,0,0,0,0,0,0.45454545454545453,0.0,1.157083823759805
7,Y,26,14,14,11,15,6,13,8,8,14,12,12.818181818181818,13.0,5.04197259049529
8,G,1,0,0,0,3,0,0,0,0,0,0,0.36363636363636365,0.0,0.8813963377120597
9,I,22,33,34,31,43,38,45,49,49,43,50,39.72727272727273,43.0,8.518332200089075
10,D,39,43,41,43,48,33,37,38,37,40,38,39.72727272727273,39.0,3.7921188390207656
11,A,17,25,25,25,24,24,21,21,24,20,23,22.636363636363637,24.0,2.459590774267033
12,S,23,31,32,17,25,19,14,15,17,15,15,20.272727272727273,17.0,6.2390399770085425
13,P,15,10,7,6,8,5,6,7,7,7,8,7.818181818181818,7.0,2.5873180855923104
14,P,28,27,25,19,22,16,9,10,10,11,12,17.181818181818183,16.0,6.991139610811047
15,V,3,0,0,0,1,0,0,0,0,0,0,0.36363636363636365,0.0,0.8813963377120596
16,R,24,1,2,1,5,3,0,0,0,0,0,3.272727272727273,1.0,6.7297292812079075
17,A,1,2,1,0,1,2,0,0,0,0,0,0.6363636363636364,0.0,0.7713892158398701
18,V,2,0,0,0,0,0,0,0,0,0,0,0.18181818181818182,0.0,0.5749595745760688
19,K,16,29,32,29,30,32,19,18,21,23,20,24.454545454545453,23.0,5.742404253583184
20,L,2,7,4,4,5,5,0,1,1,1,1,2.8181818181818183,2.0,2.16661368869327
21,T,0,0,0,0,0,0,0,0,0,0,0,0.0,0.0,0.0
22,L,0,0,0,0,0,0,1,1,1,1,1,0.45454545454545453,0.0,0.49792959773196915
23,A,16,8,9,9,9,8,24,24,24,24,25,16.363636363636363,16.0,7.4501095449265025
24,A,41,38,33,37,33,32,23,25,26,24,25,30.636363636363637,32.0,6.049383548950591
25,L,39,29,27,31,30,28,32,31,28,31,30,30.545454545454547,30.0,3.055952057085747
26,Q,145,157,158,157,160,158,159,158,155,156,160,156.63636363636363,158.0,3.9605492565076283
27,L,28,26,27,15,26,27,30,28,29,29,29,26.727272727272727,28.0,3.9101478486557397
28,P,80,82,81,85,68,81,79,79,81,78,81,79.54545454545455,81.0,4.053363056292355
29,Y,49,58,57,54,55,53,51,51,50,50,50,52.54545454545455,51.0,2.9345477075579947
30,D,112,68,66,69,69,65,81,83,79,78,78,77.0909090909091,78.0,12.63799858618693
31,Y,90,63,63,60,144,57,65,67,67,66,67,73.54545454545455,66.0,23.688753128718876
32,K,91,96,96,91,101,89,91,84,89,90,90,91.63636363636364,91.0,4.312196809320517
33,I,113,103,102,106,77,107,120,112,105,119,109,106.63636363636364,107.0,10.965008206046983
34,V,2,11,12,9,11,0,6,5,4,5,5,6.363636363636363,5.0,3.723945299684371
35,N,29,53,51,56,47,53,46,46,50,53,50,48.54545454545455,50.0,6.8935231309559555
36,L,44,43,41,28,50,49,34,32,37,32,36,38.72727272727273,37.0,6.889925571453242
37,M,111,100,109,103,102,99,117,122,138,141,133,115.9090909090909,111.0,14.829053457529952
38,N,75,118,118,115,118,116,111,114,115,115,114,111.72727272727273,115.0,11.786671278809413
39,K,152,127,128,152,149,130,141,140,134,133,139,138.63636363636363,139.0,8.782966234010502
40,E,147,88,88,92,86,81,80,81,82,82,80,89.72727272727273,82.0,18.50351764636271
41,Q,68,6,5,22,13,24,19,18,21,18,19,21.181818181818183,19.0,15.924927183039927
42,H,45,77,80,98,85,84,92,94,97,92,94,85.27272727272727,92.0,14.340602935789816
43,S,52,51,51,51,52,48,51,51,49,51,50,50.63636363636363,51.0,1.149919149152138
44,E,89,153,152,147,148,152,152,153,151,154,135,144.1818181818182,152.0,18.17499872111128
45,E,29,115,116,131,112,110,128,111,111,134,113,110.0,113.0,26.930887977798417
46,Y,0,9,8,9,10,48,11,10,12,13,11,12.818181818181818,10.0,11.59010692411406
47,L,99,56,57,64,58,62,62,64,63,65,63,64.81818181818181,63.0,11.191053097072126
48,K,158,143,142,172,144,145,171,172,170,172,153,158.36363636363637,158.0,12.686949108668735
49,K,42,72,71,58,78,65,49,48,51,49,55,58.0,55.0,11.241158141563366
50,N,13,2,2,3,3,10,6,5,3,5,3,5.0,3.0,3.3574882386580707
51,P,102,103,103,105,93,95,107,108,102,102,100,101.81818181818181,102.0,4.3236807093069505
52,Q,126,125,111,126,131,132,121,122,113,110,112,120.81818181818181,122.0,7.708533427527301
53,H,50,90,90,63,82,92,77,79,90,86,83,80.18181818181819,83.0,12.401013021803587
54,T,70,48,51,53,67,67,29,32,41,23,37,47.09090909090909,48.0,15.500466535234267
55,V,19,16,19,20,10,19,13,15,17,19,16,16.636363636363637,17.0,2.9317300902903813
56,P,9,2,1,1,2,3,2,2,2,2,2,2.5454545454545454,2.0,2.104697618689132
57,L,5,1,1,1,1,4,0,0,0,0,0,1.1818181818181819,1.0,1.6414063713879807
58,L,0,2,3,2,3,2,0,0,0,0,0,1.0909090909090908,0.0,1.2398346997259868
59,E,32,38,36,34,39,42,45,42,44,43,41,39.63636363636363,41.0,4.028821782938244
60,D,12,16,13,17,16,18,12,11,13,13,16,14.272727272727273,13.0,2.259964162664737
61,G,42,53,48,47,50,57,50,46,50,48,49,49.09090909090909,49.0,3.654500225862141
62,D,175,168,169,170,169,164,171,168,168,170,168,169.0909090909091,169.0,2.538952735230717
63,A,34,34,34,40,33,28,36,37,37,38,36,35.18181818181818,36.0,3.009626428590337
64,N,91,72,74,70,70,77,68,66,70,69,67,72.18181818181819,70.0,6.658121244945656
65,I,45,34,34,36,35,35,35,32,33,32,33,34.90909090909091,34.0,3.4233037061386784
66,A,15,17,20,25,30,21,25,26,22,28,20,22.636363636363637,22.0,4.395715419540576
67,D,86,78,68,70,83,85,70,70,65,60,69,73.0909090909091,70.0,8.19594739606156
68,S,1,15,15,6,10,11,4,5,7,4,7,7.7272727272727275,7.0,4.329411236287512
69,H,20,13,22,16,20,8,20,20,17,16,15,17.0,17.0,3.861229196653691
70,A,40,43,46,45,47,44,46,47,46,44,45,44.81818181818182,45.0,1.9455395053666087
71,I,0,0,0,0,0,0,0,0,0,0,0,0.0,0.0,0.0
72,M,3,0,0,0,0,0,0,0,0,0,0,0.2727272727272727,0.0,0.8624393618641036
73,A,32,13,13,14,15,12,16,16,15,15,15,16.0,15.0,5.2048928030180495
74,Y,68,65,72,55,73,72,59,63,62,63,66,65.27272727272727,65.0,5.428726773394041
75,L,0,0,0,0,0,0,0,0,0,0,0,0.0,0.0,0.0
76,V,5,2,7,7,1,1,6,7,5,6,6,4.818181818181818,6.0,2.2489667048823603
77,S,83,71,86,84,60,61,79,77,84,89,86,78.18181818181819,83.0,9.580455311045615
78,K,107,94,84,109,93,91,97,95,102,104,98,97.63636363636364,97.0,7.061711449432164
79,Y,42,39,36,38,46,38,49,45,52,46,50,43.72727272727273,45.0,5.206480386645947
80,G,26,24,27,27,23,24,25,25,25,26,26,25.272727272727273,25.0,1.212878551284212
81,K,207,202,203,206,202,207,201,198,192,194,197,200.8181818181818,202.0,4.8395751469840596
82,D,119,116,102,101,115,116,96,96,97,99,98,105.0,101.0,8.913727921276566
83,D,64,41,64,61,40,40,64,62,65,64,64,57.18181818181818,64.0,10.373201327706118
84,S,57,46,51,50,49,47,45,49,38,27,40,45.36363636363637,47.0,7.619027941729804
85,L,26,15,13,15,18,17,18,17,15,17,15,16.90909090909091,17.0,3.2320706972056685
86,Y,40,10,20,14,7,9,29,32,34,31,34,23.636363636363637,29.0,11.355997432456139
87,P,30,10,4,5,12,12,11,6,16,14,16,12.363636363636363,12.0,6.826056059124775
88,K,144,140,171,171,120,122,151,148,167,164,164,151.0909090909091,151.0,17.51599033327468
89,D,85,92,89,88,94,94,79,83,80,84,82,86.36363636363636,85.0,5.139379645491843
90,L,139,134,128,132,132,134,141,140,143,142,142,137.0,139.0,4.898979485566356
91,V,112,113,113,112,114,113,105,117,117,116,115,113.36363636363636,113.0,3.170108322575035
92,K,108,100,102,103,99,99,113,108,129,122,129,110.18181818181819,108.0,11.027388892440674
93,R,109,96,86,101,94,96,36,35,33,37,38,69.18181818181819,86.0,30.92753460420366
94,A,48,43,47,43,41,43,57,57,56,57,57,49.90909090909091,48.0,6.556808334638895
95,L,36,45,52,46,45,45,58,46,48,45,46,46.54545454545455,46.0,5.087661301684808
96,V,0,1,1,1,1,1,2,1,1,1,1,1.0,1.0,0.4264014327112209
97,D,59,32,27,34,39,32,36,37,26,26,26,34.0,32.0,9.105442927671938
98,N,93,96,102,94,93,96,79,83,77,74,77,87.63636363636364,93.0,9.305645669286685
99,R,48,50,10,50,41,49,29,26,24,23,24,34.0,29.0,13.375690296545105
100,M,21,4,5,6,4,2,10,9,4,4,4,6.636363636363637,4.0,5.068130859915039
101,Y,159,140,144,153,152,141,171,172,155,158,152,154.27272727272728,153.0,10.127289048460817
102,F,31,31,28,31,31,29,23,22,24,23,25,27.09090909090909,28.0,3.553603688307648
103,E,1,14,16,6,11,8,2,2,2,3,5,6.363636363636363,5.0,4.995866059648758
104,S,83,52,56,46,50,48,33,34,42,39,42,47.72727272727273,46.0,13.09469642184061
105,G,62,44,44,44,45,46,38,35,41,39,40,43.45454545454545,44.0,6.692786297929441
106,V,48,52,63,53,55,55,43,43,42,39,39,48.36363636363637,48.0,7.450109544926501
107,V,4,0,0,0,1,0,0,0,0,0,0,0.45454545454545453,0.0,1.157083823759805
108,F,30,62,65,59,65,53,45,45,36,37,40,48.81818181818182,45.0,11.998622510470122
109,A,24,15,15,18,15,14,49,50,50,49,48,31.545454545454547,24.0,16.32267600812182
110,N,33,80,79,93,78,80,61,64,57,61,64,68.18181818181819,64.0,15.402586452329611
111,A,4,1,2,2,2,2,0,0,0,0,0,1.1818181818181819,1.0,1.2662171161076472
112,L,69,2,2,2,2,2,2,2,2,1,2,8.0,2.0,19.292014362990148
113,R,89,126,124,126,121,127,127,128,131,125,133,123.36363636363636,126.0,11.291772767435809
114,S,6,17,17,23,20,21,24,22,26,21,25,20.181818181818183,21.0,5.271159641572445
115,L,11,0,0,0,0,0,0,0,0,0,0,1.0,0.0,3.1622776601683795
116,A,31,11,9,11,10,17,10,10,10,9,10,12.545454545454545,10.0,6.199173498629934
117,K,24,119,118,118,119,135,119,115,118,119,120,111.27272727272727,119.0,28.032743546499365
118,M,68,25,32,23,29,33,29,25,38,23,23,31.636363636363637,29.0,12.397013769986026
119,I,39,3,4,4,0,4,1,2,3,2,1,5.7272727272727275,3.0,10.60095115021554
120,L,49,40,42,27,21,35,23,29,40,39,36,34.63636363636363,36.0,8.260230321164034
121,F,185,94,95,108,100,121,106,108,115,119,114,115.0,108.0,23.737197506330556
122,L,109,93,95,91,92,72,106,102,100,102,101,96.63636363636364,100.0,9.556270928013017
123,G,62,41,40,53,63,75,48,58,58,55,53,55.09090909090909,55.0,9.577004138271155
124,K,172,108,116,136,99,85,110,108,114,105,111,114.9090909090909,110.0,21.50456418976529
125,T,40,72,73,58,77,77,88,76,79,87,86,73.9090909090909,77.0,13.392362446589715
126,E,82,109,113,120,100,89,120,122,120,115,122,110.18181818181819,115.0,13.306308700750535
127,V,62,0,0,1,1,0,0,0,0,0,0,5.818181818181818,0.0,17.77034394621956
128,P,93,51,49,52,40,39,47,48,49,47,43,50.72727272727273,48.0,13.955063656354014
129,Q,163,74,71,71,75,80,78,76,76,76,73,83.0,76.0,25.430833111152154
130,E,76,157,158,141,159,159,121,128,129,131,113,133.8181818181818,131.0,24.2105092951507
131,R,45,80,77,89,85,78,58,66,66,69,63,70.54545454545455,69.0,12.235296454881793
132,I,33,17,17,15,18,17,20,21,20,19,21,19.818181818181817,19.0,4.5490894557079296
133,D,65,78,74,75,76,76,76,74,77,77,76,74.9090909090909,76.0,3.3426866019727703
134,A,22,26,28,27,23,24,6,6,6,7,9,16.727272727272727,22.0,9.235218253963849
135,I,1,0,0,0,0,0,0,0,0,0,0,0.09090909090909091,0.0,0.2874797872880344
136,T,24,47,45,48,34,45,41,40,41,43,40,40.72727272727273,41.0,6.467975784107548
137,E,102,112,134,114,109,112,89,95,94,94,91,104.18181818181819,102.0,12.903968253766548
138,A,4,1,5,2,2,1,0,0,0,0,0,1.3636363636363635,1.0,1.6663911618021234
139,Y,12,2,1,0,1,1,0,0,0,0,1,1.6363636363636365,1.0,3.3377381364883307
140,D,55,83,82,85,64,86,72,73,69,68,70,73.36363636363636,72.0,9.286086633166724
141,F,103,96,109,102,95,99,86,86,82,82,85,93.18181818181819,95.0,8.993110310557256
142,V,3,0,0,0,0,0,0,0,0,0,0,0.2727272727272727,0.0,0.8624393618641036
143,E,18,30,29,32,26,28,28,31,29,28,30,28.09090909090909,29.0,3.553603688307648
144,A,36,65,68,67,67,65,67,62,59,60,61,61.54545454545455,65.0,8.616724080780209
145,F,58,35,40,35,31,35,35,33,30,38,29,36.27272727272727,35.0,7.544906880453247
146,F,9,1,1,1,3,3,4,4,4,3,4,3.3636363636363638,3.0,2.1436047495548354
147,K,121,127,128,128,136,123,150,148,154,150,151,137.8181818181818,136.0,12.253520323995815
148,D,129,119,116,117,128,117,137,160,157,157,158,135.9090909090909,129.0,17.753127998158757
149,Q,65,52,59,50,56,57,66,66,63,67,65,60.54545454545455,63.0,5.773979821163788
150,T,68,50,50,51,51,54,56,56,53,50,52,53.72727272727273,52.0,4.992556442816721
151,Y,30,47,56,47,50,48,45,45,39,39,39,44.09090909090909,45.0,6.653154350375267
152,V,6,0,0,0,0,0,0,0,0,0,0,0.5454545454545454,0.0,1.7248787237282073
153,A,2,9,10,8,7,6,8,10,11,10,10,8.272727272727273,9.0,2.4528613751330983
154,G,7,9,10,9,9,12,13,12,11,11,12,10.454545454545455,11.0,1.7248787237282068
155,N,125,116,118,119,113,112,110,115,110,114,111,114.81818181818181,114.0,4.323680709306951
156,Q,123,56,56,53,56,52,110,69,106,109,109,81.72727272727273,69.0,27.693421959640716
157,L,2,35,39,34,35,37,28,28,12,21,13,25.818181818181817,28.0,11.63707384196327
158,T,4,2,1,1,1,1,5,2,4,5,4,2.727272727272727,2.0,1.6006197146962735
159,I,0,0,0,0,0,0,0,0,0,0,0,0.0,0.0,0.0
160,A,2,1,0,2,0,1,0,0,0,0,0,0.5454545454545454,0.0,0.7820295697311479
161,D,0,0,0,0,0,0,0,0,0,0,0,0.0,0.0,0.0
162,F,7,6,2,3,2,2,1,0,1,0,0,2.1818181818181817,2.0,2.2489667048823603
163,S,1,3,7,4,3,1,0,0,1,0,0,1.8181818181818181,1.0,2.1242402628268953
164,L,6,4,0,5,1,5,0,0,0,0,0,1.9090909090909092,0.0,2.3914448069028915
165,I,5,1,1,0,1,0,1,1,1,1,1,1.1818181818181819,1.0,1.2662171161076472
166,S,0,0,0,0,0,0,0,0,1,0,1,0.18181818181818182,0.0,0.385694607919935
167,S,4,0,0,0,0,0,0,0,0,0,0,0.36363636363636365,0.0,1.1499191491521377
168,I,5,0,0,0,1,0,0,0,0,0,0,0.5454545454545454,0.0,1.437398936440173
169,S,44,20,14,20,17,14,17,18,17,16,16,19.363636363636363,17.0,8.01444976019425
170,S,14,0,0,0,0,0,0,0,0,0,0,1.2727272727272727,0.0,4.0247170220324815
171,L,6,0,0,0,0,0,0,0,0,0,0,0.5454545454545454,0.0,1.7248787237282073
172,V,74,47,43,56,48,47,50,48,52,53,53,51.90909090909091,50.0,7.798071386911761
173,A,79,6,7,0,0,0,12,10,0,13,14,12.818181818181818,7.0,21.590478464605148
174,F,51,21,22,18,18,17,24,24,21,25,22,23.90909090909091,22.0,8.92855017707034
175,V,15,23,21,20,23,25,26,26,24,24,23,22.727272727272727,23.0,3.0178532132177875
176,P,125,95,92,85,81,79,99,99,98,98,98,95.36363636363636,98.0,11.749450488293462
177,V,32,30,29,24,30,29,31,30,31,30,31,29.727272727272727,30.0,2.004127971368055
178,D,65,63,81,91,97,64,87,91,88,88,89,82.18181818181819,88.0,11.707170932367452
179,A,41,51,55,55,49,50,56,56,56,57,57,53.0,55.0,4.670993664969138
180,A,93,92,87,83,90,90,90,90,91,90,90,89.63636363636364,90.0,2.5324342322152944
181,K,158,135,149,158,118,135,113,109,104,106,107,126.54545454545455,118.0,20.232124035187375
182,Y,35,20,16,20,10,19,10,8,8,8,9,14.818181818181818,10.0,7.9751680725313845
183,P,97,72,73,69,69,71,71,71,71,70,71,73.18181818181819,71.0,7.613602442258216
184,K,79,95,97,94,102,92,93,91,89,90,87,91.72727272727273,92.0,5.609908589287822
185,L,3,0,0,0,0,0,0,0,0,0,0,0.2727272727272727,0.0,0.8624393618641036
186,S,51,15,19,9,14,13,14,16,15,15,15,17.818181818181817,15.0,10.734974123000374
187,A,31,33,36,36,34,35,46,46,43,46,45,39.18181818181818,36.0,5.701964283842444
188,W,0,0,0,0,0,0,0,0,0,0,0,0.0,0.0,0.0
189,I,39,32,26,17,20,21,25,27,27,27,27,26.181818181818183,27.0,5.653931565624077
190,K,132,134,122,127,130,131,134,135,134,132,136,131.54545454545453,132.0,3.8697812097805024
191,R,111,89,104,94,98,91,80,83,85,85,84,91.27272727272727,89.0,9.225369261798084
192,L,8,1,3,1,2,2,2,2,1,1,1,2.1818181818181817,2.0,1.9455395053666091
193,E,65,120,78,101,98,92,94,93,92,94,95,92.9090909090909,94.0,12.915491371038575
194,Q,157,170,147,151,155,149,152,153,155,150,150,153.54545454545453,152.0,5.913983988105671
195,L,37,44,35,39,40,40,32,34,30,28,31,35.45454545454545,35.0,4.755162483862552
196,P,92,92,110,88,108,106,127,126,125,130,127,111.9090909090909,110.0,15.287871279693023
197,Y,121,91,69,86,69,69,52,54,50,54,50,69.54545454545455,69.0,21.180452550593294
198,Y,15,11,33,9,24,26,17,18,19,20,20,19.272727272727273,19.0,6.4398039085181225
199,A,40,71,62,65,62,63,58,57,59,57,58,59.27272727272727,59.0,7.287485026847666
200,E,131,114,112,105,122,108,58,59,59,59,62,89.9090909090909,105.0,28.611677671425593
201,N,12,4,4,2,5,5,0,0,0,0,0,2.909090909090909,2.0,3.52792871126041
202,S,56,25,17,28,21,17,33,33,34,32,33,29.90909090909091,32.0,10.317280697535349
203,T,56,66,65,64,62,62,65,65,69,69,67,64.54545454545455,65.0,3.499704828167301
204,G,7,3,3,3,2,1,1,1,2,2,2,2.4545454545454546,2.0,1.6160353486028343
205,A,21,7,8,7,10,7,6,8,9,9,8,9.090909090909092,8.0,3.918593102227691
206,Q,142,123,126,128,129,126,131,135,133,130,132,130.45454545454547,130.0,4.924219114163944
207,Q,133,98,96,95,97,99,88,84,84,88,84,95.0909090909091,95.0,13.262760890790462
208,F,40,14,13,11,13,12,13,14,14,13,14,15.545454545454545,13.0,7.785343296729686
209,V,53,18,18,28,32,31,24,25,38,24,24,28.636363636363637,25.0,9.546753158418237
210,A,55,56,57,48,49,50,59,60,63,60,59,56.0,57.0,4.767312946227961
211,A,39,38,38,39,42,41,37,38,37,38,37,38.54545454545455,38.0,1.5587661999529316
212,V,16,0,0,0,0,0,1,0,0,0,1,1.6363636363636365,0.0,4.558164049716973
213,K,120,139,139,119,110,116,150,148,129,153,153,134.1818181818182,139.0,15.28408668469019
214,S,96,94,94,95,95,97,87,81,80,79,79,88.81818181818181,94.0,7.284082045094593
215,K,74,68,68,100,96,91,84,96,103,108,110,90.72727272727273,96.0,14.523278549787259
216,P,92,96,97,102,101,107,108,104,105,109,111,102.9090909090909,104.0,5.696163708298378
217,F,43,60,60,54,63,45,53,55,47,56,56,53.81818181818182,55.0,6.132153437832746
218,T,74,81,81,80,77,85,83,89,86,82,86,82.18181818181819,82.0,4.10804491916182
219,V,66,55,57,57,50,54,65,65,65,64,66,60.36363636363637,64.0,5.56405227203613
220,V,19,55,57,55,96,79,51,49,53,51,48,55.72727272727273,53.0,18.271144210032432
221,G,35,102,103,104,64,79,142,136,143,140,138,107.81818181818181,104.0,34.73488731368241
