Pos,Res,B7IE18_full_model_499613_1_dssp_acc_ACC,B7IE18_full_model_499613_2_dssp_acc_ACC,B7IE18_full_model_499613_3_dssp_acc_ACC,B7IE18_full_model_499613_4_dssp_acc_ACC,B7IE18_full_model_499613_5_dssp_acc_ACC,B7IE18_ranked_0_dssp_acc_ACC,B7IE18_ranked_1_dssp_acc_ACC,B7IE18_ranked_2_dssp_acc_ACC,B7IE18_ranked_3_dssp_acc_ACC,B7IE18_ranked_4_dssp_acc_ACC,mean,median,std
1,M,111,94,104,92,86,152,172,152,175,159,129.7,131.5,33.630492116530206
2,S,57,62,63,70,59,73,79,73,71,81,68.8,70.5,7.807688518377254
3,I,8,2,5,6,1,147,146,146,146,143,75.0,75.5,70.63002194534559
4,L,1,0,0,0,0,110,115,116,106,88,53.6,44.5,53.881722318426306
5,F,59,57,59,57,64,107,105,106,100,108,82.2,82.0,23.155129021450087
6,S,13,13,17,13,13,12,17,13,12,12,13.5,13.0,1.8027756377319946
7,S,2,2,4,3,2,61,58,59,60,61,31.2,31.0,28.6174771774173
8,I,8,13,12,9,18,82,85,82,84,66,45.9,42.0,34.34952692541776
9,L,47,45,43,46,49,42,45,42,45,42,44.6,45.0,2.2449944320643644
10,F,9,9,10,10,10,75,80,80,78,75,43.6,42.5,34.038801389003105
11,S,14,15,13,14,14,70,69,68,70,69,41.6,41.5,27.608694282779837
12,I,97,107,101,102,111,95,96,93,95,91,98.8,96.5,6.04648658313239
13,A,4,9,10,9,7,0,1,1,1,1,4.3,2.5,3.8223029707232783
14,T,11,13,13,12,14,39,39,43,42,41,26.7,26.5,14.16368596093545
15,F,101,98,97,96,102,129,111,105,128,116,108.3,103.5,11.713667231059622
16,F,99,104,103,105,102,103,103,98,98,99,101.4,102.5,2.4979991993593593
17,S,10,10,6,10,9,16,11,17,15,16,12.0,10.5,3.521363372331802
18,R,48,59,45,61,45,98,117,91,103,112,77.9,76.0,27.566102372297756
19,I,34,61,26,33,52,82,75,81,64,81,58.9,62.5,20.544829033116823
20,L,11,23,14,16,24,26,29,28,26,28,22.5,25.0,6.135959582656978
21,G,2,2,1,0,3,3,8,4,2,3,2.8,2.5,2.039607805437114
22,L,1,4,0,10,1,33,21,25,29,28,15.2,15.5,12.6
23,F,105,94,96,85,88,94,100,98,121,101,98.2,97.0,9.463614531456784
24,R,24,21,24,27,18,31,17,16,31,24,23.3,24.0,5.1000000000000005
25,D,0,0,0,0,0,4,2,1,9,4,2.0,0.5,2.792848008753788
26,V,16,14,14,17,13,30,23,26,36,32,22.1,20.0,8.043009387039158
27,L,11,9,20,12,5,9,10,10,23,10,11.9,10.0,5.146843692983109
28,F,0,0,1,0,0,0,0,0,0,0,0.1,0.0,0.30000000000000004
29,A,0,0,0,0,0,0,0,0,0,0,0.0,0.0,0.0
30,K,95,88,100,97,115,98,98,99,97,100,98.7,98.0,6.356886030125127
31,Y,93,82,87,87,69,64,64,60,63,65,73.4,67.0,11.757550765359255
32,F,20,20,22,22,21,24,24,24,22,14,21.3,22.0,2.8301943396169813
33,G,1,1,7,3,2,0,1,0,1,0,1.6,1.0,2.0099751242241783
34,V,30,32,25,38,29,29,29,28,28,28,29.6,29.0,3.261901286060018
35,S,27,30,26,25,23,21,21,22,20,22,23.7,22.5,3.034798181098704
36,Y,87,88,86,106,78,80,78,76,59,92,83.0,83.0,11.593101396951552
37,E,52,52,51,44,53,56,56,54,58,62,53.8,53.5,4.534313619501853
38,L,0,0,0,0,0,0,0,0,0,0,0.0,0.0,0.0
39,D,1,2,0,3,2,4,4,3,4,4,2.7,3.0,1.3453624047073711
40,A,0,0,0,0,0,0,0,0,0,0,0.0,0.0,0.0
41,Y,5,4,4,4,1,0,0,1,1,0,2.0,1.0,1.8973665961010275
42,F,11,5,9,10,7,7,7,8,13,7,8.4,7.5,2.244994432064365
43,I,1,0,0,1,0,0,1,0,0,0,0.3,0.0,0.45825756949558405
44,A,0,0,0,0,0,0,0,0,0,0,0.0,0.0,0.0
45,I,22,19,23,24,23,11,11,13,11,10,16.7,16.0,5.675385449465085
46,M,8,4,7,11,6,11,8,8,13,12,8.8,8.0,2.7129319932501073
47,F,18,16,11,12,14,30,36,33,27,25,22.2,21.5,8.669486720677297
48,P,0,0,0,0,0,0,0,1,0,0,0.1,0.0,0.30000000000000004
49,F,72,75,69,71,59,61,46,42,68,49,61.2,64.5,11.240996397117117
50,F,4,9,5,6,6,25,16,15,28,28,14.2,12.0,9.228217596047463
51,L,19,18,21,21,19,10,8,6,7,5,13.4,14.0,6.374950980203691
52,R,84,77,89,73,88,52,32,36,56,41,62.8,64.5,20.932271735289508
53,K,38,48,48,51,46,59,67,69,50,43,51.9,49.0,9.554580053565934
54,V,1,1,1,1,1,0,0,0,1,1,0.7,1.0,0.45825756949558394
55,F,4,5,5,5,4,16,9,8,5,6,6.7,5.0,3.4655446902326914
56,G,3,12,5,8,5,29,44,42,15,13,17.6,12.5,14.506550244630871
57,E,37,38,21,23,17,92,91,89,115,113,63.6,63.5,37.79206265871182
58,G,0,3,0,0,0,6,11,18,11,10,5.9,4.5,6.024118192731613
59,A,3,2,0,0,0,0,0,0,0,0,0.5,0.0,1.02469507659596
60,M,0,2,1,0,0,0,1,1,0,0,0.5,0.0,0.6708203932499369
61,S,1,5,2,2,1,25,27,16,17,20,11.6,10.5,9.941830817309254
62,S,2,0,2,1,2,65,50,50,67,67,30.6,26.0,29.75298304372185
63,A,0,0,0,0,0,1,1,0,1,1,0.4,0.0,0.4898979485566356
64,F,0,1,0,0,1,0,0,0,0,0,0.2,0.0,0.4000000000000001
65,V,0,0,0,0,0,39,37,36,40,36,18.8,18.0,18.835073665903195
66,P,0,0,0,0,0,56,61,57,55,59,28.8,27.5,28.84024965217881
67,L,16,19,18,17,27,10,10,9,8,12,14.6,14.0,5.624944444170094
68,Y,0,4,0,1,3,3,3,6,2,1,2.3,2.5,1.7916472867168918
69,S,23,31,24,21,30,67,67,68,69,67,46.7,49.0,21.09526013112898
70,E,103,105,115,110,72,144,149,150,141,146,123.5,128.0,25.008998380582938
71,K,54,64,57,54,64,69,65,32,66,63,58.8,63.5,10.166612021711067
72,S,87,86,88,86,92,95,96,96,98,97,92.1,93.5,4.635730794599704
73,G,61,57,59,58,58,54,56,56,57,55,57.1,57.0,1.9209372712298547
74,E,135,136,138,152,144,101,99,97,94,99,119.5,118.0,22.0238507078122
75,E,56,46,63,73,88,61,60,74,71,61,65.3,62.0,11.00954131651269
76,K,56,73,48,56,39,46,48,51,48,47,51.2,48.0,8.63481325796916
77,D,31,37,28,40,35,22,26,23,28,27,29.7,28.0,5.657738063926255
78,K,77,71,69,72,89,57,65,66,59,67,69.2,68.0,8.657944328765346
79,F,1,0,0,2,14,3,3,0,3,3,2.9,2.5,3.91024295920343
80,L,0,0,0,0,1,3,2,2,3,3,1.4,1.5,1.2806248474865698
81,S,1,0,0,0,0,4,5,4,4,4,2.2,2.5,2.039607805437114
82,S,0,0,0,0,0,0,0,0,0,0,0.0,0.0,0.0
83,V,0,1,0,0,0,0,0,0,0,0,0.1,0.0,0.30000000000000004
84,I,30,31,27,22,32,20,20,21,21,20,24.4,21.5,4.758150901348127
85,N,38,31,23,37,36,17,15,17,18,14,24.6,20.5,9.329523031752482
86,G,6,9,10,8,9,2,1,2,2,1,5.0,4.0,3.5496478698597698
87,F,4,1,5,5,7,8,7,8,9,5,5.9,6.0,2.2561028345356955
88,S,8,14,12,9,9,25,30,29,17,15,16.8,14.5,7.896834808959853
89,L,112,118,113,113,109,112,108,109,114,116,112.4,112.5,3.006659275674582
90,I,73,62,73,73,74,70,68,68,69,70,70.0,70.0,3.40587727318528
91,I,1,0,2,1,1,5,3,3,2,1,1.9,1.5,1.374772708486752
92,L,71,81,70,70,70,102,99,103,95,91,85.2,86.0,13.533661736573734
93,A,42,47,44,44,44,58,57,59,57,56,50.8,51.5,6.734983296193095
94,L,48,41,45,48,47,50,44,45,48,45,46.1,46.0,2.467792535850613
95,V,25,10,9,10,23,32,38,41,22,22,23.2,22.5,10.814804667676622
96,I,87,79,77,76,85,80,82,83,95,94,83.8,82.5,6.241794613730893
97,L,90,90,84,87,88,66,68,68,63,65,76.9,76.0,11.09459327780879
98,S,0,0,1,0,1,0,0,1,0,0,0.3,0.0,0.45825756949558394
99,Y,151,110,109,109,150,146,150,151,110,107,129.3,128.0,20.35706265648362
100,F,128,141,140,141,127,130,135,133,152,151,137.8,137.5,8.4
101,F,121,106,118,118,120,119,122,113,129,114,118.0,118.5,5.796550698475776
102,P,7,8,11,9,9,13,22,15,25,15,13.4,12.0,5.7306195127577615
103,E,106,104,89,70,108,77,106,73,92,82,90.7,90.5,13.978912690191608
104,L,104,116,95,98,100,97,99,101,110,106,102.6,100.5,6.16765757804371
105,I,23,23,23,24,24,4,10,15,4,8,15.8,19.0,8.14616474176652
106,I,3,2,2,2,2,1,1,0,0,1,1.4,1.5,0.9165151389911681
107,N,75,71,77,80,73,76,65,71,55,75,71.8,74.0,6.80881781221968
108,L,92,87,81,85,81,98,103,84,90,88,88.9,87.5,6.7889616289974715
109,F,18,8,23,20,20,7,8,2,3,2,11.1,8.0,7.841555968046137
110,G,0,0,5,7,0,0,0,0,0,0,1.2,0.0,2.4413111231467406
111,A,29,33,34,40,29,26,28,28,31,28,30.6,29.0,3.9038442591886273
112,G,24,25,36,28,26,22,24,21,23,23,25.2,24.0,4.069397989875161
113,S,11,13,6,8,12,9,12,12,12,10,10.5,11.5,2.1095023109728985
114,S,31,34,51,57,57,32,33,34,36,29,39.4,34.0,10.480458005259122
115,H,147,147,142,173,151,142,147,146,152,136,148.3,147.0,9.33862944976403
116,E,107,117,87,80,100,100,102,101,86,97,97.7,100.0,10.315522284402277
117,T,0,0,0,2,1,2,2,3,2,3,1.5,2.0,1.118033988749895
118,K,57,55,66,41,56,50,48,45,34,52,50.4,51.0,8.56971411425142
119,I,66,71,70,94,66,71,72,71,74,70,72.5,71.0,7.5398938984577235
120,L,40,25,41,31,40,28,29,29,29,27,31.9,29.0,5.717516943569121
121,A,0,0,0,0,0,0,0,0,0,0,0.0,0.0,0.0
122,K,73,69,69,55,72,60,57,62,49,63,62.9,62.5,7.475961476626267
123,K,124,132,129,121,125,136,133,136,136,134,130.6,132.5,5.257375771237966
124,L,1,0,2,0,3,1,1,1,1,1,1.1,1.0,0.8306623862918073
125,L,0,0,0,0,0,1,1,1,0,0,0.3,0.0,0.45825756949558394
126,L,59,57,59,58,58,66,69,74,55,58,61.3,58.5,5.866003750424986
127,I,49,51,52,48,49,47,47,45,44,46,47.8,47.5,2.4
128,T,0,0,0,0,0,0,0,0,0,0,0.0,0.0,0.0
129,S,2,0,0,0,2,4,4,2,0,0,1.4,1.0,1.562049935181331
130,P,48,29,29,28,46,50,47,49,38,39,40.3,42.5,8.485870609430714
131,S,0,0,0,0,0,0,0,0,0,0,0.0,0.0,0.0
132,I,3,0,4,3,3,1,1,1,0,0,1.6,1.0,1.42828568570857
133,Y,58,65,57,57,57,80,80,78,72,68,67.2,66.5,9.325234581499814
134,F,43,39,42,42,41,43,42,43,42,46,42.3,42.0,1.676305461424021
135,I,14,8,14,6,14,1,1,1,2,1,6.2,4.0,5.582114294781145
136,F,1,0,1,1,1,0,10,11,6,0,3.1,1.0,4.060788100849391
137,L,16,8,12,13,13,14,14,14,18,14,13.6,14.0,2.4576411454889016
138,W,6,23,8,8,8,7,8,7,10,12,9.7,8.0,4.71274866717927
139,A,0,1,0,0,0,3,3,2,1,1,1.1,1.0,1.1357816691600546
140,I,2,1,0,1,1,0,1,1,2,0,0.9,1.0,0.7000000000000001
141,S,6,3,4,6,6,0,0,0,0,0,2.5,1.5,2.6551836094703507
142,Y,8,10,8,6,7,30,32,29,30,28,18.8,19.0,11.079711187571633
143,S,0,0,0,1,0,1,2,0,1,0,0.5,0.0,0.6708203932499369
144,I,0,0,0,1,2,1,3,3,1,0,1.1,1.0,1.1357816691600546
145,L,9,6,13,14,10,21,24,23,20,21,16.1,17.0,6.139218191268331
146,N,2,3,2,2,1,27,27,28,26,24,14.2,13.5,12.245815611873306
147,T,6,4,3,5,6,29,30,32,26,29,17.0,16.0,12.30447073221762
148,N,56,61,49,53,58,85,87,90,84,69,69.2,65.0,15.018655066283399
149,N,83,84,89,68,54,112,117,118,112,106,94.3,97.5,21.01927686672403
150,K,136,129,139,139,125,114,125,114,115,118,125.4,125.0,9.58331884056875
151,F,2,3,4,3,3,63,64,64,64,63,33.3,33.5,30.30528006800135
152,F,97,86,84,84,97,54,59,56,52,58,72.7,71.5,17.5331115321839
153,W,146,148,145,147,123,165,175,168,153,163,153.3,150.5,14.234113952051949
154,P,1,1,0,1,0,0,0,0,0,0,0.3,0.0,0.45825756949558405
155,A,2,2,1,2,2,8,7,7,7,5,4.3,3.5,2.6095976701399777
156,L,43,46,45,44,57,39,37,40,45,39,43.5,43.5,5.371219600798314
157,T,6,5,5,5,3,2,2,2,1,3,3.4,3.0,1.624807680927192
158,P,14,31,16,17,14,26,30,28,22,26,22.4,24.0,6.327716807822551
159,S,17,20,22,18,17,4,4,3,3,3,11.1,10.5,7.8287930104199335
160,I,42,42,40,40,42,46,46,48,47,48,44.1,44.0,3.047950130825634
161,S,12,5,10,3,9,10,1,0,11,1,6.2,7.0,4.445222154178573
162,N,13,17,14,13,29,14,8,8,15,12,14.3,13.5,5.586591089385369
163,I,71,71,72,70,72,74,76,74,73,73,72.6,72.5,1.6852299546352716
164,T,24,24,22,22,22,15,14,14,16,16,18.9,19.0,4.011234224026317
165,I,2,2,2,2,6,1,1,1,1,1,1.9,1.5,1.4456832294800956
166,I,21,26,24,22,13,14,14,13,23,14,18.4,17.5,4.963869458396343
167,I,95,95,94,95,92,92,92,95,95,96,94.1,95.0,1.445683229480096
168,G,6,5,5,5,5,4,5,6,5,5,5.1,5.0,0.5385164807134504
169,T,0,0,0,0,0,0,0,0,0,0,0.0,0.0,0.0
170,F,99,118,93,96,86,93,93,99,103,95,97.5,95.5,8.10246875958186
171,L,63,50,69,67,68,90,89,89,87,89,76.1,78.0,13.64880947189168
172,S,11,11,11,11,11,10,11,10,11,10,10.7,11.0,0.45825756949558405
173,T,96,85,96,96,95,110,116,119,112,118,104.3,103.0,11.393419153177856
174,K,153,150,151,152,151,151,154,154,154,154,152.4,152.5,1.4966629547095762
175,Y,145,145,155,154,154,125,124,123,122,127,137.4,136.0,13.646977687385585
176,G,21,20,23,21,21,31,31,28,30,25,25.1,24.0,4.27668095606862
177,I,4,3,7,4,6,9,10,10,9,5,6.7,6.5,2.5317977802344327
178,I,68,72,63,67,69,79,80,81,81,79,73.9,75.5,6.472248450113763
179,S,9,12,9,11,10,10,10,9,9,9,9.8,9.5,0.9797958971132713
180,P,0,0,0,0,0,0,0,0,0,0,0.0,0.0,0.0
181,T,0,0,0,0,0,0,0,0,0,0,0.0,0.0,0.0
182,I,75,71,74,70,70,73,73,73,75,74,72.8,73.0,1.7776388834631178
183,G,4,3,3,4,4,4,5,5,4,5,4.1,4.0,0.7
184,F,22,10,21,14,20,5,4,3,8,4,11.1,9.0,7.2034713853808015
185,L,33,31,31,31,31,33,33,32,31,33,31.9,31.5,0.9433981132056604
186,I,75,77,75,77,74,75,76,76,75,77,75.7,75.5,1.004987562112089
187,G,0,0,0,0,0,0,0,0,0,0,0.0,0.0,0.0
188,S,4,1,5,1,5,1,1,1,3,1,2.3,1.0,1.676305461424021
189,I,40,40,38,39,39,41,42,43,43,43,40.8,40.5,1.7776388834631176
190,L,65,66,64,64,65,76,75,74,75,76,70.0,70.0,5.253570214625479
191,M,13,12,11,5,13,1,2,1,2,0,6.0,3.5,5.272570530585627
192,F,36,35,36,36,37,14,14,14,13,13,24.8,24.5,11.214276615100948
193,F,104,105,107,108,109,107,103,106,105,104,105.8,105.5,1.8330302779823362
194,S,46,43,44,43,35,61,60,61,62,62,51.7,53.0,9.879777325425913
195,I,0,1,1,1,0,11,9,9,10,10,5.2,5.0,4.64327470649756
196,I,45,41,42,41,42,33,36,35,34,33,38.2,38.5,4.214261501141095
197,K,164,171,167,164,166,155,156,156,153,167,161.9,164.0,5.974110812497538
198,S,45,47,35,36,23,10,10,11,12,6,23.5,17.5,15.041608956491324
199,I,1,4,1,1,2,23,24,23,22,22,12.3,13.0,10.545615202537972
200,I,106,83,103,111,102,112,114,112,110,114,106.7,110.5,8.888756943465156
201,K,183,142,178,179,177,169,173,169,167,128,166.5,171.0,16.75857989210303
202,H,41,14,37,37,36,45,44,39,44,30,36.7,38.0,8.718371407550839
203,K,114,131,126,143,127,143,131,143,132,132,132.2,131.5,8.657944328765344
204,Y,82,157,84,74,74,141,141,144,134,136,116.7,135.0,31.846663875514494
205,Y,158,138,142,143,154,62,43,59,45,44,98.8,100.0,48.844242240002046
206,F,144,149,149,144,143,184,185,186,184,186,165.4,166.5,19.698730923589977
207,T,36,30,39,22,35,37,36,36,37,36,34.4,36.0,4.673328578219169
208,I,97,106,100,95,93,91,92,90,92,95,95.1,94.0,4.6141087980237305
209,K,127,116,125,154,145,145,159,159,162,156,144.8,149.5,15.644807445283563
210,H,17,13,16,26,19,19,21,21,22,21,19.5,20.0,3.4132096331752027
211,F,21,37,32,38,35,20,20,18,20,21,26.2,21.0,7.769169839822013
212,P,69,70,67,63,65,77,75,76,78,86,72.6,72.5,6.681317235396026
213,H,105,110,108,109,111,102,103,106,102,109,106.5,107.0,3.2015621187164243
214,F,0,0,0,0,2,0,0,0,0,0,0.2,0.0,0.6000000000000001
215,L,60,70,63,58,69,50,46,50,51,47,56.4,54.5,8.42852300228219
216,K,167,166,164,163,168,159,160,165,161,164,163.7,164.0,2.830194339616981
217,L,21,20,21,21,22,68,74,75,64,68,45.4,43.0,24.577225229874916
218,F,1,6,1,1,2,7,8,7,6,5,4.4,5.5,2.6907248094147422
219,F,117,112,108,107,108,112,115,117,112,119,112.7,112.0,4.001249804748512
220,P,21,30,30,28,29,73,73,73,73,74,50.4,51.5,22.926840166058646
221,T,3,1,1,1,2,37,44,34,35,37,19.5,18.5,18.078993334807112
222,F,62,55,61,58,59,36,31,31,34,33,46.0,45.5,13.183322798141598
223,M,42,44,46,46,47,72,66,65,68,69,56.5,56.0,11.69829047339824
224,T,11,4,10,9,10,95,95,95,92,94,51.5,51.5,42.74400542766202
225,M,31,16,35,23,36,37,32,46,42,43,34.1,35.5,8.722958213817146
226,V,25,21,23,20,22,39,31,31,37,35,28.4,28.0,6.711184694225007
227,V,26,23,25,24,25,94,94,98,93,92,59.4,59.0,34.83733629312092
228,S,26,14,37,38,36,66,73,68,66,69,49.3,52.0,20.253641647861752
229,Q,28,30,32,31,32,11,21,14,17,23,23.9,25.5,7.462573282722254
230,I,88,87,86,86,86,71,58,59,70,68,75.9,78.5,11.414464507807628
231,N,10,9,9,10,9,31,27,30,26,30,19.1,18.0,9.802550688468793
232,T,26,34,40,41,40,51,40,35,50,45,40.2,40.0,7.096477999684069
233,V,22,16,23,21,24,27,20,13,20,16,20.2,20.5,3.994996871087636
234,V,30,32,32,31,32,28,28,28,30,27,29.8,30.0,1.8330302779823362
235,D,9,10,8,8,7,20,19,20,15,17,13.3,12.5,5.139066063011838
236,M,5,6,7,16,5,5,2,2,2,1,5.1,5.0,4.109744517606903
237,N,32,32,37,31,33,30,33,32,28,28,31.6,32.0,2.4979991993593593
238,V,19,23,33,22,24,11,11,10,12,11,17.6,15.5,7.405403432629448
239,V,0,0,0,0,0,0,0,0,0,0,0.0,0.0,0.0
240,S,6,7,2,9,6,7,7,5,6,7,6.2,6.5,1.7204650534085253
241,F,137,142,143,146,139,112,108,110,113,110,126.0,125.0,15.607690412101336
242,Y,75,80,80,71,71,115,98,118,98,98,90.4,89.0,16.572265988693278
243,D,97,96,100,92,80,106,102,107,108,109,99.7,101.0,8.497646733066748
244,K,107,106,85,101,115,104,113,101,117,125,107.4,106.5,10.43264108459598
245,G,6,4,8,5,3,1,0,0,0,0,2.7,2.0,2.7946377224964243
246,S,8,5,4,4,7,3,2,3,2,2,4.0,3.5,2.0
247,I,2,0,0,2,0,1,1,1,0,1,0.8,1.0,0.7483314773547883
248,S,0,0,0,0,0,0,0,0,0,0,0.0,0.0,0.0
249,Y,22,22,27,21,24,24,28,26,28,28,25.0,25.0,2.6076809620810595
250,L,0,0,0,1,0,6,6,5,7,5,3.0,3.0,2.8635642126552705
251,Q,35,34,36,42,28,56,31,32,58,43,39.5,35.5,9.78008179924892
252,Y,0,0,0,0,0,1,1,0,2,1,0.5,0.0,0.6708203932499369
253,A,0,0,0,0,0,0,0,0,0,0,0.0,0.0,0.0
254,S,20,23,20,25,23,17,14,14,17,14,18.7,18.5,3.9
255,R,36,36,41,31,47,61,61,57,65,57,49.2,52.0,11.838918869558993
256,F,11,11,10,14,0,15,12,14,11,11,10.9,11.0,3.9610604640676716
257,Y,22,17,19,22,23,31,11,13,35,38,23.1,22.0,8.5492689745966
258,L,32,31,31,29,22,72,70,65,70,64,48.6,48.0,19.890701345100933
259,L,22,22,21,42,25,63,55,52,67,59,42.8,47.0,17.741476826916074
260,P,5,5,6,10,4,15,14,14,13,14,10.0,11.5,4.2895221179054435
261,Y,37,28,31,25,29,52,50,51,52,54,40.9,43.5,11.3
262,G,0,0,0,0,0,13,11,10,11,13,5.8,5.0,5.861740355901138
263,L,17,15,18,17,15,96,89,86,97,93,54.3,52.0,38.02380833109698
264,F,34,35,33,35,35,44,47,39,50,42,39.4,37.0,5.71314274283428
265,A,0,0,1,1,0,0,0,0,0,0,0.2,0.0,0.4000000000000001
266,V,11,16,14,11,11,55,57,41,44,44,30.4,28.5,18.440173534975205
267,S,0,0,0,0,0,57,58,50,57,57,27.9,25.0,27.97659736279593
268,V,4,3,4,3,3,21,20,21,17,21,11.7,10.5,8.379140767405689
269,S,1,1,0,0,0,3,3,0,0,0,0.8,0.0,1.1661903789690604
270,T,2,9,3,1,1,70,80,60,62,64,35.2,34.5,32.47398959167167
271,V,3,3,3,0,0,81,78,82,81,80,41.1,40.5,39.32543706050831
272,V,0,0,0,0,0,3,3,3,4,4,1.7,1.5,1.7349351572897473
273,L,1,5,2,1,1,47,49,51,50,50,25.7,26.0,23.744683615495912
274,S,1,1,0,0,0,70,68,66,68,67,34.1,33.5,33.71483353065828
275,K,57,66,71,50,55,92,89,88,93,93,75.4,79.5,16.572265988693278
276,I,0,0,0,0,0,0,0,0,0,0,0.0,0.0,0.0
277,S,0,0,1,1,2,42,46,44,45,46,22.7,22.0,21.931940178652685
278,N,76,79,80,86,88,146,137,146,149,148,113.5,112.5,32.00078124046349
279,D,63,35,25,38,52,52,51,51,52,50,46.9,51.0,10.396634070698072
280,R,104,110,75,110,116,122,122,121,122,118,112.0,117.0,13.689411966918083
281,K,172,204,172,170,203,201,202,202,202,201,192.9,201.5,14.152384958020328
282,N,108,79,64,63,76,81,83,80,81,83,79.8,80.5,11.685888926393234
283,F,26,26,28,25,27,28,27,27,24,24,26.2,26.5,1.4
284,N,84,83,91,90,90,78,74,75,64,67,79.6,80.5,9.13454979733539
285,Y,135,127,116,108,116,140,136,138,133,135,128.4,134.0,10.575443253121827
286,H,21,14,12,22,21,25,27,25,25,26,21.8,23.5,4.833218389437829
287,L,0,0,0,0,0,0,0,0,0,0,0.0,0.0,0.0
288,N,41,40,42,44,45,39,47,38,52,48,43.6,43.0,4.223742416388575
289,D,11,7,5,7,4,20,24,17,16,15,12.6,13.0,6.468384651518492
290,A,0,0,0,0,0,7,7,7,6,7,3.4,3.0,3.411744421846396
291,L,0,0,0,0,0,0,0,0,0,0,0.0,0.0,0.0
292,K,36,42,42,44,48,44,43,44,42,41,42.6,42.5,2.8705400188814645
293,T,4,3,4,5,3,27,25,20,12,22,12.5,8.5,9.457801012920498
294,T,0,0,0,0,0,0,0,0,0,0,0.0,0.0,0.0
295,L,0,2,1,0,1,0,0,0,0,0,0.4,0.0,0.66332495807108
296,F,4,6,4,4,8,4,7,4,5,4,5.0,4.0,1.4142135623730951
297,F,35,36,38,37,38,30,36,33,32,31,34.6,35.5,2.7640549922170505
298,T,0,0,1,1,0,0,0,0,0,0,0.2,0.0,0.4000000000000001
299,I,4,7,5,4,6,6,7,8,6,5,5.8,6.0,1.2489995996796797
300,P,15,8,13,16,17,14,15,14,14,13,13.9,14.0,2.3
301,S,31,32,33,36,33,27,27,27,28,26,30.0,29.5,3.255764119219941
302,M,29,33,32,30,29,35,35,35,34,35,32.7,33.5,2.41039415863879
303,V,25,6,20,18,25,21,20,19,18,19,19.1,19.5,4.988987873306568
304,G,15,15,14,15,15,14,14,14,14,14,14.4,14.0,0.4898979485566356
305,L,11,7,10,16,17,20,21,23,21,22,16.8,18.5,5.362835071116769
306,I,44,30,41,39,44,52,51,51,52,49,45.3,46.5,6.812488532100439
307,F,64,87,68,69,40,63,60,56,61,60,62.8,62.0,11.124747188138704
308,L,5,2,1,4,8,3,3,3,3,3,3.5,3.0,1.8027756377319946
309,S,1,2,1,1,1,1,4,4,3,4,2.2,1.5,1.3266499161421599
310,T,36,36,36,36,37,41,40,38,38,44,38.2,37.5,2.5612496949731396
311,P,21,28,24,29,33,39,34,33,40,38,31.9,33.0,6.040695324215582
312,I,12,10,13,21,20,10,12,12,11,10,13.1,12.0,3.8327535793473597
313,I,0,0,0,0,0,0,0,0,0,0,0.0,0.0,0.0
314,R,100,108,88,94,99,95,97,98,93,95,96.7,96.0,4.980963762164909
315,F,53,53,32,42,43,47,58,65,47,46,48.6,47.0,8.708616422830897
316,F,34,57,36,57,53,52,60,60,52,51,51.2,52.5,8.681013765684282
317,Y,0,0,1,0,0,1,0,0,1,1,0.4,0.0,0.4898979485566356
318,E,67,65,76,62,67,45,47,46,42,54,57.1,58.0,11.175419455215092
319,H,69,86,82,89,95,81,87,87,85,86,84.7,86.0,6.372597586541928
320,G,67,68,37,77,37,69,71,72,68,69,63.5,68.5,13.522203962372405
321,A,52,52,61,40,59,48,47,46,47,47,49.9,47.5,5.974110812497538
322,F,14,15,6,13,17,4,4,5,4,4,8.6,5.5,5.141984052872976
323,T,70,70,92,78,71,68,67,68,68,64,71.6,69.0,7.6183987818963645
324,S,77,72,74,71,75,68,70,71,69,83,73.0,71.5,4.242640687119285
325,K,148,149,148,155,149,147,150,149,146,146,148.7,148.5,2.4515301344262523
326,D,16,14,18,17,19,13,13,12,14,13,14.9,14.0,2.3
327,T,0,0,0,0,0,1,1,1,1,2,0.6,0.5,0.66332495807108
328,L,77,74,71,80,71,94,97,94,91,89,83.8,84.5,9.724196624914574
329,I,45,45,38,38,41,45,48,45,47,44,43.6,45.0,3.2924155266308657
330,T,0,0,1,0,0,0,0,0,0,0,0.1,0.0,0.30000000000000004
331,S,1,3,2,6,2,4,2,3,4,2,2.9,2.5,1.374772708486752
332,K,127,131,131,131,127,120,129,123,125,104,124.8,127.0,7.756287771866126
333,I,0,0,0,0,0,0,0,0,0,0,0.0,0.0,0.0
334,L,0,0,0,0,0,0,0,0,0,0,0.0,0.0,0.0
335,I,52,52,51,54,54,55,53,52,53,54,53.0,53.0,1.1832159566199232
336,A,2,3,3,3,3,3,3,3,3,4,3.0,3.0,0.4472135954999579
337,Y,20,17,16,19,19,11,12,13,8,9,14.4,14.5,4.1521078984053394
338,T,0,0,0,0,0,0,0,0,0,0,0.0,0.0,0.0
339,L,77,86,85,82,78,73,74,73,72,73,77.3,75.5,5.020956084253277
340,G,0,0,0,0,0,0,0,0,1,1,0.2,0.0,0.4
341,L,0,0,1,1,0,0,0,0,1,2,0.5,0.0,0.6708203932499369
342,P,2,6,4,3,3,7,6,5,5,5,4.6,5.0,1.4966629547095764
343,F,44,49,45,44,47,65,66,66,59,60,54.5,54.0,9.069178573608527
344,Y,33,29,31,36,32,33,27,25,37,34,31.7,32.5,3.606937759374287
345,G,0,0,0,0,0,0,0,0,0,0,0.0,0.0,0.0
346,I,7,5,7,7,8,6,5,6,4,4,5.9,6.0,1.3
347,Y,24,19,28,28,30,31,30,30,31,31,28.2,30.0,3.6823905279043943
348,S,13,4,8,2,8,13,12,9,10,11,9.0,9.5,3.492849839314596
349,T,0,0,0,0,0,0,0,0,0,0,0.0,0.0,0.0
350,I,0,0,0,0,1,0,0,0,0,0,0.1,0.0,0.30000000000000004
351,S,13,4,13,6,13,16,14,15,15,14,12.3,13.5,3.7960505792204615
352,R,27,17,8,10,9,114,118,76,96,92,56.7,51.5,44.14759336589029
353,S,0,0,0,0,0,0,0,0,0,0,0.0,0.0,0.0
354,Y,14,13,15,13,34,20,19,20,18,18,18.4,18.0,5.817215828899596
355,H,6,4,6,4,7,70,69,87,84,84,42.1,38.0,37.10916328886977
356,A,0,0,0,0,0,2,2,2,3,3,1.2,1.0,1.2489995996796797
357,I,62,56,61,61,43,61,60,62,58,57,58.1,60.5,5.412023651093923
358,K,98,93,99,100,82,160,159,161,158,157,126.7,128.5,32.65593361090753
359,N,55,54,55,54,75,48,52,49,51,52,54.5,53.0,7.200694410957877
360,T,11,16,14,14,20,93,93,91,90,92,53.4,55.0,38.46608896157757
361,K,145,149,146,148,152,150,150,148,149,151,148.8,149.0,2.0396078054371136
362,T,24,21,23,24,22,19,18,18,19,17,20.5,20.0,2.5
363,P,1,0,0,0,1,4,5,5,3,4,2.3,2.0,2.0024984394500787
364,F,51,64,61,60,63,143,141,141,141,139,100.4,101.5,40.74113400483594
365,I,61,56,57,56,53,54,55,53,56,54,55.5,55.5,2.247220505424423
366,A,0,0,0,0,0,0,0,0,0,0,0.0,0.0,0.0
367,A,0,0,0,0,0,40,41,43,40,41,20.5,20.0,20.514628926695213
368,T,43,33,34,33,34,55,57,54,55,56,45.4,48.5,10.384603988597735
369,I,54,50,53,55,52,55,48,52,50,49,51.8,52.0,2.3579652245103193
370,V,6,5,6,6,6,7,8,9,7,6,6.6,6.0,1.1135528725660042
371,S,3,1,2,2,3,25,22,23,21,21,12.3,12.0,10.169070754006976
372,L,95,97,96,95,99,99,98,97,96,97,96.9,97.0,1.3747727084867518
373,S,27,27,28,29,27,17,24,15,25,26,24.5,26.5,4.4777226354476225
374,N,5,5,4,4,5,1,2,2,2,1,3.1,3.0,1.57797338380595
375,I,38,39,37,39,38,39,41,39,38,41,38.9,39.0,1.2206555615733703
376,I,104,104,101,106,107,98,95,98,94,96,100.3,99.5,4.495553358597805
377,L,28,29,34,30,29,26,27,25,27,28,28.3,28.0,2.3685438564654024
378,D,0,0,0,0,0,0,0,0,0,0,0.0,0.0,0.0
379,I,78,74,77,77,74,87,90,88,87,85,81.7,81.5,5.933801479658718
380,I,74,76,75,74,75,92,92,94,95,96,84.3,84.0,9.581753492967767
381,F,46,45,33,44,44,54,59,61,58,55,49.9,50.0,8.41961994391671
382,G,1,0,6,0,1,0,0,0,0,0,0.8,0.0,1.7776388834631178
383,L,125,128,148,128,127,86,85,83,85,89,108.4,107.0,23.614402384985315
384,K,146,149,153,145,149,136,136,138,136,134,142.2,141.5,6.569627082262737
385,Y,132,132,117,130,129,109,114,111,111,110,119.5,115.5,9.457801012920498
386,G,18,12,32,17,17,0,0,0,0,0,9.6,6.0,10.71634265969505
387,P,18,19,12,15,18,7,8,6,7,7,11.7,10.0,5.060632371551998
388,I,44,48,41,41,44,52,51,53,51,52,47.7,49.5,4.517742799230607
389,G,0,0,0,0,0,0,0,0,0,0,0.0,0.0,0.0
390,V,0,0,0,0,0,0,0,0,0,0,0.0,0.0,0.0
391,A,0,0,0,0,0,0,0,0,0,0,0.0,0.0,0.0
392,L,49,51,48,48,50,57,57,56,55,56,52.7,53.0,3.63455636907725
393,A,0,0,0,0,0,0,0,0,0,0,0.0,0.0,0.0
394,T,13,19,18,14,22,9,13,13,9,10,14.0,13.0,4.171330722922842
395,S,6,8,8,7,5,3,4,4,3,4,5.2,4.5,1.8330302779823358
396,I,59,59,66,60,57,59,58,58,61,57,59.4,59.0,2.497999199359359
397,A,0,0,0,0,0,0,0,0,0,0,0.0,0.0,0.0
398,G,0,0,0,0,0,0,0,0,0,0,0.0,0.0,0.0
399,I,60,62,60,59,60,54,54,56,54,53,57.2,57.5,3.1559467676119
400,I,65,65,62,65,63,58,59,62,56,56,61.1,62.0,3.419064199455752
401,G,0,0,0,0,0,0,0,0,0,0,0.0,0.0,0.0
402,V,4,3,4,3,3,5,4,4,4,5,3.9,4.0,0.7000000000000001
403,L,67,77,67,65,77,92,90,88,96,93,81.2,82.5,11.4
404,Y,65,65,66,64,63,60,69,61,63,64,64.0,64.0,2.4083189157584592
405,L,0,0,0,0,1,0,0,0,0,0,0.1,0.0,0.30000000000000004
406,L,33,32,35,35,48,52,52,54,57,55,45.3,50.0,9.716480844420987
407,F,137,149,130,136,167,181,182,181,184,182,162.9,174.0,21.252999788265182
408,S,58,52,53,62,55,44,41,40,44,42,49.1,48.0,7.449161026585477
409,V,18,15,16,14,17,13,15,13,15,15,15.1,15.0,1.5132745950421558
410,K,175,188,169,181,191,203,197,198,192,187,188.1,189.5,10.054352291420866
411,T,24,17,22,24,19,33,31,36,47,42,29.5,27.5,9.5
412,F,25,17,23,23,33,54,58,54,58,57,40.2,43.5,16.460862674841803
413,P,45,63,53,54,47,11,3,11,5,5,29.7,28.0,23.25532197154019
414,I,131,109,128,127,131,93,96,95,96,96,110.2,102.5,16.117071694324622
415,K,160,168,167,164,170,162,161,158,164,159,163.3,163.0,3.8223029707232783
416,D,17,25,14,16,19,38,32,41,34,33,26.9,28.5,9.406912352095134
417,F,63,53,65,68,62,69,65,64,59,64,63.2,64.0,4.331281565541543
418,L,104,101,100,102,103,108,110,108,109,107,105.2,105.5,3.4292856398964497
419,K,92,74,67,70,72,76,75,72,82,77,75.7,74.5,6.679071791798616
420,I,0,0,0,0,0,0,0,0,0,0,0.0,0.0,0.0
421,S,37,33,40,31,40,30,30,30,30,30,33.1,30.5,4.036087214122113
422,L,70,70,77,76,72,100,100,99,99,97,86.0,87.0,13.19090595827292
423,N,0,0,0,0,0,3,2,4,4,3,1.6,1.0,1.6852299546352716
424,S,1,4,2,1,2,1,1,1,1,1,1.5,1.0,0.9219544457292888
425,L,77,85,74,80,74,102,105,106,102,101,90.6,93.0,13.009227494359532
426,I,34,41,36,35,33,47,46,45,47,44,40.8,42.5,5.436910887627274
427,M,9,11,8,10,11,9,8,10,8,9,9.3,9.0,1.0999999999999999
428,L,47,24,50,42,31,49,51,51,47,49,44.1,48.0,8.802840450672726
429,F,101,139,122,101,125,126,125,123,124,126,121.2,124.5,11.04355015382282
430,V,23,23,25,20,26,37,37,39,38,38,30.6,31.5,7.364781055808788
431,I,2,1,3,3,3,2,3,3,3,3,2.6,3.0,0.6633249580710802
432,Y,103,116,101,104,101,147,145,146,145,147,125.5,130.5,20.89138578457638
433,L,75,81,79,68,77,104,103,104,105,105,90.1,92.0,14.459944674859583
434,T,7,12,8,6,18,21,21,20,23,22,15.8,19.0,6.446704584514479
435,D,105,101,98,111,103,96,92,94,91,90,98.1,97.0,6.487680633323437
436,F,156,148,151,155,172,142,146,143,146,144,150.3,147.0,8.544588931013593
437,T,58,67,33,55,64,55,53,55,53,51,54.4,55.0,8.593020423576334
438,D,117,137,139,106,140,159,168,165,160,156,144.7,148.0,19.74867084135031
439,N,84,87,99,99,88,90,91,90,88,88,90.4,89.0,4.673328578219168
440,E,92,101,98,76,102,108,123,126,99,106,103.1,101.5,13.634148304899725
441,F,123,120,125,119,124,120,114,116,121,119,120.1,120.0,3.2388269481403293
442,W,103,111,128,111,104,43,41,45,47,44,77.7,75.0,34.31923658824596
443,F,18,10,12,4,17,5,6,5,4,4,8.5,5.5,5.181698563212646
444,L,84,93,76,93,96,69,71,69,71,71,79.3,73.5,10.517128885774861
445,I,45,45,72,49,47,76,76,73,76,76,63.5,72.5,13.980343343423293
446,Q,16,23,22,20,20,3,4,4,3,3,11.8,10.0,8.576712656956628
447,I,55,50,49,50,41,57,59,56,59,59,53.5,55.5,5.5901699437494745
448,L,94,94,93,93,88,110,107,107,108,109,100.3,100.5,8.1
449,I,57,58,59,61,59,45,45,44,45,44,51.7,51.0,7.1700767080973415
450,G,0,0,0,0,1,1,2,1,2,1,0.8,1.0,0.7483314773547883
451,I,85,67,73,82,81,86,87,89,88,86,82.4,85.5,6.7557383016218155
452,L,89,87,87,87,107,107,106,106,106,105,98.7,105.5,9.17660067781093
453,V,25,27,28,26,25,20,20,19,19,20,22.9,22.5,3.419064199455752
454,Y,10,7,9,10,10,11,11,12,11,12,10.3,10.5,1.4177446878757822
455,L,65,69,68,67,70,65,68,66,65,66,66.9,66.5,1.7
456,I,98,95,97,97,95,105,107,107,104,106,101.1,101.0,4.846648326421053
457,F,64,65,65,67,65,78,78,77,80,77,71.6,72.0,6.483826030978932
458,S,0,0,0,0,0,0,0,0,0,0,0.0,0.0,0.0
459,S,50,62,64,62,65,54,42,42,54,52,54.7,54.0,8.075270893288968
460,I,89,107,109,111,108,115,106,105,115,118,108.3,108.5,7.62954782408499
461,F,72,76,83,84,76,103,102,103,103,97,89.9,90.5,12.251122397560152
462,Y,24,10,5,6,9,11,5,11,11,12,10.4,10.5,5.180733538795447
463,R,156,150,150,149,149,154,164,159,156,155,154.2,154.5,4.64327470649756
464,D,86,61,70,68,60,111,109,109,112,108,89.4,97.0,21.46718425877041
465,L,7,11,10,14,11,20,21,19,11,19,14.3,12.5,4.754997371187497
466,I,20,22,23,19,23,25,29,25,28,27,24.1,24.0,3.144837038703278
467,R,118,106,109,106,107,110,142,148,109,108,116.3,109.0,14.771932845772078
468,R,60,72,85,90,63,146,146,134,122,134,105.2,106.0,32.917472563974286
469,F,42,46,45,45,44,132,139,128,111,127,85.9,78.5,42.02011423116315
470,L,69,62,75,72,71,120,125,124,127,121,96.6,97.5,27.0377513857939
471,Y,109,106,113,110,126,151,143,146,146,144,129.4,134.5,17.425269007966563
472,A,2,0,1,1,3,71,71,79,70,68,36.6,35.5,35.30778950883218
473,R,141,140,149,149,118,245,241,247,240,221,189.1,185.0,50.768986596149425
474,K,179,169,176,175,181,181,183,179,184,177,178.4,179.0,4.17612260356422
475,K,214,211,215,213,234,248,258,270,244,240,234.7,237.0,19.82447981663075
