Pos,Res,J3KPF3_ranked_0_dssp_acc_ACC,J3KPF3_ranked_1_dssp_acc_ACC,J3KPF3_ranked_2_dssp_acc_ACC,J3KPF3_ranked_3_dssp_acc_ACC,J3KPF3_ranked_4_dssp_acc_ACC,mean,median,std
1,M,228,238,236,223,238,232.6,236.0,6.053098380168622
2,E,156,179,195,192,182,180.8,182.0,13.760813929415656
3,L,160,181,168,159,171,167.8,168.0,8.034923770640267
4,Q,182,184,180,184,160,178.0,182.0,9.121403400793104
5,P,111,112,107,110,98,107.6,110.0,5.083306010855534
6,P,128,120,129,124,132,126.6,128.0,4.176122603564219
7,E,198,197,191,199,186,194.2,197.0,4.955804677345546
8,A,95,94,96,92,96,94.6,95.0,1.4966629547095764
9,S,122,125,121,124,119,122.2,122.0,2.1354156504062622
10,I,146,151,149,153,166,153.0,151.0,6.899275324264136
11,A,89,82,85,84,85,85.0,85.0,2.280350850198276
12,V,134,150,122,124,121,130.2,124.0,10.925200226998129
13,V,116,118,126,120,131,122.2,120.0,5.528109984434102
14,S,115,113,105,105,97,107.0,105.0,6.44980619863884
15,I,141,160,152,147,159,151.8,152.0,7.194442299441979
16,P,120,120,119,113,108,116.0,119.0,4.774934554525329
17,R,241,252,247,247,228,243.0,247.0,8.270429251254134
18,Q,182,190,197,192,201,192.4,192.0,6.468384651518491
19,L,172,169,167,155,158,164.2,167.0,6.554387843269575
20,P,121,121,124,121,120,121.4,121.0,1.3564659966250536
21,G,81,72,79,74,65,74.2,74.0,5.635601121442148
22,S,109,103,114,122,104,110.4,109.0,7.002856560004639
23,H,192,170,167,191,159,175.8,170.0,13.317657451669193
24,S,93,126,129,98,113,111.8,113.0,14.441606558828557
25,E,184,192,172,186,184,183.6,184.0,6.499230723708768
26,A,109,94,101,101,107,102.4,101.0,5.276362383309168
27,G,67,74,74,80,78,74.6,74.0,4.454211490264017
28,V,152,122,148,142,133,139.4,142.0,10.8
29,Q,194,193,190,196,190,192.6,193.0,2.33238075793812
30,G,68,69,65,70,62,66.8,68.0,2.9257477676655586
31,L,173,182,175,171,170,174.2,173.0,4.261455150532503
32,S,113,128,106,110,109,113.2,110.0,7.730459236035076
33,A,98,100,103,103,99,100.6,100.0,2.0591260281974
34,G,70,65,72,73,66,69.2,70.0,3.1874754901018454
35,D,149,157,156,158,148,153.6,156.0,4.223742416388575
36,D,150,151,166,170,144,156.2,151.0,10.007996802557443
37,S,111,102,106,106,102,105.4,106.0,3.3226495451672298
38,E,162,177,194,197,183,182.6,183.0,12.59523719506703
39,L,153,165,171,168,177,166.8,168.0,7.959899496852959
40,G,76,79,64,62,73,70.8,73.0,6.675327707311454
41,S,123,115,112,119,113,116.4,115.0,4.079215610874228
42,H,183,193,177,171,173,179.4,177.0,7.939773296511683
43,C,123,112,122,121,108,117.2,121.0,6.04648658313239
44,V,125,133,117,140,133,129.6,133.0,7.889233169326409
45,A,100,92,85,82,88,89.4,88.0,6.248199740725323
46,Q,189,195,191,200,181,191.2,191.0,6.337191807101944
47,T,145,136,130,121,129,132.2,130.0,7.984985911070852
48,G,71,77,71,76,73,73.6,73.0,2.4979991993593593
49,L,178,149,182,167,167,168.6,167.0,11.46472851837321
50,E,156,173,183,186,175,174.6,175.0,10.480458005259122
51,L,175,143,170,164,165,163.4,165.0,10.9288608738514
52,L,142,154,168,175,154,158.6,154.0,11.62067123706716
53,A,104,92,83,86,90,91.0,90.0,7.211102550927978
54,S,127,126,124,112,124,122.6,124.0,5.4258639865002145
55,G,80,65,75,74,84,75.6,75.0,6.406246951218787
56,D,154,155,159,143,170,156.2,155.0,8.704022058795577
57,P,111,128,117,119,107,116.4,117.0,7.2
58,L,163,171,171,168,169,168.4,169.0,2.9393876913398134
59,P,117,112,112,118,99,111.6,112.0,6.770524351924302
60,S,117,126,119,122,112,119.2,119.0,4.707440918375927
61,A,93,96,94,94,108,97.0,94.0,5.585696017507576
62,S,103,116,100,99,93,102.2,100.0,7.6262703859750465
63,Q,191,177,185,185,196,186.8,185.0,6.3999999999999995
64,N,154,158,160,142,141,151.0,154.0,8.0
65,A,102,108,99,103,106,103.6,103.0,3.1368774282716245
66,E,191,172,179,174,167,176.6,174.0,8.16333265278342
67,M,187,159,165,186,195,178.4,186.0,13.879481258317979
68,I,148,152,151,146,128,145.0,148.0,8.763560920082657
69,E,188,187,165,195,180,183.0,187.0,10.178408519999577
70,T,129,121,143,125,129,129.4,129.0,7.418894796396564
71,G,78,73,78,73,80,76.4,78.0,2.8705400188814645
72,S,119,124,124,121,101,117.8,121.0,8.611620056644394
73,D,158,166,154,157,163,159.6,158.0,4.317406628984581
74,C,120,112,126,110,114,116.4,114.0,5.851495535331117
75,V,128,120,132,137,133,130.0,132.0,5.761944116355173
76,T,125,130,136,130,114,127.0,130.0,7.37563556583431
77,Q,185,189,189,186,187,187.2,187.0,1.6
78,A,101,104,98,95,101,99.8,101.0,3.0594117081556713
79,G,83,72,70,72,69,73.2,72.0,5.03587132480567
80,L,172,181,182,179,183,179.4,181.0,3.9293765408777004
81,Q,188,178,188,180,180,182.8,180.0,4.308131845707603
82,L,155,149,168,148,160,156.0,155.0,7.402702209328699
83,L,167,180,174,182,180,176.6,180.0,5.499090833947008
84,A,78,86,98,87,93,88.4,87.0,6.770524351924302
85,S,106,118,116,111,106,111.4,111.0,4.963869458396343
86,S,122,124,116,114,108,116.8,116.0,5.74108003776293
87,D,161,163,157,161,164,161.2,161.0,2.4
88,P,107,113,118,114,114,113.2,114.0,3.54400902933387
89,P,121,127,131,130,117,125.2,127.0,5.3814496188294845
90,A,94,94,91,98,94,94.2,94.0,2.227105745132009
91,L,171,172,169,179,183,174.8,172.0,5.30659966456864
92,A,89,94,88,83,93,89.4,89.0,3.9293765408777
93,S,104,118,114,106,115,111.4,114.0,5.4258639865002145
94,K,202,200,186,208,200,199.2,200.0,7.222188034107115
95,N,163,167,149,164,166,161.8,164.0,6.554387843269575
96,A,94,105,97,100,104,100.0,100.0,4.147288270665544
97,E,180,175,189,170,177,178.2,177.0,6.305553108173778
98,V,124,145,139,138,148,138.8,139.0,8.280096617793781
99,T,149,127,139,127,123,133.0,127.0,9.633275663033837
100,G,72,63,70,65,58,65.6,65.0,5.0039984012787215
101,T,150,137,151,139,139,143.2,139.0,6.013318551349163
102,M,188,176,172,182,194,182.4,182.0,7.939773296511683
103,S,100,107,100,91,98,99.2,100.0,5.1146847410177685
104,Q,175,165,188,182,169,175.8,175.0,8.37615663654877
105,D,161,159,136,116,144,143.2,144.0,16.4851448279959
106,T,131,115,136,126,130,127.6,130.0,7.059745037889116
107,E,192,185,184,192,197,190.0,192.0,4.857983120596447
108,V,124,130,122,135,121,126.4,124.0,5.314132102234569
109,D,101,109,119,145,114,117.6,114.0,14.934523762075576
110,M,195,194,177,170,195,186.2,194.0,10.609429767899874
111,K,132,132,163,196,165,157.6,163.0,23.954957733212552
112,E,157,165,166,181,172,168.2,166.0,7.984985911070852
113,V,134,137,123,130,134,131.6,134.0,4.841487374764082
114,E,165,166,167,178,174,170.0,167.0,5.0990195135927845
115,L,151,164,144,162,148,153.8,151.0,7.8587530817554
116,N,111,148,147,155,136,139.4,147.0,15.447977213862012
117,E,149,188,183,191,201,182.4,188.0,17.70423678106458
118,L,145,165,167,170,162,161.8,165.0,8.79545337091841
119,E,184,174,172,180,173,176.6,174.0,4.63033476111609
120,P,121,93,124,115,128,116.2,121.0,12.351518125315609
121,E,178,189,177,189,185,183.6,185.0,5.2
122,K,179,187,187,191,203,189.4,187.0,7.8383671769061705
123,Q,183,196,141,160,179,171.8,179.0,19.23954261410598
124,P,117,112,100,124,131,116.8,117.0,10.571660229122008
125,M,169,163,131,158,170,158.2,163.0,14.274452704044382
126,N,156,148,165,180,149,159.6,156.0,11.876026271442818
127,A,108,103,97,79,89,95.2,97.0,10.283968105745952
128,A,109,103,98,106,99,103.0,103.0,4.147288270665544
129,S,88,127,129,121,124,117.8,124.0,15.144636014114042
130,G,83,83,78,77,81,80.4,81.0,2.4979991993593593
131,A,107,104,106,99,100,103.2,104.0,3.1874754901018454
132,A,89,101,106,95,97,97.6,97.0,5.71314274283428
133,M,188,196,189,187,185,189.0,188.0,3.7416573867739413
134,S,113,104,126,119,119,116.2,119.0,7.359347797189639
135,L,174,166,172,175,171,171.6,172.0,3.1368774282716245
136,A,101,102,106,98,102,101.8,102.0,2.5612496949731396
137,G,75,84,87,78,75,79.8,78.0,4.874423042781577
138,A,93,98,98,106,94,97.8,98.0,4.578209256903839
139,E,151,173,194,195,171,176.8,173.0,16.375591592366977
140,K,151,176,193,195,183,179.6,183.0,15.869467539901898
141,N,156,151,175,174,177,166.6,174.0,10.85541339608953
142,G,67,63,80,71,67,69.6,67.0,5.782732917920384
143,L,164,175,173,155,161,165.6,164.0,7.472616676907762
144,V,129,106,133,120,110,119.6,120.0,10.44222198576529
145,K,171,205,199,174,208,191.4,199.0,15.730225681788548
146,I,152,153,171,141,138,151.0,152.0,11.610340218959994
147,K,178,201,189,199,213,196.0,199.0,11.7983049630021
148,V,93,147,136,124,128,125.6,128.0,18.095303258028032
149,A,86,77,80,74,82,79.8,80.0,4.1182520563948
150,E,160,171,174,176,171,170.4,171.0,5.535341001239218
151,D,152,144,129,137,172,146.8,144.0,14.715977711317723
152,E,170,189,177,164,201,180.2,177.0,13.317657451669193
153,A,99,105,84,74,86,89.6,86.0,11.074294559925702
154,E,183,194,171,163,180,178.2,180.0,10.571660229122008
155,A,70,105,88,66,95,84.8,88.0,14.79729705047513
156,A,85,101,93,69,84,86.4,85.0,10.650821564555478
157,A,89,95,87,75,99,89.0,89.0,8.19756061276768
158,A,84,116,87,76,90,90.6,87.0,13.52922762023021
159,A,91,88,90,90,100,91.8,90.0,4.214261501141095
160,K,138,201,187,183,200,181.8,187.0,23.007824755939012
161,F,191,202,185,178,185,188.2,185.0,8.034923770640267
162,T,123,121,142,155,145,137.2,142.0,13.151425778218877
163,G,46,55,42,38,38,43.8,42.0,6.337191807101943
164,L,88,110,94,107,93,98.4,94.0,8.5463442476886
165,S,52,57,54,55,51,53.8,54.0,2.1354156504062622
166,K,171,173,94,162,165,153.0,165.0,29.765752132274432
167,E,134,158,162,143,162,151.8,158.0,11.320777358467925
168,E,95,106,98,105,95,99.8,98.0,4.791659420284375
169,L,99,97,95,112,103,101.2,99.0,6.013318551349163
170,L,112,115,84,106,112,105.8,112.0,11.285388783732706
171,K,146,178,179,179,179,172.2,179.0,13.1057239403247
172,V,60,79,71,68,77,71.0,71.0,6.782329983125268
173,A,30,29,30,38,41,33.6,30.0,4.923413450036469
174,G,51,52,58,60,58,55.8,58.0,3.6000000000000005
175,S,50,43,42,44,40,43.8,43.0,3.370459909270543
176,P,116,116,91,99,92,102.8,99.0,11.124747188138704
177,G,48,47,41,45,40,44.2,45.0,3.1874754901018454
178,W,139,132,124,108,140,128.6,132.0,11.79152237838694
179,V,50,52,50,56,54,52.4,52.0,2.33238075793812
180,R,204,208,181,194,183,194.0,194.0,10.825894882179487
181,T,73,74,65,79,65,71.2,73.0,5.455272678794342
182,R,112,108,149,153,164,137.2,149.0,22.780693580310498
183,W,158,164,143,156,147,153.6,156.0,7.605261336732617
184,A,57,58,60,56,58,57.8,58.0,1.3266499161421599
185,L,104,106,105,110,108,106.6,106.0,2.1540659228538015
186,L,79,86,80,79,86,82.0,80.0,3.286335345030997
187,L,102,103,109,100,92,101.2,102.0,5.491812087098393
188,L,121,121,123,122,120,121.4,121.0,1.019803902718557
189,F,123,125,135,132,131,129.2,131.0,4.489988864128729
190,W,129,142,143,138,141,138.6,141.0,5.083306010855534
191,L,123,122,134,120,121,124.0,122.0,5.0990195135927845
192,G,43,45,44,37,41,42.0,43.0,2.8284271247461903
193,W,126,122,126,125,118,123.4,125.0,3.0724582991474434
194,L,93,107,107,100,97,100.8,100.0,5.528109984434101
195,G,44,45,45,44,43,44.2,44.0,0.7483314773547882
196,M,144,142,144,135,142,141.4,142.0,3.3226495451672298
197,L,82,84,78,91,84,83.8,84.0,4.214261501141095
198,A,53,53,52,52,52,52.4,52.0,0.4898979485566356
199,G,32,33,33,32,32,32.4,32.0,0.4898979485566356
200,A,45,48,45,48,49,47.0,48.0,1.6733200530681511
201,V,76,77,78,77,77,77.0,77.0,0.6324555320336759
202,V,66,68,73,69,72,69.6,69.0,2.576819745345025
203,I,125,123,122,122,125,123.4,123.0,1.3564659966250536
204,I,129,129,127,123,124,126.4,127.0,2.4979991993593593
205,V,115,116,114,114,114,114.6,114.0,0.8
206,R,201,203,206,206,204,204.0,204.0,1.8973665961010275
207,A,50,52,51,51,50,50.8,51.0,0.7483314773547882
208,P,80,87,84,79,76,81.2,80.0,3.867815921162743
209,R,235,234,235,235,240,235.8,235.0,2.1354156504062622
210,C,96,92,93,99,91,94.2,93.0,2.9257477676655586
211,R,103,111,131,119,127,118.2,119.0,10.244998779892558
212,E,179,178,176,176,183,178.4,178.0,2.5768197453450252
213,L,113,112,92,91,100,101.6,100.0,9.43610088966836
214,P,58,57,59,55,65,58.8,58.0,3.370459909270543
215,A,97,102,103,102,107,102.2,102.0,3.187475490101846
216,Q,67,64,70,76,51,65.6,67.0,8.309031231136395
217,K,48,46,40,38,39,42.2,40.0,4.019950248448356
218,W,26,28,27,27,29,27.4,27.0,1.0198039027185568
219,W,4,4,2,4,6,4.0,4.0,1.2649110640673518
220,H,26,27,22,26,24,25.0,26.0,1.7888543819998317
221,T,36,36,37,36,37,36.4,36.0,0.4898979485566356
222,G,0,0,3,5,1,1.8,1.0,1.9390719429665317
223,A,0,0,1,1,0,0.4,0.0,0.48989794855663565
224,L,0,0,1,1,0,0.4,0.0,0.48989794855663565
225,Y,0,0,0,0,1,0.2,0.0,0.4
226,R,12,12,6,7,7,8.8,7.0,2.6381811916545836
227,I,0,1,1,1,1,0.8,1.0,0.4000000000000001
228,G,42,41,32,39,39,38.6,39.0,3.49857113690718
229,D,60,56,55,52,56,55.8,56.0,2.5612496949731396
230,L,0,1,2,1,3,1.4,1.0,1.019803902718557
231,Q,95,98,97,94,96,96.0,96.0,1.4142135623730951
232,A,10,9,8,8,8,8.6,8.0,0.7999999999999999
233,F,0,0,0,0,0,0.0,0.0,0.0
234,Q,7,11,13,12,15,11.6,12.0,2.65329983228432
235,G,19,17,13,11,11,14.2,13.0,3.249615361854384
236,H,151,161,126,118,118,134.8,126.0,17.83704011320264
237,G,87,90,93,92,90,90.4,90.0,2.0591260281974
238,A,39,38,44,45,45,42.2,44.0,3.059411708155671
239,G,13,12,12,11,10,11.6,12.0,1.0198039027185568
240,N,55,55,65,65,65,61.0,65.0,4.898979485566356
241,L,0,0,0,0,0,0.0,0.0,0.0
242,A,39,39,52,49,51,46.0,49.0,5.796550698475776
243,G,22,24,20,21,21,21.6,21.0,1.3564659966250536
244,L,0,0,0,0,0,0.0,0.0,0.0
245,K,60,72,81,77,75,73.0,75.0,7.127411872482185
246,G,57,58,55,55,56,56.2,56.0,1.16619037896906
247,R,73,77,88,83,84,81.0,83.0,5.329165037789691
248,L,1,2,1,0,0,0.8,1.0,0.7483314773547883
249,D,104,103,101,100,103,102.2,103.0,1.4696938456699067
250,Y,27,24,25,25,26,25.4,25.0,1.019803902718557
251,L,0,0,0,0,0,0.0,0.0,0.0
252,S,49,49,38,38,38,42.4,38.0,5.388877434122992
253,S,43,46,45,46,45,45.0,45.0,1.0954451150103321
254,L,0,0,0,0,0,0.0,0.0,0.0
255,K,85,87,101,97,97,93.4,97.0,6.248199740725323
256,V,5,5,5,5,5,5.0,5.0,0.0
257,K,45,49,64,65,60,56.6,60.0,8.114185110040317
258,G,0,0,0,0,0,0.0,0.0,0.0
259,L,3,3,0,0,0,1.2,0.0,1.4696938456699067
260,V,3,2,2,2,2,2.2,2.0,0.39999999999999997
261,L,2,2,0,0,0,0.8,0.0,0.9797958971132713
262,G,3,3,2,1,2,2.2,2.0,0.7483314773547882
263,P,7,8,7,5,8,7.0,7.0,1.0954451150103321
264,I,2,2,5,2,4,3.0,2.0,1.2649110640673518
265,H,4,4,5,5,5,4.6,5.0,0.48989794855663565
266,K,70,74,79,80,82,77.0,79.0,4.381780460041329
267,N,8,9,7,4,5,6.6,7.0,1.8547236990991407
268,Q,111,112,104,106,105,107.6,106.0,3.261901286060018
269,K,104,108,110,113,109,108.8,109.0,2.925747767665559
270,D,87,90,73,76,71,79.4,76.0,7.657675887630659
271,D,58,60,54,53,54,55.8,54.0,2.7129319932501073
272,V,11,11,7,9,9,9.4,9.0,1.4966629547095764
273,A,83,82,78,78,79,80.0,79.0,2.0976176963403033
274,Q,95,94,91,87,85,90.4,91.0,3.878143885933063
275,T,1,1,3,2,2,1.8,2.0,0.7483314773547883
276,D,42,43,60,43,40,45.6,43.0,7.28285658241325
277,L,2,2,4,4,3,3.0,3.0,0.8944271909999159
278,L,65,65,68,65,63,65.2,65.0,1.5999999999999999
279,Q,106,105,86,107,106,102.0,106.0,8.024961059095553
280,I,20,21,12,17,17,17.4,17.0,3.1368774282716245
281,D,14,14,10,8,9,11.0,10.0,2.5298221281347035
282,P,106,107,94,104,103,102.8,104.0,4.621688003316537
283,N,109,109,106,103,108,107.0,108.0,2.280350850198276
284,F,13,14,11,8,12,11.6,12.0,2.0591260281974
285,G,20,24,18,17,18,19.4,18.0,2.4979991993593593
286,S,44,40,43,42,46,43.0,43.0,2.0
287,K,67,69,79,83,80,75.6,79.0,6.374950980203691
288,E,135,136,130,131,131,132.6,131.0,2.416609194718914
289,D,48,47,65,58,64,56.4,58.0,7.657675887630659
290,F,0,0,0,0,0,0.0,0.0,0.0
291,D,42,62,53,43,53,50.6,53.0,7.391887445030532
292,S,40,33,38,37,37,37.0,37.0,2.280350850198276
293,L,1,1,0,0,0,0.4,0.0,0.48989794855663565
294,L,17,16,18,20,20,18.2,18.0,1.6
295,Q,124,116,122,121,123,121.2,122.0,2.7856776554368237
296,S,29,28,21,26,25,25.8,26.0,2.7856776554368237
297,A,0,0,0,0,0,0.0,0.0,0.0
298,K,144,142,153,156,156,150.2,153.0,6.013318551349163
299,K,170,151,169,171,171,166.4,170.0,7.735631842325487
300,K,71,75,69,62,66,68.6,69.0,4.409081537009721
301,S,96,97,85,86,84,89.6,86.0,5.6780278266313555
302,I,3,2,2,2,2,2.2,2.0,0.39999999999999997
303,R,67,67,76,78,76,72.8,76.0,4.791659420284375
304,V,2,2,1,1,1,1.4,1.0,0.4898979485566356
305,I,0,0,0,0,0,0.0,0.0,0.0
306,L,3,3,4,3,4,3.4,3.0,0.4898979485566356
307,D,0,2,0,1,0,0.6,0.0,0.7999999999999999
308,L,2,1,1,1,1,1.2,1.0,0.4000000000000001
309,T,0,0,0,0,0,0.0,0.0,0.0
310,P,1,1,1,1,1,1.0,1.0,0.0
311,N,0,1,0,0,1,0.4,0.0,0.48989794855663565
312,Y,47,48,52,51,49,49.4,49.0,1.854723699099141
313,R,104,107,109,104,105,105.8,105.0,1.9390719429665317
314,G,18,16,20,21,22,19.4,20.0,2.1540659228538015
315,E,190,187,161,171,133,168.4,171.0,20.62619693496598
316,N,35,38,41,39,75,45.6,39.0,14.82700239428051
317,S,15,13,13,12,22,15.0,13.0,3.63318042491699
318,W,4,4,0,0,9,3.4,4.0,3.3226495451672293
319,F,15,14,13,12,15,13.8,14.0,1.16619037896906
320,S,107,107,75,90,94,94.6,94.0,11.943198901466893
321,T,92,91,131,126,96,107.2,96.0,17.54308980767071
322,Q,112,113,88,86,114,102.6,112.0,12.768711759609895
323,V,38,35,17,16,29,27.0,29.0,9.055385138137417
324,D,110,110,119,115,120,114.8,115.0,4.261455150532504
325,T,66,62,68,63,63,64.4,63.0,2.2449944320643644
326,V,2,1,3,2,5,2.6,2.0,1.3564659966250538
327,A,6,5,6,5,9,6.2,6.0,1.469693845669907
328,T,72,71,78,76,74,74.2,74.0,2.5612496949731396
329,K,51,54,58,58,57,55.6,57.0,2.727636339397171
330,V,0,0,0,0,1,0.2,0.0,0.4
331,K,71,71,66,69,67,68.8,69.0,2.039607805437114
332,D,85,87,80,87,77,83.2,85.0,4.019950248448356
333,A,0,0,0,0,0,0.0,0.0,0.0
334,L,1,2,0,1,2,1.2,1.0,0.7483314773547883
335,E,96,99,85,89,86,91.0,89.0,5.549774770204643
336,F,71,67,63,70,61,66.4,67.0,3.878143885933063
337,W,4,4,4,4,4,4.0,4.0,0.0
338,L,3,3,3,3,2,2.8,3.0,0.39999999999999997
339,Q,142,144,151,156,149,148.4,149.0,5.0039984012787215
340,A,26,26,27,26,28,26.6,26.0,0.8
341,G,34,34,34,31,30,32.6,34.0,1.7435595774162693
342,V,0,0,0,0,0,0.0,0.0,0.0
343,D,11,13,14,14,14,13.2,14.0,1.1661903789690602
344,G,0,0,0,0,0,0.0,0.0,0.0
345,F,0,0,0,0,0,0.0,0.0,0.0
346,Q,5,4,6,5,5,5.0,5.0,0.6324555320336759
347,V,1,1,0,0,2,0.8,1.0,0.7483314773547883
348,R,42,39,36,34,30,36.2,36.0,4.1182520563948
349,D,19,19,25,19,15,19.4,19.0,3.2
350,I,3,3,1,1,1,1.8,1.0,0.9797958971132713
351,E,64,65,66,68,55,63.6,65.0,4.498888751680798
352,N,81,81,79,75,84,80.0,81.0,2.9664793948382653
353,L,8,8,8,8,14,9.2,8.0,2.4
354,K,134,136,148,148,145,142.2,145.0,6.013318551349163
355,D,89,88,128,127,119,110.2,119.0,17.993332098307974
356,A,8,9,9,10,10,9.2,9.0,0.7483314773547883
357,S,41,40,42,42,58,44.6,42.0,6.740919818541087
358,S,76,79,81,81,62,75.8,79.0,7.138627319029899
359,F,31,29,26,24,23,26.6,26.0,3.006659275674582
360,L,0,0,0,0,0,0.0,0.0,0.0
361,A,23,23,33,36,25,28.0,25.0,5.440588203494177
362,E,74,74,74,74,72,73.6,74.0,0.8
363,W,1,1,1,2,1,1.2,1.0,0.4
364,Q,14,12,9,13,9,11.4,12.0,2.0591260281974
365,N,119,117,119,118,115,117.6,118.0,1.4966629547095764
366,I,32,33,30,32,32,31.8,32.0,0.9797958971132713
367,T,0,0,0,0,0,0.0,0.0,0.0
368,K,23,22,25,23,22,23.0,23.0,1.0954451150103321
369,G,69,70,68,66,70,68.6,69.0,1.4966629547095764
370,F,105,105,98,101,102,102.2,102.0,2.6381811916545836
371,S,35,35,39,41,43,38.6,39.0,3.2
372,E,115,113,118,113,115,114.8,115.0,1.8330302779823362
373,D,72,70,73,74,82,74.2,73.0,4.1182520563948
374,R,35,36,32,29,31,32.6,32.0,2.576819745345025
375,L,1,0,0,0,0,0.2,0.0,0.4000000000000001
376,L,0,0,0,0,1,0.2,0.0,0.4
377,I,0,0,1,0,0,0.2,0.0,0.4000000000000001
378,A,0,0,0,0,0,0.0,0.0,0.0
379,G,0,0,0,0,0,0.0,0.0,0.0
380,T,0,0,0,1,0,0.2,0.0,0.4
381,N,84,81,80,79,79,80.6,80.0,1.8547236990991405
382,S,20,17,17,15,13,16.4,17.0,2.33238075793812
383,S,45,46,79,62,59,58.2,59.0,12.416118556135006
384,D,78,79,63,69,80,73.8,78.0,6.675327707311454
385,L,21,21,26,18,15,20.2,21.0,3.655133376499413
386,Q,128,128,153,134,130,134.6,130.0,9.457272334029511
387,Q,76,81,102,101,79,87.8,81.0,11.303096920755832
388,I,0,1,0,0,0,0.2,0.0,0.4000000000000001
389,L,32,34,39,27,39,34.2,34.0,4.534313619501853
390,S,60,64,50,53,61,57.6,60.0,5.238320341483518
391,L,18,19,16,15,14,16.4,16.0,1.8547236990991407
392,L,10,13,9,8,12,10.4,10.0,1.8547236990991407
393,E,144,144,165,160,160,154.6,160.0,8.845337754998393
394,S,84,83,60,65,61,70.6,65.0,10.669582934679312
395,N,6,6,15,6,5,7.6,6.0,3.7202150475476548
396,K,156,148,182,185,177,169.6,177.0,14.813507349712962
397,D,72,70,45,56,68,62.2,68.0,10.244998779892558
398,L,9,8,0,2,4,4.6,4.0,3.4409301068170506
399,L,6,4,2,3,3,3.6,3.0,1.3564659966250536
400,L,4,5,0,3,2,2.8,3.0,1.7204650534085253
401,T,0,0,0,0,0,0.0,0.0,0.0
402,S,11,10,8,7,7,8.6,8.0,1.624807680927192
403,S,13,12,12,13,7,11.4,12.0,2.244994432064365
404,Y,15,15,15,7,9,12.2,15.0,3.4871191548325386
405,L,3,3,8,2,3,3.8,3.0,2.1354156504062622
406,S,23,25,27,34,37,29.2,27.0,5.381449618829484
407,D,97,95,86,104,106,97.6,97.0,7.116178749862878
408,S,8,2,96,13,12,26.2,12.0,35.11353015576759
409,G,52,59,73,35,40,51.8,52.0,13.585286158193357
410,S,56,59,15,82,78,58.0,59.0,23.790754506740637
411,T,74,69,75,66,60,68.8,69.0,5.491812087098393
412,G,0,0,0,0,0,0.0,0.0,0.0
413,E,77,84,107,107,91,93.2,91.0,12.106196760337244
414,H,76,79,66,69,68,71.6,69.0,5.0039984012787215
415,T,0,0,2,0,1,0.6,0.0,0.7999999999999999
416,K,28,33,42,41,37,36.2,37.0,5.192301994298868
417,S,41,45,62,66,65,55.8,62.0,10.609429767899876
418,L,24,21,22,14,18,19.8,21.0,3.4871191548325386
419,V,0,0,0,0,0,0.0,0.0,0.0
420,T,39,36,47,40,37,39.8,39.0,3.8678159211627436
421,Q,96,96,99,97,98,97.2,97.0,1.16619037896906
422,Y,13,12,4,4,4,7.4,4.0,4.17612260356422
423,L,5,6,29,28,25,18.6,25.0,10.781465577554844
424,N,126,125,138,124,123,127.2,125.0,5.491812087098392
425,A,47,48,45,45,43,45.6,45.0,1.7435595774162693
426,T,6,4,15,15,8,9.6,8.0,4.586937976471886
427,G,57,52,45,46,43,48.6,46.0,5.161395160225576
428,N,125,117,180,178,180,156.0,178.0,28.698432012916665
429,R,77,91,39,46,64,63.4,64.0,19.21041384249699
430,W,71,67,56,61,76,66.2,67.0,7.0823724838503095
431,C,6,6,2,7,7,5.6,6.0,1.8547236990991407
432,S,10,8,5,5,4,6.4,5.0,2.244994432064365
433,W,5,5,5,5,3,4.6,5.0,0.7999999999999999
434,S,8,6,5,5,4,5.6,5.0,1.3564659966250536
435,L,4,4,4,4,5,4.2,4.0,0.39999999999999997
436,S,4,3,2,2,3,2.8,3.0,0.7483314773547882
437,Q,2,3,4,3,2,2.8,3.0,0.7483314773547882
438,A,44,44,36,44,37,41.0,44.0,3.687817782917155
439,R,131,115,112,107,113,115.6,113.0,8.138795979750322
440,L,12,11,5,10,10,9.6,10.0,2.4166091947189146
441,L,7,7,4,6,5,5.8,6.0,1.16619037896906
442,T,25,22,27,24,21,23.8,24.0,2.1354156504062622
443,S,44,36,50,40,42,42.4,42.0,4.63033476111609
444,F,64,57,48,75,67,62.2,64.0,9.15204895091804
445,L,15,12,14,17,15,14.6,15.0,1.624807680927192
446,P,56,52,69,70,66,62.6,66.0,7.255342858886822
447,A,78,76,74,67,68,72.6,74.0,4.363484845854286
448,Q,98,101,116,114,112,108.2,112.0,7.277362159464101
449,L,4,4,20,7,6,8.2,6.0,6.013318551349163
450,L,15,14,8,7,7,10.2,8.0,3.54400902933387
451,R,76,72,71,59,61,67.8,71.0,6.615134163416491
452,L,0,0,0,0,0,0.0,0.0,0.0
453,Y,1,2,4,1,1,1.8,1.0,1.1661903789690604
454,Q,1,0,0,0,0,0.2,0.0,0.4000000000000001
455,L,0,0,0,0,0,0.0,0.0,0.0
456,M,0,0,0,0,0,0.0,0.0,0.0
457,L,1,1,0,0,0,0.4,0.0,0.48989794855663565
458,F,1,1,1,1,1,1.0,1.0,0.0
459,T,1,1,2,1,2,1.4,1.0,0.4898979485566356
460,L,0,0,0,0,0,0.0,0.0,0.0
461,P,22,23,21,24,23,22.6,23.0,1.019803902718557
462,G,0,0,2,0,2,0.8,0.0,0.9797958971132713
463,T,0,0,0,0,0,0.0,0.0,0.0
464,P,0,0,0,0,0,0.0,0.0,0.0
465,V,3,3,4,4,3,3.4,3.0,0.4898979485566356
466,F,1,0,0,1,0,0.4,0.0,0.48989794855663565
467,S,4,5,3,3,4,3.8,4.0,0.7483314773547882
468,Y,12,12,7,10,11,10.4,11.0,1.8547236990991407
469,G,0,0,0,0,0,0.0,0.0,0.0
470,D,4,4,3,4,4,3.8,4.0,0.39999999999999997
471,E,0,0,0,0,0,0.0,0.0,0.0
472,I,8,9,8,7,8,8.0,8.0,0.6324555320336759
473,G,21,22,20,18,19,20.0,20.0,1.4142135623730951
474,L,5,7,5,6,5,5.6,5.0,0.7999999999999999
475,D,59,63,60,56,59,59.4,59.0,2.244994432064365
476,A,8,7,9,7,8,7.8,8.0,0.7483314773547882
477,A,78,78,76,73,75,76.0,76.0,1.8973665961010275
478,A,49,53,52,59,55,53.6,53.0,3.32264954516723
479,L,3,5,9,8,7,6.4,7.0,2.1540659228538015
480,P,91,88,85,68,89,84.2,88.0,8.328265125462805
481,G,76,79,78,80,68,76.2,78.0,4.308131845707604
482,Q,16,19,16,17,13,16.2,16.0,1.9390719429665317
483,P,73,73,62,66,66,68.0,66.0,4.33589667773576
484,M,110,96,111,91,109,103.4,109.0,8.260750571225353
485,E,170,186,164,165,155,168.0,165.0,10.21763181955584
486,A,15,17,19,22,21,18.8,19.0,2.5612496949731396
487,P,3,3,3,1,2,2.4,3.0,0.8
488,V,28,31,17,17,14,21.4,17.0,6.770524351924302
489,M,0,0,0,0,0,0.0,0.0,0.0
490,L,3,2,1,1,1,1.6,1.0,0.8
491,W,21,19,17,12,14,16.6,17.0,3.2619012860600183
492,D,55,55,51,48,50,51.8,51.0,2.7856776554368237
493,E,100,107,91,90,88,95.2,91.0,7.194442299441979
494,S,86,90,83,89,88,87.2,88.0,2.4819347291981715
495,S,22,21,15,17,17,18.4,17.0,2.6532998322843198
496,F,12,12,21,14,6,13.0,12.0,4.8166378315169185
497,P,75,75,82,78,82,78.4,78.0,3.1368774282716245
498,D,124,122,138,123,108,123.0,123.0,9.50789145920377
499,I,69,69,68,73,64,68.6,69.0,2.870540018881465
500,P,112,114,118,122,120,117.2,118.0,3.709447398198282
501,G,76,74,81,80,80,78.2,80.0,2.7129319932501073
502,A,40,37,34,30,32,34.6,34.0,3.5552777669262356
503,V,7,8,11,11,12,9.8,11.0,1.9390719429665317
504,S,56,59,51,54,53,54.6,54.0,2.727636339397171
505,A,40,42,44,42,46,42.8,42.0,2.0396078054371136
506,N,110,114,109,108,106,109.4,109.0,2.6532998322843198
507,M,47,45,46,53,49,48.0,47.0,2.8284271247461903
508,T,0,1,0,0,0,0.2,0.0,0.4000000000000001
509,V,11,11,9,7,8,9.2,9.0,1.6
510,K,106,115,107,110,113,110.2,110.0,3.4292856398964493
511,G,17,20,13,14,13,15.4,14.0,2.727636339397171
512,Q,17,13,10,14,12,13.2,13.0,2.315167380558045
513,S,50,50,50,48,47,49.0,50.0,1.2649110640673518
514,E,150,151,148,149,151,149.8,150.0,1.1661903789690602
515,D,79,77,76,76,73,76.2,76.0,1.9390719429665315
516,P,110,111,104,106,108,107.8,108.0,2.5612496949731396
517,G,37,35,34,29,30,33.0,34.0,3.03315017762062
518,S,4,5,4,3,4,4.0,4.0,0.6324555320336759
519,L,14,15,13,13,13,13.6,13.0,0.7999999999999999
520,L,0,0,0,0,0,0.0,0.0,0.0
521,S,18,19,16,16,16,17.0,16.0,1.2649110640673518
522,L,9,7,5,8,7,7.2,7.0,1.32664991614216
523,F,0,0,0,0,0,0.0,0.0,0.0
524,R,59,57,53,51,55,55.0,55.0,2.8284271247461903
525,R,88,88,85,90,89,88.0,88.0,1.6733200530681511
526,L,2,2,3,3,3,2.6,3.0,0.4898979485566356
527,S,1,0,4,3,2,2.0,2.0,1.4142135623730951
528,D,39,41,38,39,38,39.0,39.0,1.0954451150103321
529,Q,30,27,39,38,38,34.4,38.0,4.923413450036469
530,R,1,0,2,2,1,1.2,1.0,0.7483314773547883
531,S,24,23,39,40,39,33.0,39.0,7.771743691090179
532,K,93,94,126,124,127,112.8,124.0,15.791136754521505
533,E,50,50,38,49,48,47.0,49.0,4.560701700396552
534,R,119,118,117,120,122,119.2,119.0,1.7204650534085253
535,S,1,1,0,0,1,0.6,1.0,0.48989794855663565
536,L,2,2,2,2,2,2.0,2.0,0.0
537,L,14,16,13,13,17,14.6,14.0,1.624807680927192
538,H,27,25,25,22,35,26.8,25.0,4.4
539,G,5,4,4,3,4,4.0,4.0,0.6324555320336759
540,D,51,54,61,57,61,56.8,57.0,3.919183588453085
541,F,32,29,39,39,38,35.4,38.0,4.127953488110059
542,H,56,53,53,45,54,52.2,53.0,3.7629775444453557
543,A,31,27,30,29,31,29.6,30.0,1.4966629547095764
544,F,6,2,4,5,9,5.2,5.0,2.3151673805580453
545,S,58,46,68,52,80,60.8,58.0,12.039933554633928
546,A,20,21,2,20,6,13.8,20.0,8.109253973085318
547,G,13,15,25,30,23,21.2,23.0,6.337191807101944
548,P,112,112,105,95,102,105.2,105.0,6.43117407632541
549,G,21,22,21,16,18,19.6,21.0,2.244994432064365
550,L,0,1,2,4,3,2.0,2.0,1.4142135623730951
551,F,0,0,0,0,0,0.0,0.0,0.0
552,S,0,0,0,0,0,0.0,0.0,0.0
553,Y,0,0,0,0,0,0.0,0.0,0.0
554,I,0,0,0,0,0,0.0,0.0,0.0
555,R,2,1,1,1,1,1.2,1.0,0.4000000000000001
556,H,2,9,8,7,7,6.6,7.0,2.4166091947189146
557,W,23,15,25,26,27,23.2,25.0,4.308131845707604
558,D,30,33,28,25,27,28.6,28.0,2.727636339397171
559,Q,80,78,77,73,73,76.2,77.0,2.7856776554368237
560,N,49,48,40,47,39,44.6,47.0,4.223742416388575
561,E,50,51,68,73,82,64.8,68.0,12.512393855693642
562,R,5,9,5,9,6,6.8,6.0,1.8330302779823362
563,F,2,2,0,0,0,0.8,0.0,0.9797958971132713
564,L,0,0,0,0,0,0.0,0.0,0.0
565,V,0,0,0,0,0,0.0,0.0,0.0
566,V,0,0,0,0,0,0.0,0.0,0.0
567,L,0,0,0,0,0,0.0,0.0,0.0
568,N,0,0,0,0,0,0.0,0.0,0.0
569,F,6,6,14,3,5,6.8,6.0,3.7629775444453557
570,G,19,20,28,16,25,21.6,20.0,4.317406628984581
571,D,121,122,131,130,131,127.0,130.0,4.516635916254486
572,V,80,82,102,93,102,91.8,93.0,9.431860898041277
573,G,46,34,40,46,39,41.0,40.0,4.560701700396552
574,L,45,41,50,50,46,46.4,46.0,3.3823069050575527
575,S,77,90,81,85,82,83.0,82.0,4.33589667773576
576,A,0,0,2,1,1,0.8,1.0,0.7483314773547883
577,G,36,38,41,45,39,39.8,39.0,3.0594117081556713
578,L,23,25,10,9,8,15.0,10.0,7.402702209328699
579,Q,116,111,123,141,114,121.0,116.0,10.75174404457249
580,A,38,46,44,47,45,44.0,45.0,3.1622776601683795
581,S,99,96,108,100,108,102.2,100.0,4.915282290977803
582,D,125,95,127,120,135,120.4,125.0,13.588230201170424
583,L,23,22,20,19,20,20.8,20.0,1.469693845669907
584,P,44,47,53,56,53,50.6,53.0,4.409081537009721
585,A,86,100,92,98,95,94.2,95.0,4.915282290977803
586,S,54,74,61,63,59,62.2,61.0,6.61513416341649
587,A,0,0,0,0,0,0.0,0.0,0.0
588,S,74,74,51,50,49,59.6,51.0,11.77454882362802
589,L,41,38,30,25,24,31.6,30.0,6.829348431585549
590,P,45,46,47,48,47,46.6,47.0,1.019803902718557
591,A,80,78,73,70,70,74.2,73.0,4.1182520563948
592,K,110,116,114,110,116,113.2,114.0,2.7129319932501073
593,A,3,2,1,2,2,2.0,2.0,0.6324555320336759
594,D,50,56,61,53,55,55.0,55.0,3.63318042491699
595,L,0,2,1,1,1,1.0,1.0,0.6324555320336759
596,L,22,17,36,30,30,27.0,30.0,6.6932802122726045
597,L,0,0,1,0,1,0.4,0.0,0.48989794855663565
598,S,10,10,7,10,9,9.2,10.0,1.1661903789690602
599,T,2,2,2,1,3,2.0,2.0,0.6324555320336759
600,Q,68,66,62,67,67,66.0,67.0,2.0976176963403033
601,P,128,122,114,101,103,113.6,114.0,10.480458005259122
602,G,84,84,81,82,83,82.8,83.0,1.16619037896906
603,R,71,70,73,70,73,71.4,71.0,1.3564659966250536
604,E,152,145,158,156,158,153.8,156.0,4.915282290977803
605,E,90,90,87,93,92,90.4,90.0,2.0591260281974
606,G,49,46,56,49,43,48.6,49.0,4.317406628984581
607,S,24,33,33,34,32,31.2,33.0,3.655133376499413
608,P,78,75,79,81,80,78.6,79.0,2.0591260281974
609,L,36,43,33,33,32,35.4,33.0,4.029888335921977
610,E,50,67,85,99,98,79.8,85.0,18.86160120456373
611,L,10,10,4,2,2,5.6,4.0,3.6660605559646715
612,E,181,180,142,143,122,153.6,143.0,23.208619088605857
613,R,179,190,183,194,187,186.6,187.0,5.238320341483518
614,L,7,6,6,5,5,5.8,6.0,0.7483314773547882
615,K,132,96,134,143,140,129.0,134.0,16.97056274847714
616,L,0,0,1,1,1,0.6,1.0,0.48989794855663565
617,E,98,73,98,107,110,97.2,98.0,13.013838787997951
618,P,42,42,36,38,40,39.6,40.0,2.3323807579381204
619,H,39,40,30,27,26,32.4,30.0,5.9531504264548865
620,E,4,4,3,2,3,3.2,3.0,0.7483314773547882
621,G,0,0,0,0,0,0.0,0.0,0.0
622,L,0,0,0,0,0,0.0,0.0,0.0
623,L,1,0,0,1,0,0.4,0.0,0.48989794855663565
624,L,0,0,0,0,0,0.0,0.0,0.0
625,R,98,97,72,71,79,83.4,79.0,11.842297074469968
626,F,10,9,4,6,6,7.0,6.0,2.1908902300206643
627,P,86,87,92,95,96,91.2,92.0,4.069397989875161
628,Y,77,81,81,87,79,81.0,81.0,3.3466401061363023
629,A,84,80,64,62,63,70.6,64.0,9.414881836751857
630,A,153,149,148,147,145,148.4,148.0,2.6532998322843198
