Pos,Res,K7QP12_CIT_model1_dssp_acc_ACC,K7QP12_CIT_model2_dssp_acc_ACC,K7QP12_CIT_model3_dssp_acc_ACC,K7QP12_CIT_model4_dssp_acc_ACC,K7QP12_CIT_model5_dssp_acc_ACC,K7QP12_full_model_501155_1_dssp_acc_ACC,K7QP12_full_model_501155_2_dssp_acc_ACC,K7QP12_full_model_501155_3_dssp_acc_ACC,K7QP12_full_model_501155_4_dssp_acc_ACC,K7QP12_full_model_501155_5_dssp_acc_ACC,K7QP12_IT_model1_dssp_acc_ACC,K7QP12_IT_model2_dssp_acc_ACC,K7QP12_IT_model3_dssp_acc_ACC,K7QP12_IT_model4_dssp_acc_ACC,K7QP12_IT_model5_dssp_acc_ACC,K7QP12_ranked_0_dssp_acc_ACC,K7QP12_ranked_1_dssp_acc_ACC,K7QP12_ranked_2_dssp_acc_ACC,K7QP12_ranked_3_dssp_acc_ACC,K7QP12_ranked_4_dssp_acc_ACC,mean,median,std
1,M,178,184,131,168,47,185,50,167,201,144,85,162,109,155,58,167,144,168,224,170,144.85,164.5,48.948212429056085
2,G,24,17,51,46,34,30,38,49,32,63,7,12,45,58,34,48,31,31,32,34,35.8,34.0,14.119490075778232
3,K,140,145,183,136,125,176,169,173,192,176,125,138,182,142,150,93,94,91,91,97,140.9,141.0,33.464757581670895
4,V,56,81,6,29,12,89,38,84,56,95,100,90,6,26,13,19,15,16,29,15,43.75,29.0,33.09663880215029
5,I,9,60,70,64,36,77,25,37,34,54,17,62,60,52,34,61,63,67,60,68,50.5,60.0,18.653417917368387
6,R,43,20,110,198,167,166,163,147,164,137,21,12,113,197,163,99,105,102,109,100,116.8,111.5,55.60539542166749
7,S,5,79,22,17,13,69,68,43,47,62,13,58,22,10,17,65,65,80,55,67,43.85,51.0,25.306669081489172
8,L,73,111,26,20,7,109,12,13,3,128,76,109,21,17,5,6,6,7,6,4,37.95,15.0,43.09463423675852
9,N,1,13,41,78,78,97,53,85,66,45,3,10,22,67,78,11,24,9,15,13,40.45,32.5,31.190503362401834
10,R,48,91,133,103,159,162,165,210,157,201,40,79,92,106,169,49,42,58,38,60,108.1,97.5,55.563387225762256
11,F,63,152,30,29,59,136,64,115,1,154,101,148,31,21,49,78,25,67,55,62,72.0,62.5,45.89335463877096
12,G,3,15,3,42,21,39,7,54,1,6,4,17,24,26,17,19,31,60,20,38,22.35,19.5,16.722066259885466
13,K,59,9,30,102,166,148,169,182,119,115,36,13,14,133,167,84,88,90,90,86,95.0,90.0,54.09805911490726
14,K,47,107,36,108,98,156,186,186,113,154,25,140,17,129,90,126,134,116,109,123,110.0,114.5,46.79102478039993
15,V,23,56,43,14,5,52,53,53,15,52,27,61,7,10,2,64,36,99,50,91,40.65,46.5,26.939329984244225
16,G,26,5,7,18,4,28,25,7,24,0,17,3,5,10,4,20,35,32,19,29,15.9,17.5,10.857716150277646
17,N,77,48,24,105,67,109,134,111,97,95,119,51,9,101,52,67,69,75,64,64,76.9,72.0,31.19118465207758
18,A,11,42,3,16,2,55,14,52,59,49,11,41,3,34,3,68,71,66,61,61,36.1,41.5,24.83525719617174
19,L,57,18,26,14,2,82,27,14,77,60,65,57,21,16,2,70,66,89,54,62,43.95,55.5,27.48358601056274
20,T,87,37,49,26,16,87,93,92,66,68,120,35,19,38,13,74,101,83,94,78,63.8,71.0,31.312297903539434
21,S,79,60,109,59,43,62,32,65,83,63,72,54,87,61,56,51,57,47,51,47,61.9,59.5,16.979104805613286
22,N,111,69,45,51,144,115,112,113,113,81,108,68,47,29,146,130,132,125,130,125,99.7,112.5,35.09857546966828
23,T,101,13,15,1,68,105,38,74,47,41,102,6,4,3,68,103,105,96,103,102,59.75,68.0,40.37681884448055
24,A,19,75,30,22,1,13,2,10,23,30,26,77,11,13,1,14,14,19,10,9,20.95,14.0,20.155582353283666
25,K,89,180,143,163,38,108,110,109,139,135,28,176,186,159,62,125,141,125,134,126,123.8,130.0,42.36106703094246
26,K,137,164,166,100,188,148,143,70,152,155,136,160,176,107,180,161,163,153,160,158,148.85,156.5,27.572223341616827
27,I,91,128,61,9,71,72,21,32,67,68,91,125,56,6,55,116,115,94,107,109,74.7,71.5,36.4816392175571
28,Y,11,99,91,105,41,132,23,97,162,159,18,95,91,89,48,130,153,152,93,137,96.3,96.0,46.372513410424496
29,S,36,44,54,58,63,68,62,38,66,67,25,34,53,36,67,94,94,88,99,92,61.9,62.5,21.97930845135943
30,T,80,76,12,38,88,63,51,9,57,87,84,83,10,52,80,116,114,101,117,113,71.55,80.0,33.80011094656347
31,I,34,24,4,16,29,41,15,36,54,95,30,17,1,14,26,113,129,85,108,129,50.0,32.0,41.827024756728754
32,G,2,46,4,28,14,36,35,2,35,34,12,46,13,34,13,56,54,49,50,51,30.7,34.5,18.000277775634466
33,K,132,149,94,125,103,134,130,11,134,122,123,127,91,125,79,186,203,196,177,181,131.1,128.5,43.86559015903012
34,A,57,45,0,17,47,1,0,0,1,18,29,58,1,18,45,80,85,66,77,84,36.45,37.0,30.860127997142197
35,A,3,16,0,6,22,53,29,2,50,40,2,17,2,16,19,55,79,55,27,70,28.15,20.5,24.004739115433022
36,E,14,118,115,117,50,135,130,52,135,130,10,122,97,115,43,137,162,176,139,136,106.65,120.0,45.97637980528698
37,R,111,157,98,136,184,146,124,3,114,174,140,172,98,116,155,215,235,228,212,229,152.35,150.5,55.57722105323367
38,F,81,69,13,10,141,53,14,0,60,57,111,21,11,10,125,145,180,161,135,155,77.6,64.5,59.62164036656489
39,A,0,28,40,46,40,63,68,6,50,48,0,29,41,49,42,70,90,91,67,66,46.7,47.0,25.227167894950078
40,E,55,107,133,117,142,169,166,41,173,159,42,110,122,123,107,172,186,197,179,184,134.2,137.5,46.391378509373915
41,S,55,66,14,77,102,49,57,39,59,62,69,83,18,75,101,45,71,61,45,55,60.15,60.0,22.002897536460964
42,E,35,30,38,102,129,178,177,172,182,160,61,20,34,107,98,179,190,192,180,180,122.2,144.5,63.01317322592157
43,I,32,100,124,44,147,140,142,38,142,140,15,108,127,32,150,144,160,145,137,140,110.35,138.5,47.24751316207023
44,G,37,35,34,31,22,0,3,0,9,8,36,35,37,28,20,12,28,29,4,9,20.85,25.0,13.406248543123464
45,S,83,31,23,65,70,47,58,70,56,42,57,34,20,70,79,53,70,90,63,62,57.15,60.0,18.871340704888986
46,A,16,17,29,87,49,63,63,63,65,58,13,20,25,86,42,67,88,87,67,68,53.65,63.0,25.054490615456544
47,A,72,57,68,38,17,30,46,15,32,45,63,51,73,26,9,61,76,82,57,55,48.65,53.0,21.088563251203244
48,I,151,102,77,5,24,65,50,37,57,57,143,102,69,5,25,96,94,137,59,80,71.75,67.0,41.431720939396186
49,D,121,15,15,89,39,108,100,114,90,103,136,13,15,107,42,83,102,99,75,115,79.05,94.5,39.35158827798441
50,G,55,35,78,41,39,34,31,36,24,31,62,31,76,42,42,45,52,56,47,55,45.6,42.0,14.329689459300925
51,L,97,128,106,29,11,45,26,26,38,53,99,122,119,18,7,142,119,165,141,115,80.3,98.0,50.26639036175166
52,V,32,66,60,6,19,70,82,67,83,83,27,71,59,21,14,55,70,83,44,79,54.55,63.0,25.132598353532806
53,Q,129,35,68,100,57,93,124,104,99,97,110,36,75,86,55,41,74,194,44,143,88.2,89.5,39.2588843448206
54,G,42,33,2,21,16,13,3,7,5,6,31,34,0,16,26,26,25,69,40,52,23.35,23.0,17.82210705836995
55,S,11,50,10,11,8,44,55,66,65,53,5,51,19,8,10,56,40,57,51,45,35.75,44.5,21.745976639369406
56,V,21,9,8,6,9,62,71,58,74,60,13,15,8,5,12,50,52,56,53,76,35.9,35.5,26.271467412384865
57,H,70,83,29,71,31,10,71,73,87,75,64,96,22,63,34,72,59,123,72,84,64.45,71.0,26.622312070892715
58,S,5,66,8,0,4,13,22,35,20,34,10,66,6,0,3,43,30,47,45,63,26.0,21.0,22.167543842293398
59,I,4,78,32,39,1,140,145,146,146,145,0,81,12,32,6,142,140,133,134,146,85.1,107.0,60.24026892370252
60,I,28,4,66,48,3,123,124,121,117,122,37,13,75,58,9,131,108,147,132,133,79.95,91.5,49.75085426402244
61,T,20,88,96,64,0,55,91,82,83,80,27,89,72,44,0,62,67,50,63,70,60.15,65.5,28.183816278140903
62,G,5,45,26,3,1,73,17,74,31,50,3,51,22,9,0,70,65,74,68,68,37.75,38.0,28.119166061602893
63,E,2,9,77,84,1,103,76,93,193,54,2,11,68,92,19,77,90,116,98,73,66.9,76.5,47.302114117658626
64,S,2,67,4,87,22,74,65,62,48,29,0,63,4,75,37,60,74,80,59,60,48.6,60.0,27.88261106854951
65,Y,29,206,19,120,6,21,108,60,93,84,6,226,43,88,17,140,139,141,125,111,89.1,90.5,62.6297852463187
66,G,6,43,6,2,1,3,9,23,10,7,13,38,3,2,0,56,44,46,55,49,20.8,9.5,20.34846431552023
67,E,20,136,25,154,46,96,44,90,61,56,22,111,29,155,38,139,96,120,99,93,81.5,91.5,44.22612350183995
68,S,4,93,15,64,9,20,79,48,63,41,4,86,12,67,10,48,34,68,45,51,43.05,46.5,27.794738710770428
69,V,1,118,14,21,1,16,30,29,37,36,1,114,15,26,1,69,74,27,50,27,35.35,27.0,33.41148754545359
70,K,107,106,88,80,29,89,47,39,65,90,82,125,61,79,43,84,80,95,77,75,77.05,80.0,23.56581210143202
71,Q,19,19,26,144,47,117,47,92,35,40,16,33,20,146,62,71,59,68,75,69,60.25,53.0,38.31823978211943
72,A,18,41,14,69,10,33,48,4,46,43,21,41,14,65,10,0,0,0,3,1,24.05,16.0,21.81851278158069
73,V,8,87,4,77,4,34,15,10,74,41,15,80,2,78,5,5,3,3,4,3,27.6,9.0,31.466490112499038
74,L,119,43,43,20,9,56,18,14,12,45,109,64,26,14,8,0,7,0,1,6,30.7,16.0,33.40224543350342
75,L,44,0,25,53,12,88,44,4,56,22,28,0,32,50,12,11,13,12,13,11,26.5,17.5,22.31703385309078
76,N,25,110,7,132,20,108,72,10,117,108,12,105,6,130,16,14,20,4,1,10,51.35,20.0,49.616806628399615
77,V,79,93,71,16,23,25,26,5,100,82,99,94,63,11,22,19,19,28,26,20,46.05,26.0,33.27683127943525
78,L,161,11,28,24,3,82,89,9,64,87,161,11,15,27,3,5,6,8,14,14,41.1,14.5,48.75438441822438
79,G,46,15,49,73,0,68,37,2,68,64,36,15,54,75,0,14,13,19,15,15,33.9,27.5,25.536052944807267
80,S,97,54,59,52,30,80,106,4,65,32,95,54,45,55,31,97,95,90,83,91,65.75,62.0,27.843984987785063
81,G,33,27,15,32,19,33,47,26,43,30,40,28,16,29,17,63,77,74,73,81,40.15,32.5,21.14775401786204
82,E,153,18,119,176,141,124,127,46,141,141,86,16,130,179,113,25,32,33,40,55,94.75,116.0,54.455371635863436
83,E,123,139,132,72,134,169,166,154,180,151,105,133,141,73,129,126,129,127,110,127,131.0,130.5,26.709548854295537
84,I,37,97,47,10,4,123,138,50,138,143,76,103,37,9,8,2,8,4,5,8,52.35,37.0,51.24965853544783
85,P,31,39,37,48,25,47,31,32,63,35,53,36,33,56,35,6,6,8,9,8,31.9,34.0,16.81041343929411
86,D,100,45,68,118,85,88,95,125,82,75,81,55,89,113,82,9,11,11,13,10,67.75,81.5,37.637580953084644
87,P,55,95,93,148,23,93,69,94,71,92,28,85,94,121,15,0,0,0,0,0,58.8,70.0,45.52208255341577
88,L,23,111,22,55,3,169,139,169,158,151,5,118,17,41,6,23,23,24,25,22,65.2,24.5,60.93160099652724
89,S,8,9,51,40,3,43,56,42,46,48,13,7,55,46,9,30,32,33,29,32,31.6,32.5,17.13300907604966
90,P,71,54,84,88,50,98,85,101,87,96,82,76,87,87,73,71,73,76,75,74,79.4,79.0,12.646738710039042
91,G,36,43,19,46,3,50,42,47,44,49,16,45,16,50,3,44,46,46,45,47,36.85,44.5,15.379450575361917
92,E,3,25,12,40,23,66,73,71,78,74,0,15,15,36,23,68,69,70,73,65,44.95,52.5,27.291894401085464
93,R,32,98,146,80,77,126,127,88,134,135,27,59,155,108,96,18,18,18,19,15,78.8,84.0,48.31521499486471
94,G,33,21,33,17,27,42,39,43,30,42,28,39,33,21,21,42,42,35,34,33,32.75,33.0,7.930163932731782
95,I,15,89,28,8,36,100,100,84,85,101,8,89,26,10,34,125,121,109,123,108,69.95,87.0,42.29004019860942
96,Q,0,51,14,33,14,83,47,67,60,73,4,35,27,42,12,42,44,39,59,52,39.9,42.0,22.4073648606881
97,A,44,47,40,19,26,50,64,47,56,52,43,49,47,24,25,61,61,61,62,59,46.85,48.0,13.558300040934334
98,K,135,134,49,33,179,134,147,136,169,137,118,131,42,37,178,107,138,145,147,144,122.0,135.5,44.26511041441103
99,L,1,15,9,10,15,88,81,86,96,84,1,30,5,9,13,71,75,85,84,93,47.55,50.5,37.521293954233506
100,K,47,131,110,23,2,109,107,84,99,104,21,134,124,26,1,42,47,40,52,47,67.5,49.5,42.90512789865566
101,E,106,106,56,46,119,131,99,130,107,135,112,131,54,29,134,77,106,105,98,102,99.15,106.0,30.350082372211116
102,L,47,62,4,9,144,83,82,81,48,81,37,35,4,13,139,85,89,99,111,96,67.45,81.0,40.93833777768706
103,E,4,29,20,86,31,78,68,83,79,67,0,30,19,65,27,41,79,88,57,90,52.05,61.0,29.14356704317438
104,D,64,50,89,6,8,58,30,30,23,39,44,39,70,1,11,36,38,30,41,29,36.8,37.0,21.66471786107541
105,E,112,109,44,48,29,67,45,95,80,66,101,96,15,13,9,77,78,78,81,69,65.6,73.0,30.85838621833617
106,Q,28,19,31,79,67,126,128,125,124,124,29,5,40,73,71,144,147,142,149,138,89.45,101.5,49.00864719618366
107,R,91,121,144,75,70,145,144,129,120,99,84,123,139,77,69,84,48,53,102,53,98.5,95.0,31.87397057161219
108,N,137,105,88,28,10,53,18,29,19,18,112,111,84,18,16,28,29,25,27,25,49.0,28.0,39.47530873850133
109,E,142,70,7,108,56,57,37,59,35,43,131,41,7,96,59,58,82,55,48,94,64.25,57.5,34.90397541828151
110,L,89,31,70,72,98,96,99,93,118,117,95,38,75,80,97,116,111,113,111,97,90.8,96.5,23.5957623314018
111,V,69,102,127,27,37,52,42,34,38,57,68,110,126,17,50,17,4,2,13,4,49.8,40.0,38.72415266987775
112,R,29,125,144,112,37,32,21,27,25,26,27,139,134,119,33,47,49,49,44,54,63.65,45.5,43.99008410994459
113,L,95,2,116,132,61,95,95,88,99,98,81,2,121,138,81,119,124,125,123,128,96.15,98.5,37.026038135344706
114,K,84,88,66,133,150,170,169,168,160,137,97,89,56,125,150,94,101,100,108,111,117.8,109.5,34.260180968582176
115,Y,4,170,118,120,98,81,87,68,84,35,6,157,126,126,103,5,15,16,18,30,73.35,82.5,52.4645356407545
116,N,13,71,3,20,41,35,34,29,29,34,8,64,2,23,37,33,31,32,29,38,30.3,31.5,16.700598791660138
117,D,26,8,26,86,104,112,113,109,109,112,22,16,59,81,100,122,124,124,124,123,85.0,106.5,41.030476477857285
118,K,6,119,26,78,99,145,141,122,144,97,11,124,22,89,116,97,114,112,113,111,94.3,111.5,42.5677107676699
119,I,7,63,8,39,29,35,19,14,31,28,9,66,17,53,38,0,0,0,0,0,22.8,18.0,20.679941972839288
120,K,109,0,28,107,132,82,81,61,62,85,86,2,70,77,154,42,42,43,46,46,67.75,66.0,38.31823978211943
121,E,50,53,39,101,137,169,169,171,168,137,33,54,38,115,152,172,171,172,173,171,122.25,144.5,54.594757074283244
122,K,0,141,3,150,72,95,84,113,118,81,0,132,5,139,89,81,82,84,81,87,81.85,84.0,45.87076955970981
123,F,28,53,4,78,23,35,30,27,40,16,29,59,8,83,31,15,14,14,12,16,30.75,27.5,21.533404282648853
124,G,3,18,2,15,24,28,29,27,26,28,14,19,16,15,25,25,27,25,25,26,20.85,25.0,7.747741606429581
125,K,0,196,55,143,152,160,115,122,119,125,1,194,45,163,157,149,152,148,150,157,125.15,148.5,54.989339876015976
126,E,0,138,10,100,46,57,48,50,53,47,0,130,13,104,67,59,60,61,59,58,58.0,57.5,36.79130332021414
127,L,23,88,4,8,7,4,3,4,3,3,21,90,7,12,5,0,0,0,0,0,14.1,4.0,25.73305267549888
128,E,13,113,42,107,135,68,62,58,57,61,4,94,62,104,141,57,57,59,55,60,70.45,60.5,34.57669012499606
129,E,3,26,20,88,90,67,48,47,45,50,6,22,20,90,101,57,65,57,61,56,50.95,53.0,27.693816999467593
130,V,4,101,6,16,10,1,0,0,1,0,4,102,3,15,12,0,1,0,0,0,13.8,2.0,29.665805230938865
131,Y,92,96,43,126,56,14,6,16,7,20,101,81,64,114,64,10,6,10,8,8,47.1,31.5,40.88019080190307
132,N,21,3,79,111,94,90,86,86,91,87,29,4,46,91,93,39,46,27,15,26,58.2,62.5,34.65198407017988
133,F,2,124,6,77,153,33,47,62,44,37,14,114,3,80,149,54,55,53,56,53,60.8,53.5,43.454113729312205
134,M,88,99,0,88,3,16,22,27,26,24,109,100,1,88,2,74,73,71,72,57,52.0,64.0,37.31487638998688
135,N,102,15,50,102,65,93,59,62,57,60,101,23,54,108,56,52,53,59,60,58,64.45,59.0,24.401792966911263
136,G,45,6,49,34,44,41,42,27,24,25,43,7,39,39,42,64,67,64,60,64,41.3,42.0,17.170032032585144
137,E,97,139,69,107,55,52,28,81,75,52,86,124,68,102,46,133,137,125,103,126,90.25,91.5,33.11023255732282
138,A,59,34,47,1,21,67,71,63,71,71,60,36,41,1,23,32,34,31,68,32,43.15,38.5,21.824928407671813
139,N,124,3,76,127,116,168,141,144,144,147,125,4,90,134,111,122,137,105,78,106,110.1,123.0,42.13537706013795
140,A,6,28,0,57,89,62,51,47,49,62,11,33,0,66,90,76,90,75,77,73,52.1,59.5,29.17687440422637
141,E,30,137,52,110,78,168,198,202,177,165,43,132,51,112,70,157,166,156,159,159,126.1,146.5,52.79195014393767
142,I,54,54,100,164,138,77,65,65,45,30,61,56,99,169,129,25,39,14,19,15,70.9,58.5,46.54449484095836
143,E,99,2,21,80,149,155,149,127,137,141,92,4,45,87,150,154,165,138,132,141,108.4,134.5,51.33458872923791
144,D,0,102,0,41,57,126,109,135,133,124,1,105,3,51,77,111,115,108,111,113,81.1,106.5,47.276738466184405
145,E,35,99,71,170,74,80,116,22,77,64,23,97,64,169,62,56,58,56,55,54,75.1,64.0,38.74519325026009
146,K,143,2,58,136,16,74,79,91,81,67,147,4,71,124,29,74,76,78,78,80,75.4,77.0,40.3836600619607
147,Q,18,106,2,41,31,47,6,27,26,20,44,108,7,32,34,51,49,48,47,49,39.65,37.5,26.98013157862652
148,F,1,159,30,74,29,16,15,10,15,21,2,144,24,93,34,26,26,26,19,16,39.0,25.0,43.06506704975623
149,D,39,31,103,81,51,62,63,46,61,85,55,36,104,87,31,71,73,69,67,68,64.15,65.0,20.89802622258858
150,I,72,63,30,119,2,13,3,5,9,8,59,56,25,121,3,0,2,1,1,1,29.65,8.5,38.00167759454837
151,L,3,49,3,12,21,1,0,3,1,0,5,51,5,9,21,0,0,0,0,0,9.2,3.0,14.99199786552813
152,N,8,26,64,79,5,46,51,50,47,54,5,22,66,84,8,63,61,62,47,61,45.45,50.5,24.06132789353073
153,K,131,192,134,146,119,75,75,77,77,78,132,192,145,152,121,44,43,41,42,43,102.95,98.5,48.38023873442545
154,A,31,11,7,35,0,0,0,1,0,0,21,13,5,37,0,0,0,0,0,0,8.05,0.0,12.379317428679174
155,V,4,1,7,31,0,3,1,6,0,2,6,3,20,31,1,0,0,0,0,0,5.8,1.5,9.516301802696256
156,T,38,73,102,90,46,26,22,28,27,23,35,72,97,87,33,28,27,28,37,28,47.35,34.0,27.092941885295513
157,S,52,49,42,71,24,2,3,1,3,3,57,50,46,75,7,1,1,0,1,2,24.5,5.0,26.51320425750158
158,Y,9,2,1,19,15,2,0,1,0,4,5,7,6,22,16,7,7,6,7,7,7.15,6.5,6.134125854594117
159,N,9,56,61,62,9,9,8,12,10,21,9,47,100,63,9,13,11,11,14,15,27.45,12.5,26.263044377984823
160,K,145,131,140,125,128,92,87,91,86,85,139,126,143,126,127,72,75,75,68,76,106.85,108.5,27.27320113224702
161,I,68,49,33,71,10,5,5,3,5,5,67,41,26,63,11,0,0,0,0,0,23.1,7.5,26.103448048102766
162,L,2,7,3,15,14,5,1,1,0,1,1,21,3,15,15,2,2,4,4,4,6.0,3.5,6.115553940568262
163,T,47,68,74,54,63,58,58,61,58,56,47,88,81,56,57,61,60,61,55,60,61.15,59.0,9.804463269348304
164,E,148,107,128,93,104,55,66,50,52,53,150,106,134,85,103,42,43,44,62,44,83.45,75.5,36.175233240436754
165,E,101,5,59,51,21,27,15,14,18,7,109,2,32,53,49,10,14,24,8,9,31.4,19.5,29.73953597486013
166,D,88,14,112,17,112,12,12,12,21,14,87,28,91,16,122,19,14,15,18,14,41.9,17.5,40.21803078222503
167,L,49,99,149,83,132,72,65,58,89,61,55,65,148,76,118,72,99,99,65,99,87.65,79.5,29.280155395762502
168,Q,47,81,65,31,87,58,93,77,62,58,45,66,67,23,71,21,26,25,27,27,52.85,58.0,22.861047657533106
169,M,111,13,94,18,23,29,24,27,30,31,103,11,108,22,45,4,4,7,3,4,35.55,23.5,35.999270825948685
170,R,72,166,97,63,127,115,115,119,112,118,53,150,76,129,119,117,118,118,118,116,110.9,117.5,26.602443496791796
171,R,46,91,35,120,109,124,171,155,142,158,42,138,64,124,88,137,100,101,145,99,109.45,114.5,38.669723298725586
172,L,6,10,10,28,10,6,22,17,9,12,3,10,12,26,15,0,0,0,0,0,9.8,10.0,8.328265125462805
173,A,23,58,28,2,6,2,1,1,0,1,11,51,23,2,4,2,1,2,1,1,11.0,2.0,16.71227094083865
174,T,5,92,0,64,56,84,63,58,66,61,6,74,4,33,61,68,67,67,66,67,53.1,63.5,26.999814814179743
175,A,2,20,4,22,9,9,8,10,20,25,1,0,1,12,26,0,0,0,0,0,8.45,6.0,9.080060572485184
176,L,30,34,2,39,2,0,0,0,0,0,24,37,0,37,2,2,2,1,1,1,10.7,2.0,15.20559107696902
177,Q,14,113,44,69,135,103,101,100,110,103,24,121,32,72,131,104,105,105,106,104,89.8,103.5,34.37237262686415
178,K,24,73,1,166,135,101,142,128,123,140,24,51,8,148,104,59,62,62,64,60,83.75,68.5,48.841452681098666
179,E,0,112,6,58,43,1,7,10,6,8,0,94,6,70,34,144,145,145,144,146,58.95,38.5,58.44097449563962
180,I,36,23,30,90,53,77,87,76,82,21,35,3,26,75,44,121,126,127,126,129,69.35,75.5,40.32279132203028
181,G,2,17,0,39,36,68,77,66,74,31,0,8,1,35,28,80,79,80,80,83,44.2,37.5,31.454093533274804
182,E,11,127,0,185,66,124,161,157,147,145,9,133,1,179,50,126,133,131,131,131,107.35,131.0,59.283450473129506
183,R,40,68,80,135,55,108,126,116,104,65,39,60,87,119,45,29,35,33,33,34,70.55,62.5,35.10053418396934
184,T,0,8,1,111,3,67,76,74,77,101,0,3,6,114,3,75,72,71,75,71,50.4,71.0,40.637913332256616
185,H,9,125,10,83,25,158,155,156,154,144,6,117,16,45,14,157,160,157,158,161,100.5,134.5,63.6698515782784
186,A,4,50,4,38,34,69,68,69,71,72,1,51,7,31,20,69,50,51,68,49,43.8,50.0,24.52875863145137
187,E,42,51,54,89,64,66,77,80,75,87,58,47,37,106,74,33,16,18,31,15,56.0,56.0,25.461735997374568
188,T,3,62,1,3,18,44,46,38,52,47,1,49,1,10,13,59,59,60,60,59,34.25,45.0,23.926711015097748
189,V,1,74,6,37,8,58,53,53,58,59,1,70,11,38,10,59,60,60,61,61,41.9,55.5,24.849346067854583
190,M,103,109,38,59,43,40,52,56,53,66,61,116,39,20,46,35,28,24,44,28,53.0,45.0,26.65332999833229
191,V,52,24,59,68,46,1,4,3,3,2,51,11,61,76,50,2,3,3,3,3,26.25,7.5,26.94229945643096
192,K,149,174,88,39,140,81,81,83,89,55,141,153,90,37,177,135,135,135,134,134,112.5,134.0,41.13939717594316
193,E,127,139,102,5,161,106,112,128,102,91,177,132,117,4,141,56,48,60,55,49,95.6,104.0,47.25822679703503
194,Y,78,47,125,58,17,44,53,42,36,54,131,44,110,72,55,4,3,3,4,4,49.2,45.5,38.308745737755494
195,R,163,155,111,87,154,33,18,35,45,27,146,150,84,88,157,63,47,62,66,68,87.95,76.0,48.556642182094926
196,D,95,124,80,75,89,71,66,68,68,55,111,152,109,77,112,88,76,72,70,69,86.35,76.5,23.488880347943365
197,K,32,128,112,20,69,154,144,106,73,64,54,71,109,5,42,33,17,9,9,7,62.9,59.0,47.07111640911016
198,I,41,38,18,15,6,12,13,3,13,9,33,31,5,33,5,5,4,4,7,6,15.05,10.5,12.41561516800517
199,D,56,78,71,34,69,48,23,59,63,48,53,108,60,26,91,80,68,76,79,81,63.55,65.5,20.76649946428141
200,A,45,77,55,13,77,59,34,61,46,34,47,80,51,3,67,38,41,42,44,41,47.75,45.5,19.130799774186126
201,L,2,55,0,4,110,45,29,33,15,10,0,60,6,15,87,1,1,1,2,1,23.85,8.0,31.21421951611157
202,K,89,112,49,97,61,13,8,13,23,13,81,118,62,72,61,27,25,23,27,28,50.1,38.5,34.29708442418976
203,N,88,102,108,12,83,67,7,72,81,56,91,101,99,13,84,94,94,97,97,94,77.0,89.5,30.428604963093527
204,A,9,5,16,2,62,43,12,55,32,11,4,9,22,2,77,23,22,21,20,19,23.3,19.5,20.30295544988463
205,I,0,86,5,44,131,25,13,13,27,14,0,69,9,40,125,6,5,6,5,7,31.5,13.0,39.24219667653686
206,E,38,83,39,92,99,49,20,40,57,41,40,80,80,94,96,50,56,53,54,60,61.05,55.0,22.71667889459196
207,V,85,27,63,34,34,87,15,106,83,59,84,22,84,35,33,108,109,111,103,102,69.2,83.5,32.90227955628607
208,E,18,3,6,48,106,81,10,46,86,2,13,2,10,53,103,57,57,60,67,63,44.55,50.5,33.644427473208694
209,R,1,131,28,148,141,78,48,53,57,66,3,145,30,145,153,59,49,54,56,67,75.6,58.0,48.48546173854591
210,D,67,82,81,100,73,74,24,119,110,69,67,86,66,105,56,122,128,123,124,118,89.7,84.0,27.70758019026562
211,G,11,7,8,38,12,6,11,26,21,12,15,4,17,33,14,65,63,67,65,62,27.85,16.0,22.68760674906016
212,M,2,44,20,111,140,49,32,30,9,41,2,48,15,106,137,46,44,44,48,46,50.7,44.0,39.92755940450155
213,Q,83,108,53,5,138,75,36,27,64,38,80,97,77,8,149,157,174,166,164,176,93.75,81.5,55.76546870600121
214,E,117,12,117,82,105,47,35,93,71,70,121,0,122,86,109,201,193,167,196,163,105.35,107.0,56.854441339265655
215,E,6,127,28,104,125,49,7,82,60,117,11,92,59,116,134,104,119,106,103,112,83.05,103.5,41.683899769575305
216,A,9,40,28,27,55,42,5,2,18,3,9,48,34,20,59,22,28,24,29,15,25.85,25.5,16.298082709325044
217,I,114,19,98,28,107,83,102,12,17,99,104,13,106,26,129,3,28,2,1,2,54.65,28.0,46.54489767955237
218,Q,109,12,126,46,110,56,40,87,24,121,116,6,145,74,86,2,4,2,8,14,59.4,51.0,48.34501008377183
219,E,13,107,44,62,26,92,21,30,15,68,34,99,53,58,20,33,33,29,19,36,44.6,33.5,27.523444551872494
220,I,85,142,49,12,47,65,69,46,4,23,45,142,49,11,48,6,8,8,8,9,43.8,45.5,40.46306958202751
221,A,81,70,76,1,9,35,1,73,18,45,76,62,81,3,23,37,31,36,34,18,40.5,35.5,27.607064313323864
222,G,60,55,63,29,42,15,2,40,22,22,56,45,54,32,44,38,38,35,24,25,37.05,38.0,15.641211589899296
223,M,144,176,114,23,95,67,17,63,18,4,145,179,106,25,94,5,6,6,3,1,64.55,44.0,60.78032165100806
224,T,60,17,106,17,4,60,68,91,27,13,52,16,86,10,8,83,82,86,85,84,52.75,60.0,33.905567389442105
225,A,36,53,35,2,25,37,21,10,11,3,31,49,33,5,23,47,71,67,50,63,33.6,34.0,20.775947631816944
226,D,83,101,50,73,57,48,24,72,97,41,99,108,57,69,55,127,128,122,128,117,82.8,78.0,31.76098235256586
227,V,10,11,28,68,5,78,8,29,87,24,21,6,14,56,8,32,33,34,33,42,31.35,28.5,23.58659576963153
228,L,5,90,11,22,3,28,11,51,69,5,2,39,10,18,7,13,30,25,23,13,23.75,15.5,22.516382924439707
229,E,2,118,18,64,92,57,76,23,34,46,2,117,14,38,85,86,49,49,88,55,55.65,52.0,34.07678828763063
230,A,25,52,0,25,15,45,3,19,50,42,23,49,0,13,17,47,44,41,35,38,29.15,30.0,16.921214495419648
231,A,0,1,14,11,10,32,4,38,22,6,0,1,11,14,24,8,8,8,12,10,11.7,10.0,10.035437210206638
232,S,4,42,16,20,7,7,7,1,12,20,1,39,10,20,4,8,1,11,9,0,11.95,8.5,11.351101268158962
233,E,29,145,20,128,147,102,24,24,101,71,57,140,4,139,138,15,8,4,8,9,65.65,43.0,55.91893686399984
234,E,24,47,19,38,90,147,7,119,37,125,14,46,31,46,83,7,11,18,8,9,46.3,34.0,42.158154608568914
235,V,7,6,17,22,32,69,29,42,48,47,5,10,11,19,19,10,11,20,14,10,22.4,18.0,16.74932834474267
236,P,8,93,0,95,55,57,66,47,26,46,6,78,0,101,50,15,19,21,17,22,41.1,36.0,31.78505938330145
237,L,67,120,72,101,73,99,96,27,3,142,67,132,64,99,70,9,11,10,10,12,64.2,68.5,43.78652760838658
238,I,0,37,10,9,4,60,6,113,4,96,0,48,13,15,2,13,13,14,14,15,24.3,13.0,30.862760731988963
239,G,0,46,0,0,0,33,17,11,32,13,0,38,0,5,1,13,29,30,31,30,16.45,13.0,15.226539331049587
240,A,29,56,6,41,31,10,56,7,2,20,29,56,5,39,39,67,62,62,58,58,36.65,39.0,21.712381260469797
241,G,0,41,14,8,19,23,20,9,19,31,0,46,11,10,23,69,10,2,2,2,17.95,12.5,17.21765082698566
242,M,1,40,14,3,0,5,62,10,8,20,4,46,34,6,0,106,158,148,143,125,46.65,17.0,54.87100782744927
243,A,3,63,6,3,12,48,7,25,90,34,3,58,5,1,6,111,40,34,42,38,31.45,29.5,30.281140995675838
244,T,58,77,77,43,11,63,2,44,55,9,43,78,80,45,8,102,126,116,132,116,64.25,60.5,39.168705620686524
245,A,12,24,10,6,0,1,41,6,4,9,4,22,11,30,1,16,15,13,13,4,12.1,10.5,10.246462804304711
246,V,22,102,21,1,6,12,82,65,61,55,21,100,22,1,14,33,9,0,17,20,33.2,21.0,31.734208671400648
247,A,27,51,68,1,1,65,1,11,54,3,43,54,58,1,1,0,0,0,0,0,21.95,2.0,26.19441734415942
248,T,100,34,58,58,17,43,67,21,29,10,108,29,51,61,13,6,3,19,9,3,36.95,29.0,30.065719682056507
249,G,35,34,32,44,0,26,24,9,1,25,41,15,22,49,0,1,1,0,2,1,18.1,18.5,16.6520269036535
250,R,245,157,147,35,12,155,89,153,133,52,258,162,173,36,15,58,49,52,56,36,103.65,73.5,72.69544346105883
251,A,41,72,27,14,10,40,30,41,41,8,31,53,23,14,15,10,4,2,9,4,24.45,19.0,18.43495321393575
252,I,90,31,81,9,17,11,0,6,0,30,97,20,92,10,24,0,0,0,0,0,25.9,10.5,33.601934468122515
253,E,145,92,125,167,55,63,28,61,27,47,145,105,132,185,60,15,15,15,16,16,75.7,60.5,55.36975708814334
254,G,11,27,7,33,4,32,24,17,29,29,16,29,9,27,7,11,12,10,14,11,17.95,15.0,9.40465310365034
255,A,0,43,6,1,18,5,0,2,0,6,2,40,10,1,15,1,4,1,0,4,7.95,3.0,12.19620842721212
256,Y,77,153,108,63,71,41,53,25,7,115,95,145,130,65,75,2,1,2,1,2,61.55,64.0,49.722706080823876
257,K,83,12,84,53,47,16,11,38,15,13,87,9,94,46,56,57,56,48,49,51,46.25,48.5,26.428914090442685
258,L,0,78,4,27,6,0,0,1,0,1,0,67,3,28,8,0,0,0,0,0,11.15,0.5,22.05283428496211
259,K,25,137,39,18,35,8,22,35,5,7,26,139,36,21,15,29,27,30,32,32,35.9,28.0,35.363681935002184
260,K,149,33,126,6,37,86,66,64,41,68,151,33,116,3,48,86,90,86,78,79,72.3,73.0,40.65353613155933
261,V,32,0,4,6,11,22,3,4,3,5,22,1,6,9,12,0,0,0,0,0,7.0,4.0,8.677557259966655
262,I,0,95,13,11,0,1,0,2,0,1,0,98,18,19,0,0,1,1,1,0,13.05,1.0,28.466603239585858
263,N,46,87,2,4,2,32,46,42,23,36,54,87,5,8,4,65,67,68,64,69,40.55,44.0,28.58054408159509
264,A,73,12,20,26,1,87,67,54,65,61,70,12,31,23,3,54,56,58,59,57,44.45,55.0,25.14254362629207
265,L,19,79,11,9,1,32,1,9,4,4,21,63,2,12,0,8,8,7,6,6,15.1,8.0,20.235859260234047
266,S,29,65,0,3,0,3,10,1,1,0,24,60,1,1,0,0,0,0,0,0,9.9,1.0,19.240322242623698
267,G,40,11,1,9,0,27,6,30,24,22,41,14,0,19,0,11,10,10,15,16,15.3,12.5,12.012909722461082
268,I,81,96,15,20,39,9,5,13,9,4,71,95,13,11,31,1,1,2,1,2,25.95,12.0,31.745038982492993
269,D,5,94,89,10,48,16,29,27,46,29,6,89,103,9,46,36,35,34,35,36,41.1,35.0,29.279515023305965
270,L,77,48,13,25,23,3,0,3,0,3,70,49,20,10,23,1,1,1,1,1,18.6,6.5,23.450799559929717
271,T,122,83,46,7,1,6,55,41,11,48,120,84,37,6,1,47,50,48,48,48,45.45,47.5,34.83887914385306
272,H,110,63,140,7,15,4,3,5,3,2,100,84,186,5,10,7,8,10,9,7,38.9,8.5,53.78745206830307
273,L,19,26,20,2,29,0,3,2,0,2,11,17,51,15,18,1,2,2,1,2,11.15,2.5,13.012590057325252
274,R,140,162,118,19,38,13,19,19,24,41,143,162,93,25,60,70,64,68,78,66,71.1,65.0,48.602366197542274
275,T,55,61,120,13,8,3,0,14,0,14,51,69,129,11,4,12,13,14,15,13,30.95,13.5,37.19203543771166
276,P,2,7,20,25,3,11,0,3,3,11,4,16,13,20,5,8,6,10,8,7,9.1,7.5,6.594694837519018
277,K,106,58,41,58,85,38,4,15,25,76,73,49,34,70,73,43,67,69,56,45,54.25,57.0,23.94759904458065
278,I,0,123,125,31,0,43,19,25,44,37,0,130,112,24,1,18,20,17,15,15,39.95,22.0,43.25445063805573
279,E,8,58,9,58,51,6,5,1,4,3,5,76,6,69,63,4,4,4,5,4,22.15,5.5,26.83705460738939
280,P,4,7,42,93,4,16,13,10,13,11,2,6,39,101,8,9,9,10,8,9,20.7,9.5,27.36073829413234
281,S,23,95,83,26,22,36,28,34,32,32,31,97,74,19,29,29,28,27,30,26,40.05,29.5,24.27442069339658
282,V,2,108,19,10,42,10,22,13,9,14,3,124,27,8,44,3,2,3,3,3,23.45,10.0,33.225705410118834
283,V,9,31,10,10,0,14,4,11,20,21,2,30,11,8,0,0,0,0,0,0,9.05,8.5,9.661650997629751
284,S,30,22,12,1,30,9,17,11,15,17,40,17,14,0,28,21,21,28,31,28,19.6,19.0,10.076705810928491
285,T,13,72,51,37,25,20,23,17,17,19,21,33,56,39,43,15,15,15,18,13,28.1,20.5,16.167560112769024
286,I,0,50,15,23,31,1,10,5,2,4,1,19,13,19,36,3,2,2,3,4,12.15,4.5,13.48805026681025
287,L,4,44,2,20,38,20,15,12,19,35,1,46,5,6,40,8,8,10,8,13,17.7,12.5,14.366976021418008
288,E,142,119,68,36,28,110,113,115,109,118,96,93,57,14,39,115,113,121,122,119,92.35,111.5,36.65279661908488
289,Y,12,152,131,61,104,81,69,67,72,73,16,165,133,51,92,68,68,66,76,65,81.1,70.5,38.44853703328645
290,R,22,181,104,180,114,110,44,88,96,105,34,198,122,162,131,76,73,75,81,86,104.1,100.0,46.94560682321617
291,A,31,67,97,30,79,99,29,99,97,93,40,67,79,31,77,91,92,93,93,91,73.75,85.0,25.752427070084092
292,K,143,42,107,61,142,145,153,157,154,149,154,38,92,94,143,153,156,155,152,149,126.95,147.0,38.861902938482054
293,E,85,23,106,181,152,118,115,112,117,52,80,10,150,198,168,161,148,141,141,143,120.05,129.5,48.561790535358135
294,I,103,110,77,11,110,4,1,5,11,7,119,114,89,8,112,10,6,7,11,9,46.2,11.0,48.19502048967299
295,P,78,65,4,12,41,53,52,50,53,35,87,47,5,20,52,52,53,50,52,49,45.5,51.0,20.996428267684006
296,D,17,19,89,41,122,4,24,4,15,4,14,10,106,34,131,17,20,17,16,17,36.05,17.0,39.60110478256888
297,N,107,96,57,11,107,83,92,81,90,65,111,100,68,14,95,105,105,102,102,101,84.6,95.5,28.11120772930256
298,A,50,56,7,29,32,17,17,16,18,17,59,63,8,35,23,17,18,18,18,17,26.75,18.0,16.588776326179094
299,L,6,16,27,6,17,1,4,4,2,2,4,17,20,5,18,3,1,3,3,3,8.1,4.0,7.634788798650556
300,A,14,27,10,31,58,4,0,3,1,2,8,26,8,27,59,0,0,0,0,0,13.9,6.0,18.069034285207387
301,V,73,94,6,52,97,85,65,82,82,83,92,90,12,46,95,97,96,94,97,96,76.7,87.5,26.81249708624693
302,S,55,35,8,22,8,1,4,3,2,3,35,42,7,32,20,1,1,1,1,1,14.1,5.5,16.419196082634492
303,V,2,6,14,3,23,0,1,2,1,1,1,8,15,11,20,0,0,1,0,0,5.45,1.5,7.067354526270774
304,L,15,113,12,11,121,68,62,61,61,64,20,102,9,8,113,68,68,61,67,67,58.55,63.0,35.36166709871015
305,S,73,47,11,40,35,22,14,8,8,7,64,48,8,30,55,9,6,14,7,7,25.65,14.0,21.192628435378182
306,K,26,5,69,91,0,38,13,7,12,18,35,4,61,89,0,2,8,11,0,1,24.5,11.5,29.104123419199553
307,N,0,26,10,1,40,11,5,11,5,11,0,25,12,0,34,2,3,3,2,3,10.2,5.0,11.552488909321662
308,R,98,104,38,111,160,101,104,106,102,103,152,122,36,95,161,95,101,131,95,96,105.55,102.5,30.897370438275168
309,A,37,10,44,69,18,23,2,8,10,12,35,12,28,67,24,2,3,2,2,2,20.5,12.0,20.210145966815777
310,I,3,3,53,52,10,5,1,1,1,1,4,0,44,46,9,0,0,2,1,0,11.8,2.5,18.74726646740799
311,Q,29,95,28,138,121,84,63,63,71,54,31,76,26,130,128,51,51,51,48,53,69.55,58.5,34.75266176856098
312,E,80,74,146,148,112,39,27,49,56,45,64,71,152,108,125,35,32,35,30,28,72.8,60.0,42.510704534269955
313,N,51,1,17,30,0,3,0,5,3,6,49,2,16,21,1,3,2,3,2,3,10.9,3.0,15.218081350814234
314,H,6,69,94,92,53,63,44,47,53,49,17,62,65,98,55,40,31,31,40,37,52.3,51.0,23.45442388974839
315,K,75,137,107,150,134,88,113,87,88,84,73,163,97,124,140,114,115,115,112,117,111.65,113.5,24.31928247296782
316,E,113,42,68,59,40,1,0,2,2,2,104,50,112,59,39,0,0,0,0,0,34.65,20.5,39.433836993120515
317,L,16,62,1,25,23,1,0,1,0,1,21,44,5,18,24,0,0,0,0,0,12.1,1.0,16.78064361101802
318,M,85,170,10,74,86,54,51,53,53,45,99,168,7,87,95,54,59,63,51,67,71.55,61.0,39.99559350728527
319,H,163,98,91,78,69,61,51,68,51,52,173,95,98,80,82,10,11,12,11,11,68.25,68.5,45.098641886424915
320,I,127,36,9,20,11,2,0,7,7,2,128,42,6,14,13,0,2,2,1,1,21.5,7.0,37.045242609544346
321,K,82,25,8,102,46,84,82,85,76,69,72,19,10,99,23,62,61,61,65,61,59.6,63.5,27.963190089830594
322,N,105,66,28,134,51,107,109,116,107,107,138,79,24,132,62,100,99,99,100,94,92.85,100.0,31.265436187585802
323,E,81,174,38,100,123,94,87,57,93,92,96,132,45,85,118,83,82,86,82,79,91.35,86.5,29.213481476879817
324,I,2,15,9,34,15,13,6,15,13,8,6,14,8,18,12,0,0,0,0,0,9.4,8.5,8.218272324521743
325,L,2,56,34,35,5,4,2,5,4,2,5,69,23,28,6,6,5,6,5,6,15.4,5.5,18.921944931745255
326,P,38,87,65,51,14,73,75,70,76,74,42,84,48,45,20,72,75,72,71,61,60.65,70.5,19.845087553346797
327,R,77,80,12,125,98,120,117,99,100,113,60,82,12,116,132,128,132,124,121,120,98.4,114.5,34.84451176297352
328,F,10,31,12,10,8,1,0,1,2,0,8,25,15,16,16,0,0,0,0,0,7.75,5.0,8.943573111458306
329,K,41,118,46,133,10,66,61,60,72,68,34,141,31,114,11,55,54,54,57,96,66.1,58.5,36.08864087216364
330,K,53,119,83,134,7,131,126,130,130,128,52,127,115,137,2,134,136,134,132,142,107.6,129.0,42.63613490925273
331,A,0,0,0,11,3,11,12,11,14,6,0,1,5,29,5,9,10,12,11,9,7.95,9.0,6.719188939150319
332,M,3,28,3,3,51,10,11,1,4,3,1,26,4,5,61,13,12,15,3,23,14.0,7.5,16.208022704821214
333,D,52,85,51,56,4,53,69,54,55,54,40,79,41,48,9,57,62,56,54,63,52.1,54.0,18.495675170158023
334,E,0,44,19,99,5,85,77,90,85,78,0,44,47,104,5,82,88,84,87,107,61.5,80.0,36.44790803324657
335,E,3,3,0,31,1,10,8,10,11,21,1,3,2,54,8,10,11,12,13,12,11.2,10.0,12.18441627653947
336,K,69,114,44,33,25,30,29,43,20,15,77,110,25,29,48,77,75,75,24,76,51.9,43.5,29.22310729542634
337,E,25,129,147,149,31,169,167,173,150,166,27,125,147,157,45,170,173,174,170,171,133.25,153.5,52.55651719815536
338,I,3,18,55,145,113,115,116,122,119,121,2,19,62,135,115,126,128,129,130,127,95.0,117.5,47.227110858065416
339,C,2,36,12,50,30,46,46,49,36,55,1,40,20,49,33,54,56,53,53,55,38.8,46.0,17.13942822850284
340,G,14,35,52,66,34,66,66,68,57,63,7,36,52,65,43,71,71,72,72,70,54.0,64.0,19.162463307205574
341,I,12,58,119,134,126,35,56,42,53,38,9,56,127,123,122,41,43,50,54,48,67.3,53.5,39.93882822517456
342,E,30,71,114,68,160,192,186,154,122,178,23,73,82,82,167,140,141,145,142,142,120.6,140.5,49.01367156212642
343,D,18,92,54,68,51,58,56,52,105,71,43,95,38,52,58,52,46,50,69,62,59.5,55.0,19.62778642639052
344,K,153,147,39,113,165,78,123,58,103,86,138,146,68,122,176,69,63,73,72,73,103.25,94.5,39.57255993741118
345,V,16,9,69,68,100,61,25,27,36,33,33,11,67,68,92,64,67,68,61,66,52.05,62.5,25.564575099148435
346,I,121,56,30,4,64,2,3,6,2,4,126,71,39,7,85,5,5,3,5,4,32.1,5.5,40.03860636935307
347,H,108,98,17,0,36,54,47,54,40,67,99,99,8,0,89,47,48,47,42,46,52.3,47.0,31.989216933210475
348,P,94,40,7,16,100,71,75,67,75,71,88,28,23,16,82,79,76,74,72,70,61.2,71.5,27.6289703029266
349,K,116,49,63,102,118,100,100,104,96,107,146,24,99,98,126,110,107,106,109,108,99.4,105.0,26.01038254236181
350,V,2,80,0,20,2,0,0,0,0,0,0,95,1,17,4,0,1,0,0,0,11.1,0.0,26.149378577702375
351,M,19,47,6,3,34,43,60,38,32,44,23,64,9,4,62,47,45,37,39,41,34.85,38.5,18.309218989350693
352,M,49,32,103,19,122,125,128,128,117,127,52,34,112,4,148,126,125,113,120,123,95.35,118.5,43.46294398680328
353,K,100,120,10,134,117,111,116,112,123,126,83,118,14,145,107,100,100,101,100,104,102.05,109.0,32.92943212386148
354,F,15,65,8,75,1,9,11,22,26,9,5,92,9,87,2,15,15,15,16,15,25.6,15.0,28.084515306481617
355,K,0,95,41,12,161,87,106,94,82,109,0,68,77,19,162,131,130,123,127,129,87.65,94.5,49.23644483510157
356,I,24,52,0,5,26,1,3,5,11,1,10,53,2,8,22,15,16,12,13,16,14.75,11.5,14.659041578493458
357,P,25,86,27,49,39,55,65,52,70,68,20,87,14,30,44,77,77,78,77,79,55.95,60.0,23.081323618891528
358,R,163,117,1,160,98,107,193,190,139,171,165,126,13,150,98,146,150,155,148,150,132.0,149.0,48.97039922238739
359,A,5,6,8,27,52,71,56,73,53,58,4,4,5,30,40,37,36,40,40,42,34.35,38.5,22.163652677300284
360,Q,47,126,8,90,23,43,37,31,50,54,39,107,9,103,32,56,50,60,54,56,53.75,50.0,30.466169762541533
361,Q,74,172,6,43,33,3,8,6,3,8,74,170,8,71,46,27,24,23,26,29,42.7,26.5,48.320906448451474
362,P,28,17,31,37,53,8,12,0,1,2,17,20,30,45,49,2,1,3,2,2,18.0,14.5,17.294507798720378
363,Q,5,6,10,3,16,11,4,14,3,3,2,6,6,0,27,8,5,8,9,10,7.8,6.0,5.912698199637793
364,I,72,4,10,21,1,0,1,2,1,0,47,9,13,24,5,0,0,0,0,0,10.5,1.5,18.170030269650074
365,H,133,18,1,68,38,15,14,13,18,14,135,21,1,53,45,0,0,0,0,0,29.35,14.5,39.66393197856209
366,V,80,9,20,4,1,15,21,4,16,13,78,3,15,4,1,0,0,0,0,0,14.2,4.0,22.701541797860337
367,Y,135,65,7,55,4,32,45,44,28,26,148,71,11,61,6,26,25,13,26,26,42.7,27.0,38.18651594476772
368,S,89,61,3,15,4,2,6,3,1,2,84,59,1,15,3,3,4,3,2,2,18.1,3.0,28.46734971858111
369,A,8,9,1,24,0,0,2,1,1,1,4,17,0,26,6,2,1,2,1,2,5.4,2.0,7.670723564306042
370,P,35,8,59,104,49,34,16,32,36,35,18,9,66,121,30,30,31,31,28,33,40.25,32.5,27.874495511129883
371,W,35,122,67,140,53,60,157,90,61,58,19,71,64,142,49,94,92,88,88,90,82.0,79.5,35.29305880764658
372,D,97,131,45,106,45,117,70,11,93,99,87,106,36,84,56,21,21,22,19,19,64.25,63.0,37.97087699803627
373,S,85,72,101,65,49,3,29,1,47,43,111,94,70,74,47,47,45,46,39,49,55.85,48.0,28.08429276303749
374,D,17,101,72,40,95,87,68,1,45,70,17,70,65,9,89,100,98,101,104,89,66.9,71.0,33.06342390013472
375,D,27,42,11,13,54,45,42,12,39,38,19,79,0,10,63,34,35,39,27,30,32.95,34.5,18.821463811297996
376,V,56,33,4,44,4,0,2,0,2,1,70,55,1,59,2,1,0,0,0,0,16.7,2.0,24.531816076271234
377,F,58,7,10,38,33,5,3,1,1,0,60,13,7,15,54,0,0,0,0,0,15.25,6.0,20.48139399552677
378,F,149,80,63,27,3,4,4,1,0,0,162,76,46,28,1,4,1,1,1,2,32.65,4.0,48.45851318395974
379,F,37,2,12,3,0,7,5,2,4,3,54,2,10,0,2,0,0,0,0,0,7.15,2.0,13.47321416737669
380,H,90,80,3,31,52,30,29,30,28,31,99,83,6,30,85,3,6,5,2,9,36.6,30.0,32.22948960191582
381,C,16,49,0,0,1,0,0,0,0,0,15,33,1,1,1,0,0,0,0,0,5.85,0.0,12.826827355195825
382,I,114,91,12,1,28,13,16,7,17,12,127,105,17,1,52,4,13,3,4,10,32.35,13.0,40.3983601152324
383,S,71,48,0,0,22,2,6,0,6,8,99,57,0,1,40,3,2,2,1,4,18.6,3.5,28.04888589587829
384,H,169,121,125,3,90,18,10,17,18,19,156,117,134,7,90,4,5,7,6,4,56.0,18.0,59.11260440887375
385,H,75,96,34,10,164,21,10,20,23,13,88,98,30,12,174,4,6,4,5,5,44.6,20.5,51.78551921145525
386,H,51,133,109,53,174,41,40,41,32,31,44,128,113,46,175,43,44,49,43,47,71.85,46.5,46.383483051620864
387,A,1,53,83,35,36,28,24,23,40,30,6,55,86,21,35,25,45,29,32,38,36.25,33.5,20.505791864739095
388,N,99,142,123,5,108,42,58,89,20,40,108,144,121,5,101,9,14,6,9,28,63.55,50.0,49.751859261740165
389,E,111,93,108,14,16,89,92,76,84,89,129,93,113,7,21,78,61,71,65,56,73.3,81.0,34.29446019403134
390,S,91,3,7,3,14,9,11,14,17,15,82,4,8,6,20,1,2,4,1,2,15.7,7.5,24.281886252925243
391,F,151,73,93,0,6,0,0,0,0,0,140,67,55,4,13,0,0,1,0,0,30.15,0.5,47.924184917429734
392,F,165,90,125,3,94,1,1,0,3,4,166,86,127,42,95,0,0,0,0,0,50.1,3.5,59.787875024958026
393,L,46,31,43,19,1,0,0,0,0,0,62,28,38,2,2,0,0,0,0,0,13.6,0.5,19.5816240388789
394,G,40,9,43,13,0,0,0,0,0,2,54,14,56,10,0,0,0,0,0,0,12.05,0.0,18.903637216154994
395,F,100,156,0,14,12,0,0,0,0,0,114,172,21,17,0,0,0,0,0,0,30.3,0.0,54.600457873538005
396,D,117,91,108,18,15,1,1,1,0,1,134,121,58,20,23,0,0,0,0,0,35.45,8.0,47.92856663827951
397,L,49,74,78,35,57,16,11,11,9,11,40,49,97,13,90,4,3,6,2,4,32.95,14.5,30.968492052407072
398,S,19,103,61,22,76,56,34,41,42,46,30,100,63,13,65,40,40,50,44,50,49.75,45.0,23.13195841255124
399,I,123,3,47,3,120,19,8,10,5,4,86,7,50,3,119,8,5,12,6,8,32.3,8.0,42.36991857438482
400,D,98,130,161,16,132,74,84,94,15,80,114,136,153,4,100,5,4,10,8,6,71.2,82.0,55.61798270343864
401,L,41,86,149,25,112,38,33,32,1,25,31,88,139,24,152,10,12,10,11,10,51.45,31.5,48.96884213456553
402,V,21,0,61,21,23,8,7,10,1,8,22,2,62,8,25,0,0,0,0,0,13.95,8.0,18.08168963343857
403,H,177,45,54,3,138,50,47,46,21,55,181,51,77,4,141,0,0,0,0,0,54.5,46.5,58.05040912861855
404,Y,64,73,151,1,75,11,9,10,25,9,53,66,140,4,69,3,2,2,1,2,38.5,10.5,45.154733971091005
405,E,121,52,51,21,124,13,40,33,55,59,120,48,78,4,104,10,11,10,13,8,48.75,44.0,39.855833951882126
406,D,50,84,70,64,62,78,52,54,60,54,53,96,65,38,113,24,25,33,38,31,57.2,54.0,22.73455519688036
407,L,20,41,39,7,2,8,15,6,3,11,7,32,40,3,4,15,9,16,16,7,15.05,10.0,12.539836522060405
408,T,30,103,64,11,70,49,27,46,34,24,18,104,71,20,70,14,19,13,16,34,41.85,32.0,28.45571120179568
409,A,64,80,54,43,13,28,28,12,12,25,63,73,49,22,3,27,9,25,23,9,33.1,26.0,22.622776133799313
410,H,42,11,141,140,145,102,81,87,134,86,50,13,143,103,127,43,71,32,38,71,83.0,83.5,44.01817806315931
411,W,75,58,68,161,149,64,76,107,79,103,6,85,81,190,160,227,214,216,236,162,125.85,105.0,65.03251110021817
412,H,110,134,120,148,159,15,14,12,22,16,62,125,73,163,155,11,14,13,14,13,69.65,42.0,60.069355748168306
413,A,55,59,42,53,5,45,63,23,91,66,69,63,33,62,8,31,32,36,37,32,45.25,43.5,20.873128658636684
414,L,2,11,22,18,35,13,16,34,23,13,17,13,14,19,38,2,4,2,3,3,15.1,13.5,10.903669107231746
415,G,12,41,4,28,55,16,29,18,19,22,4,41,3,35,63,9,8,6,7,5,21.25,17.0,17.377787546175146
416,A,69,72,30,48,14,73,42,42,69,100,77,76,26,53,22,20,19,33,23,54,48.1,45.0,24.145185855569636
417,A,47,53,15,38,4,96,77,74,81,72,58,68,19,37,10,101,95,99,97,35,58.8,63.0,31.144180836875446
418,Q,17,35,100,1,5,108,118,125,115,94,21,27,87,1,4,105,71,105,114,175,71.4,90.5,51.14821600016955
419,T,75,129,93,18,38,142,129,130,126,120,54,130,74,23,24,130,153,129,126,112,97.75,123.0,43.20286448836465
420,A,74,18,70,22,2,48,23,69,58,42,83,26,60,27,4,92,59,96,88,60,51.05,58.5,28.46309013441794
421,A,83,111,85,71,1,85,78,81,74,102,85,93,80,67,2,80,97,67,84,74,75.0,80.5,26.76191323504357
422,G,24,31,36,45,8,55,40,43,37,37,40,43,28,39,10,60,34,38,60,39,37.35,38.5,13.054788393535913
423,R,150,139,167,89,6,153,150,138,144,137,170,143,155,139,8,64,65,96,72,80,113.25,138.5,48.73076543622109
424,T,124,9,62,12,10,71,65,68,68,66,125,10,85,2,13,56,46,57,61,42,52.6,59.0,34.777003896253056
425,L,16,87,19,0,8,28,30,24,17,23,34,66,11,0,9,23,17,20,25,22,23.95,21.0,19.870769990113615
426,T,42,32,4,4,1,36,41,43,41,41,3,49,7,3,1,46,42,48,47,47,28.9,41.0,19.20390585271652
427,E,163,100,75,68,12,99,90,25,90,91,105,138,76,39,14,93,94,92,84,87,81.75,90.0,36.29307785239494
428,A,21,7,14,10,3,0,0,0,1,7,24,12,6,6,5,0,0,0,0,0,5.8,4.0,7.032780389006897
429,Y,21,34,14,46,20,1,3,4,1,1,1,41,17,49,34,7,5,6,8,7,16.0,7.5,15.760710643876436
430,R,23,94,83,13,5,107,69,56,109,110,8,159,106,10,6,109,116,119,115,117,76.7,100.0,47.563746698509775
431,E,52,117,79,0,26,91,89,60,112,94,52,117,89,4,27,37,44,43,44,41,60.9,52.0,34.746078915469006
432,F,1,32,63,9,13,0,0,0,5,6,4,71,89,11,23,0,0,0,0,0,16.35,4.5,26.0639118322634
433,L,11,74,20,11,0,0,0,0,0,0,1,57,21,6,3,5,2,2,2,4,10.95,2.5,19.376467686345723
434,N,41,110,31,7,9,69,64,70,68,67,30,114,22,6,9,62,61,59,61,62,51.1,61.0,30.517044417833127
435,L,12,68,6,12,28,51,55,68,51,42,2,78,7,9,25,47,51,45,51,46,37.7,45.5,22.711450856341166
436,A,18,6,3,1,5,0,1,0,2,1,5,11,2,4,6,0,0,0,0,0,3.25,1.5,4.4257767679809605
437,I,29,102,9,62,62,40,41,35,40,38,3,101,28,43,75,37,35,34,35,37,44.3,37.5,24.62336288974355
438,S,30,41,1,54,86,94,89,90,80,86,24,42,9,58,81,90,90,89,90,91,65.75,83.5,29.944740773631686
439,N,94,112,3,32,63,42,53,38,9,77,51,86,14,47,64,37,37,38,35,39,48.55,40.5,27.10438156461054
440,A,14,76,18,108,18,77,92,87,86,70,30,79,12,110,35,97,97,97,97,99,69.95,82.5,33.71123699895926
441,F,21,174,79,168,74,168,149,167,93,126,22,150,101,166,81,115,118,133,118,127,117.5,122.0,44.477522413012174
442,G,18,39,0,14,11,1,20,22,23,51,3,36,3,18,20,18,18,17,18,18,18.4,18.0,12.306096050332126
443,T,11,23,0,34,100,97,93,69,86,83,1,17,3,26,97,90,94,92,93,85,59.7,84.0,38.26630371488733
444,Q,38,103,93,161,130,129,157,138,153,113,14,111,91,149,109,144,145,147,143,145,120.65,134.0,37.8355322415319
445,M,3,7,79,82,91,80,106,65,107,91,0,4,71,79,61,119,108,104,101,108,73.3,81.0,38.054040521342806
446,H,5,27,20,2,8,18,22,25,2,4,9,22,18,7,19,7,8,6,6,6,12.05,8.0,8.034145878685548
447,T,5,92,10,62,23,32,38,39,38,39,2,57,5,56,25,35,34,35,35,34,34.8,35.0,20.882049707823224
448,R,54,62,143,184,83,124,164,118,137,129,49,61,146,194,34,141,141,144,139,160,120.35,138.0,45.566736771465216
449,R,5,30,24,96,45,99,110,52,76,78,1,49,33,92,60,120,121,107,112,93,70.15,77.0,37.43297343252337
450,L,6,71,3,1,15,0,3,0,1,1,14,89,6,10,13,0,0,0,0,0,11.65,2.0,23.484622628434973
451,V,52,101,47,38,5,73,64,60,72,75,48,68,51,51,3,73,77,75,74,77,59.2,66.0,23.185340195908278
452,R,121,116,82,206,81,172,165,150,180,173,112,95,92,191,90,147,142,144,145,149,137.65,144.5,36.64324630815342
453,S,25,13,4,41,5,4,4,2,2,3,15,10,15,22,12,1,0,0,0,0,8.9,4.0,10.391823709051264
454,K,176,95,94,146,21,84,66,107,83,82,150,94,87,119,14,89,89,87,94,93,93.5,91.0,36.318727951292566
455,T,39,46,64,126,19,107,75,105,106,107,61,44,70,131,22,116,117,116,111,114,84.8,105.5,35.392937148532894
456,V,69,66,86,22,9,69,54,44,71,69,71,74,116,8,4,65,64,67,67,58,57.65,66.5,27.14640860224424
457,H,66,144,97,57,30,118,86,105,107,108,62,145,130,51,28,128,123,111,130,139,98.25,107.5,36.23240952517511
458,P,12,83,72,41,1,7,32,22,5,4,13,54,86,27,0,19,16,6,18,19,26.85,18.5,26.102250860797426
459,I,61,73,3,6,3,53,66,39,57,54,42,48,8,2,4,80,76,79,75,76,45.25,53.5,29.13224158900238
460,Y,35,149,111,188,23,95,107,88,108,102,90,100,127,165,10,80,80,83,82,82,95.25,92.5,41.920013120226955
461,L,142,54,2,14,7,36,91,14,75,75,136,31,6,7,11,44,40,41,41,39,45.3,39.5,39.61830385061935
462,G,51,43,30,44,24,2,21,13,25,23,30,57,13,48,28,8,9,11,8,9,24.85,23.5,15.963317324416
463,S,112,52,3,25,3,22,43,37,38,36,113,32,1,30,5,14,12,17,18,15,31.4,23.5,30.42268890154189
464,L,131,66,34,90,0,20,31,3,21,51,129,62,28,87,0,14,12,14,19,17,41.45,24.5,39.272732270622576
465,H,107,53,34,1,3,25,98,33,36,84,105,48,33,4,1,40,45,41,39,40,43.5,39.5,31.710408385891217
466,Y,67,100,1,127,100,10,9,8,4,6,89,119,14,151,104,8,8,10,8,7,47.5,10.0,51.0034312571223
467,D,98,10,17,140,108,20,3,35,35,28,98,11,20,131,117,17,18,14,18,19,47.85,20.0,45.59416081034939
468,I,42,84,136,34,30,12,5,18,17,15,30,85,134,37,41,8,8,8,7,6,37.85,24.0,39.45538619757763
469,S,2,37,4,86,37,18,4,10,16,12,8,38,25,76,52,0,0,1,0,1,21.35,11.0,24.992548889619083
470,F,33,38,27,103,23,10,6,8,8,10,28,33,28,83,64,7,2,4,2,0,25.85,16.5,27.49049835852381
471,S,25,0,84,75,36,80,75,82,91,85,14,8,85,74,72,65,61,62,51,61,59.3,68.5,27.1884166512138
472,D,39,31,116,93,3,48,46,38,47,44,22,34,132,85,8,31,31,37,32,31,47.4,37.5,32.633418454093956
473,L,9,16,15,8,1,2,0,0,0,1,0,22,19,1,8,0,0,0,0,0,5.1,1.0,7.147726911403372
474,R,27,4,69,22,91,71,69,66,72,68,23,7,70,44,70,33,48,57,50,51,50.6,54.0,23.54442609196495
475,G,34,18,31,17,13,25,20,34,29,34,41,25,14,17,21,25,24,27,29,25,25.15,25.0,7.261370394078517
476,N,56,50,68,4,4,16,17,29,20,20,20,61,50,2,7,21,21,20,21,19,26.3,20.0,19.238243163033363
477,A,8,2,1,3,4,0,0,0,0,0,3,5,8,11,7,0,0,0,0,0,2.6,0.5,3.3674916480965473
478,Q,47,38,54,104,11,58,56,55,54,62,93,65,84,78,14,52,74,72,61,71,60.15,59.5,22.098133405335396
479,R,116,147,120,84,99,152,156,128,94,100,72,146,137,64,36,91,90,98,90,98,105.9,98.5,30.851093983844397
480,I,7,30,1,9,4,0,2,0,0,0,3,21,1,9,2,1,0,1,1,1,4.65,1.0,7.611011759286671
481,V,10,7,4,86,2,16,17,18,3,10,7,40,7,83,3,0,0,0,0,0,15.65,7.0,24.73918955826969
482,Y,160,122,64,130,27,149,147,155,101,134,167,150,112,138,15,106,111,112,101,107,115.4,117.0,39.88157469308352
483,D,55,25,33,105,64,73,78,46,71,73,40,9,61,73,65,46,42,44,44,47,54.7,51.0,21.016897963305624
484,D,0,17,55,110,74,109,114,109,28,115,0,24,48,113,83,61,57,62,56,54,64.45,59.0,37.40651681191394
485,E,95,106,126,165,108,102,97,103,93,114,86,98,124,167,148,72,69,75,72,69,104.45,100.0,28.793184957555493
486,L,91,97,4,58,6,39,38,7,15,11,93,56,37,36,9,3,3,3,2,3,30.55,13.0,31.91469097453397
487,Q,35,11,4,1,12,20,31,33,0,28,1,7,1,3,16,0,0,0,0,0,10.15,3.5,12.240404405084007
488,M,15,69,61,83,73,97,90,88,41,122,18,64,64,90,82,53,51,48,52,54,65.75,64.0,25.45166988627662
489,H,146,106,96,104,85,61,58,55,36,48,160,90,105,103,91,5,5,5,6,4,68.45,73.0,46.66527081245752
490,I,77,30,0,1,6,0,2,1,0,0,79,25,16,1,6,0,1,0,1,0,12.3,1.0,23.45868709028705
491,L,76,54,15,54,37,12,20,24,16,25,13,91,37,57,20,8,7,8,7,6,29.35,20.0,24.191475771436515
492,R,179,171,227,197,143,147,154,157,137,132,140,162,224,209,129,47,56,49,40,104,140.2,145.0,55.5063960278453
493,G,39,33,20,28,47,12,35,13,29,30,51,31,20,23,52,49,52,52,44,44,35.2,34.0,12.994614268996214
494,P,104,54,69,101,72,40,27,72,43,54,78,63,51,74,106,77,70,76,76,77,69.2,72.0,20.073863604199367
495,I,75,79,106,23,69,64,50,35,47,50,67,81,89,28,88,65,64,51,65,66,63.1,65.0,20.361483246561388
496,H,26,110,45,74,70,111,72,54,49,67,31,123,41,62,43,97,79,91,100,95,72.0,71.0,27.593477490160605
497,F,103,174,68,71,47,35,31,17,47,40,79,178,72,96,49,54,119,52,44,55,71.55,54.5,42.498794100538895
498,Q,13,36,11,21,49,18,17,15,15,16,3,28,1,10,30,11,14,11,14,9,17.1,14.5,10.972237693378686
499,R,73,119,36,89,32,77,65,1,61,72,77,110,5,69,41,22,21,16,18,18,51.1,51.0,33.83178978416601
500,R,72,155,88,74,72,93,83,42,51,87,64,199,83,111,80,45,38,33,32,40,77.1,73.0,40.42635279121776
501,A,9,79,2,22,8,4,8,5,2,6,1,80,4,21,21,2,11,2,2,4,14.65,5.5,22.554988361779305
502,I,1,61,3,15,9,0,0,0,0,0,1,62,6,4,16,0,0,0,0,0,8.9,0.5,18.1738823590338
503,L,5,27,5,68,18,22,16,7,36,39,15,24,14,65,22,1,1,1,1,0,19.35,15.5,19.435212887951597
504,G,10,36,4,56,0,11,4,13,6,14,7,35,9,54,0,0,0,0,0,0,12.95,6.5,17.32476551067864
505,A,2,49,0,37,3,0,1,0,0,0,0,53,1,33,4,2,2,2,1,2,9.6,2.0,17.135927170713583
506,L,22,6,13,5,10,0,0,0,0,0,27,4,2,5,19,0,0,0,0,0,5.65,1.0,8.094905805505089
507,K,23,112,23,150,10,46,0,49,41,63,45,139,19,173,12,19,21,24,32,28,51.45,30.0,49.18991258378083
508,F,36,147,3,97,1,65,4,50,57,63,0,98,8,92,4,26,26,39,37,24,43.85,36.5,39.23808736419246
509,G,5,2,1,1,1,3,11,15,14,14,2,0,14,1,8,1,2,1,1,1,4.9,2.0,5.346961754117941
510,C,5,43,25,36,1,21,24,31,4,6,7,44,11,25,6,0,1,1,1,2,14.7,6.5,14.625662378162572
511,K,121,122,15,169,3,88,71,82,78,97,125,128,2,167,12,51,52,34,26,31,73.7,74.5,51.39659521797139
512,V,11,44,0,35,5,38,53,13,25,50,7,40,1,23,3,24,23,29,26,28,23.9,24.5,15.84897473024675
513,L,5,18,50,28,30,37,40,33,23,10,0,17,44,30,32,12,11,21,5,9,22.75,22.0,13.837900852369192
514,G,12,6,20,17,5,59,53,63,53,71,20,8,35,17,7,48,58,43,50,56,35.05,39.0,21.92367441830862
515,D,153,98,94,73,112,59,69,83,22,44,146,52,55,70,139,100,69,114,60,56,83.4,71.5,34.58381124167781
516,R,142,153,196,100,123,241,191,223,220,198,95,113,131,89,169,246,241,241,240,171,176.15,181.0,53.56890422623931
517,L,135,14,14,51,25,20,55,58,79,18,122,5,83,40,36,94,79,87,75,55,57.25,55.0,35.80205999659796
518,D,67,108,65,49,94,55,124,95,127,45,45,84,31,53,93,93,99,89,97,98,80.55,91.0,26.751588737867518
519,V,74,81,84,63,0,55,24,71,33,89,63,92,74,68,0,87,62,80,83,52,61.75,69.5,26.825128145080686
520,P,96,28,8,70,79,65,95,60,95,92,76,40,23,54,79,91,90,92,93,95,71.05,79.0,26.611040941684337
521,L,13,156,34,8,32,10,39,90,86,2,4,160,17,6,36,98,104,99,101,91,59.3,37.5,49.73942098577344
522,F,15,101,140,5,4,27,35,32,58,25,14,80,51,3,19,113,142,102,110,98,58.7,43.0,46.2213154291394
523,L,151,12,124,73,31,113,133,128,97,108,122,4,131,91,37,124,120,119,121,119,97.9,119.0,42.00464260055072
524,R,114,210,29,78,184,106,120,200,119,129,139,193,62,85,218,207,208,208,207,205,151.05,161.5,58.05469403932812
525,N,58,158,79,2,75,106,35,47,29,71,68,130,92,1,109,136,139,138,135,131,86.95,85.5,46.72309386160124
526,A,39,61,68,3,14,111,66,85,44,64,15,75,62,2,51,129,130,120,125,127,69.55,65.0,41.985086637995636
