Pos,Res,O14641_CIT_model1_dssp_acc_ACC,O14641_CIT_model2_dssp_acc_ACC,O14641_CIT_model3_dssp_acc_ACC,O14641_CIT_model4_dssp_acc_ACC,O14641_CIT_model5_dssp_acc_ACC,O14641_full_model_501156_1_dssp_acc_ACC,O14641_full_model_501156_2_dssp_acc_ACC,O14641_full_model_501156_3_dssp_acc_ACC,O14641_full_model_501156_4_dssp_acc_ACC,O14641_full_model_501156_5_dssp_acc_ACC,O14641_IT_model1_dssp_acc_ACC,O14641_IT_model2_dssp_acc_ACC,O14641_IT_model3_dssp_acc_ACC,O14641_IT_model4_dssp_acc_ACC,O14641_IT_model5_dssp_acc_ACC,O14641_ranked_0_dssp_acc_ACC,O14641_ranked_1_dssp_acc_ACC,O14641_ranked_2_dssp_acc_ACC,O14641_ranked_3_dssp_acc_ACC,O14641_ranked_4_dssp_acc_ACC,mean,median,std
1,M,48,147,180,151,165,230,96,180,197,198,48,82,192,151,152,252,252,245,250,250,173.3,180.0,64.04693591421841
2,A,113,47,106,63,88,102,95,109,80,84,113,88,113,63,48,104,110,103,102,107,91.9,102.0,20.87318854415875
3,G,55,18,80,53,80,68,68,29,90,55,55,14,73,53,56,81,81,75,83,74,62.05,68.0,20.9463003893289
4,S,13,52,12,69,25,84,60,119,85,80,13,84,25,69,21,107,124,101,104,105,67.6,74.5,36.99243165838115
5,S,104,90,107,115,129,113,115,83,88,106,104,49,14,115,19,107,115,117,117,116,96.15,107.0,31.388333820067608
6,T,57,79,17,111,83,107,116,80,128,128,57,82,14,111,40,142,141,142,135,133,95.15,109.0,40.12764010006071
7,G,87,83,19,65,62,69,55,54,62,60,87,60,52,65,30,82,83,60,73,62,63.5,62.0,16.989702763733096
8,G,64,82,14,60,44,38,42,44,53,56,64,86,51,60,12,89,81,89,79,76,59.2,60.0,22.141815643709077
9,G,13,33,19,54,94,71,71,45,61,72,13,29,73,54,93,85,53,70,91,84,58.9,65.5,25.664956652992814
10,G,43,57,26,15,78,47,32,36,53,46,43,61,12,15,70,71,41,72,62,65,47.25,46.5,19.62109833826843
11,V,121,78,90,56,101,110,125,134,117,127,121,7,25,56,85,133,162,126,134,108,100.8,113.5,38.44034339076591
12,G,13,43,36,23,78,13,34,23,18,27,13,52,46,23,79,37,28,32,32,33,34.15,32.0,18.108768594247376
13,E,37,191,192,147,183,86,79,77,87,75,37,186,182,147,183,75,54,91,83,94,114.3,89.0,53.859168207464926
14,T,66,55,119,86,72,4,4,3,3,2,66,73,117,86,78,0,0,0,0,0,41.7,29.5,42.57475777969852
15,K,35,111,105,151,97,111,114,113,112,112,35,67,119,151,92,85,76,71,76,34,93.35,101.0,33.00344678969153
16,V,6,124,138,21,87,0,0,0,0,0,6,149,119,21,81,0,0,0,0,0,37.6,3.0,53.66134549189017
17,I,88,67,130,77,84,37,35,39,46,36,88,121,137,77,37,42,41,42,47,39,65.5,46.5,32.58143643242268
18,Y,68,188,161,214,85,19,24,30,36,18,68,225,148,214,121,31,26,39,31,34,89.0,53.5,73.07940886460426
19,H,123,113,197,70,125,41,42,47,43,55,123,161,194,70,146,45,41,40,37,45,87.9,62.5,53.307504162172144
20,L,34,27,127,30,102,22,31,40,43,32,34,85,140,30,93,20,24,28,4,17,48.15,31.5,37.72436215497884
21,D,156,73,109,38,131,67,66,64,88,85,156,101,77,38,70,77,71,77,78,87,85.45,77.0,31.135951888452038
22,E,113,52,93,109,87,163,161,159,185,170,113,68,132,109,164,201,201,200,179,200,142.95,160.0,45.94069546709105
23,E,162,123,89,100,78,87,86,89,97,95,162,141,92,100,114,77,75,82,84,94,101.35,93.0,25.51132101636448
24,E,176,41,175,163,114,191,201,204,186,185,176,42,37,163,152,189,183,186,108,188,153.0,176.0,53.18928463515936
25,T,56,109,100,44,118,80,62,62,71,100,56,60,75,44,131,95,95,104,94,103,82.95,87.0,24.658619182752304
26,P,47,64,89,41,39,71,61,60,76,62,47,91,113,41,50,57,59,57,55,57,61.85,58.0,18.158400259934794
27,Y,161,59,144,68,143,88,86,86,87,84,161,84,128,68,189,88,85,97,97,87,104.5,87.5,35.37583921266038
28,L,39,82,118,86,44,107,108,104,91,108,39,131,113,86,74,112,111,106,109,109,93.85,106.5,25.88875238399873
29,V,5,58,76,18,107,31,23,29,27,22,5,53,83,18,76,28,25,25,26,24,37.95,26.5,27.190945184013007
30,K,97,176,159,38,131,103,110,104,98,108,97,195,157,38,127,117,111,110,113,87,113.8,110.0,37.52279307301097
31,I,4,56,121,73,99,1,2,2,2,2,4,100,118,73,127,3,3,3,3,3,39.95,3.5,48.19904044688026
32,P,40,91,58,119,86,93,95,99,99,96,40,61,57,119,89,104,116,102,102,94,88.0,94.5,23.43288287855338
33,V,50,80,81,36,99,28,32,27,29,31,50,110,64,36,105,29,30,30,30,28,50.25,34.0,28.05151511059608
34,P,32,38,38,107,62,52,34,51,48,48,32,55,52,107,31,53,51,46,50,51,51.9,50.5,20.238329970627518
35,A,63,109,84,63,53,30,27,28,29,29,63,97,90,63,48,31,32,34,28,34,51.75,41.0,25.54383487262631
36,E,205,39,58,79,120,126,46,149,149,126,205,44,31,79,31,142,146,155,152,147,111.45,126.0,54.653888242283365
37,R,209,180,210,36,108,146,88,185,183,149,209,137,120,36,95,178,163,170,167,186,147.75,165.0,51.14868033488254
38,I,86,12,6,123,46,1,0,1,0,2,86,26,12,123,26,1,1,1,1,0,27.7,4.0,40.93055093692241
39,T,112,86,54,61,134,28,36,29,37,31,112,50,34,61,114,31,31,30,30,30,56.55,36.5,34.17963574996083
40,L,174,3,10,29,63,0,0,0,0,1,174,3,15,29,80,0,0,0,0,0,29.05,2.0,52.947592013235116
41,G,71,17,6,4,52,17,17,19,14,16,71,16,16,4,57,24,24,24,22,24,25.75,18.0,19.775932342117272
42,D,47,20,114,113,70,45,46,45,50,51,47,13,67,113,61,44,44,48,47,47,56.6,47.0,26.852187992787478
43,F,191,18,140,116,97,1,0,0,0,0,191,6,141,116,90,0,0,0,0,0,55.35,3.5,69.26490814257967
44,K,175,8,60,6,75,37,44,43,62,35,175,15,67,6,88,60,58,59,56,55,59.2,57.0,44.61233013416806
45,S,77,2,85,43,47,76,74,75,58,72,77,1,81,43,56,81,79,78,79,80,63.2,75.5,24.24788650583799
46,V,115,24,50,73,14,54,55,56,55,61,115,41,52,73,13,61,60,61,57,59,57.45,56.5,25.01894282338884
47,L,38,98,51,21,4,8,16,21,23,7,38,112,68,21,13,24,21,23,23,24,32.7,23.0,28.224280327406046
48,Q,102,193,125,117,4,156,156,154,159,163,102,191,163,117,8,176,175,178,177,177,139.65,157.5,52.11935820786744
49,R,23,68,223,213,112,86,83,107,61,111,23,39,139,213,104,99,95,88,109,109,105.25,101.5,55.18502967291039
50,P,1,79,68,123,66,117,77,68,81,56,1,109,94,123,75,111,113,111,116,112,85.05,87.5,35.00210707943166
51,A,41,34,71,64,89,38,97,88,92,90,41,38,87,64,89,113,112,111,112,110,79.05,88.5,27.44717653967344
52,G,16,21,28,82,34,37,24,28,17,72,16,30,38,82,33,47,50,42,45,47,39.45,35.5,19.438299822772564
53,A,14,11,10,35,51,21,15,9,11,14,14,16,16,35,57,21,24,16,21,19,21.5,16.0,12.882158204276175
54,K,147,165,22,15,75,105,91,90,85,77,147,132,37,15,66,83,86,107,106,98,87.45,88.0,41.433651782096156
55,Y,80,16,182,129,65,3,6,4,2,0,80,10,166,129,84,18,16,14,14,15,51.65,16.0,57.57888067685929
56,F,14,49,35,73,24,42,30,38,50,34,14,47,28,73,35,43,45,45,45,46,40.5,42.5,14.948244044034068
57,F,104,111,65,34,34,1,1,2,0,1,104,111,56,34,27,0,0,0,0,0,34.25,14.5,41.459468158672756
58,K,168,72,42,99,129,80,98,102,67,100,168,60,47,99,145,81,73,71,106,86,94.65,92.0,34.467774804881145
59,S,32,67,104,55,56,8,11,10,12,25,32,95,111,55,53,8,16,21,16,15,40.1,28.5,32.272124194109075
60,M,49,100,88,111,18,104,68,113,81,99,49,86,67,111,25,111,109,119,135,132,88.75,99.5,32.460552983583014
61,D,128,174,154,112,134,80,48,66,64,70,128,168,121,112,131,59,63,61,58,61,99.6,96.0,39.83641550139771
62,Q,179,158,129,149,126,159,186,184,166,179,179,101,136,149,126,192,186,195,194,196,163.45,172.5,27.46538730839236
63,D,129,131,99,102,19,150,118,95,122,133,129,96,97,102,47,147,145,147,144,145,114.85,125.5,33.51309445574968
64,F,67,94,138,220,15,159,156,192,150,149,67,44,64,220,40,171,173,170,175,176,132.0,153.0,60.78157615593725
65,G,19,3,16,36,2,32,42,34,56,40,19,7,13,36,5,23,23,23,23,23,23.75,23.0,13.909978432765453
66,V,90,12,38,38,2,75,91,86,82,83,90,7,17,38,6,88,90,88,87,87,59.75,82.5,34.127518222103404
67,V,19,4,3,26,19,41,35,36,43,37,19,7,2,26,18,47,49,46,45,45,28.35,30.5,15.745713702465189
68,K,28,5,10,75,119,134,137,129,133,122,28,7,7,75,87,122,123,128,120,124,85.65,119.5,50.08220741940195
69,E,110,80,57,36,137,90,88,87,91,78,110,89,96,36,126,92,83,85,90,91,87.6,89.5,23.963305281200256
70,E,94,74,162,91,66,98,113,101,105,110,94,76,89,91,70,92,91,101,96,102,95.8,94.0,19.518196638009364
71,I,24,70,69,13,41,16,29,30,18,24,24,92,51,13,53,15,13,13,12,13,31.65,24.0,22.852297477496656
72,S,28,37,77,11,108,79,104,77,81,98,28,40,54,11,109,92,93,93,95,93,70.4,80.0,32.119153164428226
73,D,111,152,108,97,30,108,87,109,87,92,111,143,110,97,64,83,83,89,85,87,96.65,94.5,25.088393730966516
74,D,56,101,98,3,176,86,70,91,47,71,56,93,132,3,140,79,77,75,75,76,80.25,76.5,39.34828458776824
75,N,60,86,43,13,101,133,127,132,130,132,60,87,34,13,87,127,127,134,134,133,94.65,114.0,42.14887305729537
76,A,85,3,11,11,6,31,23,29,26,25,85,4,38,11,1,27,28,27,27,27,26.25,26.5,22.214578546531104
77,R,28,63,12,97,61,169,157,151,148,174,28,65,24,97,70,172,172,167,172,168,109.75,122.5,59.19279939316944
78,L,3,2,11,67,10,7,4,2,1,8,3,7,26,67,20,9,8,8,8,9,14.0,8.0,18.5930094390338
79,P,82,47,12,2,17,28,23,24,24,26,82,46,14,2,7,22,23,25,29,30,28.25,24.0,21.23411170734486
80,C,2,41,65,14,0,42,28,23,21,47,2,62,73,14,4,42,45,50,50,51,33.8,41.5,22.094343167426363
81,F,17,96,124,153,6,73,54,73,76,137,17,105,64,153,11,91,70,114,154,130,85.9,83.5,47.22382873084308
82,N,52,61,74,89,108,147,37,175,174,134,52,52,17,89,105,141,166,134,136,114,102.85,106.5,46.5223333464692
83,G,30,37,43,43,19,44,42,40,37,42,30,74,66,43,50,36,36,37,32,32,40.65,38.5,11.837546198431497
84,R,108,99,87,123,186,118,93,127,137,124,108,45,43,123,184,125,145,134,145,63,115.85,123.0,36.94898510108227
85,V,16,26,1,5,53,3,1,2,0,2,16,35,2,5,59,0,0,0,1,0,11.35,2.0,17.607597791862467
86,V,86,16,0,38,0,16,25,27,30,22,86,18,21,38,6,35,31,33,36,34,29.9,28.5,21.88355546980426
87,S,32,80,36,10,11,0,0,0,2,0,32,78,52,10,16,0,0,0,0,0,17.95,6.0,25.168382943685515
88,W,34,163,123,33,42,86,99,85,68,60,34,152,130,33,45,55,54,56,45,57,72.7,56.5,39.54250877220615
89,L,45,11,4,101,74,13,5,3,8,8,45,9,4,101,77,1,1,1,2,2,25.75,8.0,34.038030201526055
90,V,121,65,31,1,1,57,44,48,49,34,121,76,51,1,11,60,58,66,67,66,51.4,54.0,32.66557821315888
91,S,43,12,2,38,75,46,36,25,55,56,43,19,7,38,76,32,52,29,33,45,38.1,38.0,19.22732430682959
92,S,121,15,4,87,47,66,50,78,54,50,121,12,6,87,47,72,57,79,76,45,58.7,55.5,32.53936078044558
93,D,56,30,11,127,27,132,108,111,111,142,56,30,19,127,26,153,165,139,156,167,94.65,111.0,54.36844213328169
94,N,37,3,9,38,6,112,91,87,147,90,37,7,8,38,6,114,106,133,117,100,64.3,62.5,48.4376919351036
95,P,32,13,28,94,4,98,105,95,100,106,32,13,35,94,39,118,125,105,104,113,72.65,94.5,40.67711272939612
96,Q,0,134,69,84,82,140,158,117,154,148,0,135,64,84,101,143,132,162,173,146,111.3,133.0,48.76279319317137
97,P,1,96,84,73,47,125,111,126,84,94,1,86,84,73,48,110,103,113,122,103,84.2,90.0,35.20596540360738
98,E,66,104,109,160,205,125,156,146,167,186,66,83,113,160,199,180,180,188,193,178,148.2,160.0,43.28232895767047
99,M,34,150,12,185,103,167,164,170,133,161,34,164,8,185,105,178,174,164,183,172,132.3,164.0,59.64821874959888
100,A,8,7,34,48,47,84,95,81,61,77,8,18,50,48,42,81,66,77,86,70,54.4,55.5,27.37224872019104
101,P,42,94,57,8,44,109,90,97,85,97,42,48,12,8,43,102,105,113,110,96,70.1,87.5,35.51886822521236
102,P,73,54,23,15,72,128,80,93,120,130,73,64,17,15,60,115,131,118,114,128,81.15,76.5,40.27316103809087
103,V,14,16,96,115,46,140,127,102,109,131,14,11,61,115,55,139,141,114,141,132,90.95,111.5,47.1894850575846
104,H,37,94,131,66,53,158,145,169,159,123,37,42,108,66,39,171,178,159,167,180,114.1,127.0,53.04893966895097
105,E,153,163,134,33,0,127,134,89,159,84,153,147,145,33,0,184,149,176,183,188,121.7,146.0,59.22254638226897
106,P,11,59,36,12,0,105,85,82,75,73,11,71,29,12,0,117,127,103,109,104,61.05,72.0,42.24863903133449
107,R,129,13,86,3,0,189,153,171,217,174,129,42,34,3,4,249,217,240,236,253,127.1,141.0,92.96337988692106
108,A,92,52,65,4,25,74,89,68,75,81,92,34,68,4,22,83,83,83,103,96,64.65,74.5,29.903636902557523
109,E,68,116,80,2,18,178,169,167,147,142,68,118,65,2,11,163,180,175,156,190,110.75,130.0,64.16063824495514
110,L,144,34,8,9,38,151,132,124,133,129,144,26,10,9,34,156,162,161,149,178,96.55,130.5,63.28860481950918
111,A,78,24,55,4,25,84,67,88,73,48,78,15,66,4,33,82,93,94,93,92,59.8,70.0,30.67507131206055
112,P,71,69,56,24,52,118,115,91,114,99,71,88,55,24,46,120,120,121,119,120,84.65,89.5,32.89114622508617
113,P,34,108,61,44,49,120,122,99,121,62,34,93,61,44,61,130,127,130,127,126,87.65,96.0,35.996215078810714
114,A,18,36,23,29,65,90,92,48,81,26,18,42,53,29,62,97,91,95,93,92,59.0,57.5,29.248931604419333
115,P,74,37,90,17,35,109,113,102,112,87,74,36,96,17,45,118,123,122,118,121,82.3,93.0,36.71797924722983
116,P,102,94,106,49,53,122,122,96,101,100,102,113,85,49,53,118,111,123,127,129,97.75,102.0,26.00168263786019
117,L,47,156,134,59,99,157,145,25,140,134,47,157,142,59,109,168,165,170,167,168,122.4,141.0,47.354408453701545
118,P,104,5,33,5,93,91,113,116,115,99,104,15,27,5,91,110,120,116,111,111,79.2,101.5,43.218745932754686
119,P,101,26,33,17,72,136,98,82,113,120,101,30,35,17,81,110,112,112,126,129,82.55,99.5,40.014341179132266
120,L,7,19,10,112,27,91,126,52,150,161,7,9,33,112,30,157,171,160,165,170,88.45,101.5,64.37194652952479
121,P,11,13,1,6,16,59,54,45,63,96,11,14,2,6,36,122,116,122,116,116,51.25,40.5,45.52348295110997
122,P,34,39,9,3,56,91,106,103,85,118,34,44,15,3,43,107,118,106,118,116,67.4,70.5,42.1229153786867
123,E,88,59,14,88,31,132,152,100,93,149,88,82,11,88,48,158,140,163,198,188,103.5,90.5,53.65491589780008
124,R,67,109,68,90,139,151,165,63,192,119,67,142,93,90,150,197,182,255,220,248,140.35,140.5,59.26067414398861
125,T,10,60,70,1,49,48,112,72,45,123,10,58,75,1,41,114,135,119,140,141,71.2,65.0,46.06148065357865
126,S,36,114,79,78,54,45,44,40,63,58,36,113,66,78,64,115,99,119,120,119,77.0,72.0,30.162891108114952
127,G,24,55,43,56,17,20,12,1,50,39,24,59,39,56,9,77,58,77,67,63,42.3,46.5,22.50577703613008
128,I,4,136,118,91,52,168,124,53,35,87,4,135,88,91,62,167,184,170,174,181,106.2,104.5,56.9417245962923
129,G,9,80,67,54,40,70,40,41,28,61,9,77,59,54,43,76,62,63,70,73,53.8,60.0,20.441624201613728
130,D,107,112,91,7,130,54,164,158,178,135,107,117,107,7,134,151,159,171,156,169,120.7,132.0,48.65706526291942
131,S,86,43,80,7,55,115,96,64,89,30,86,40,54,7,97,126,116,123,116,120,77.5,86.0,37.17458809455728
132,R,140,87,156,156,157,133,163,119,162,121,140,88,126,156,145,235,244,228,236,234,161.3,156.0,47.549027329694134
133,P,34,23,47,5,27,91,90,87,103,104,34,30,26,5,43,102,110,118,115,113,65.35,67.0,39.773452201185655
134,P,13,29,67,23,45,66,82,57,49,109,13,26,75,23,31,102,119,116,113,111,63.45,61.5,36.88966657480113
135,S,3,2,14,14,10,85,58,73,52,52,3,0,6,14,13,77,88,102,98,100,43.2,33.0,37.81348965647048
136,F,28,72,94,47,48,158,156,173,150,161,28,55,67,47,71,217,191,188,196,194,117.05,122.0,64.60145122208944
137,H,1,84,55,46,28,130,147,121,75,132,1,75,61,46,39,162,156,184,173,173,94.45,79.5,58.327930702194465
138,P,8,125,14,23,108,70,96,100,105,98,8,120,11,23,106,107,117,124,102,118,79.15,101.0,44.00031249889028
139,N,100,133,7,58,44,136,109,118,146,128,100,136,19,58,55,147,155,138,161,158,105.3,123.0,46.950079872136534
140,V,96,56,70,7,32,88,99,71,90,102,96,48,62,7,40,133,138,148,118,131,81.6,89.0,40.60714222892322
141,S,72,61,35,4,76,75,70,59,46,43,72,100,38,4,58,102,118,86,112,94,66.25,71.0,31.003024046050733
142,S,112,83,73,12,124,44,77,78,101,68,112,107,88,12,105,104,118,107,102,117,87.2,101.5,31.754684693758183
143,S,13,6,17,45,44,86,42,78,79,94,13,22,11,45,72,100,110,103,118,104,60.1,58.5,37.39505314877891
144,H,108,85,139,111,191,155,121,102,153,116,108,85,139,111,181,156,160,180,173,165,136.95,139.0,32.11148548416906
145,E,154,91,50,84,85,156,169,62,113,139,154,122,31,84,86,156,150,194,194,187,123.05,130.5,47.892040048425585
146,N,3,14,70,15,14,120,108,124,157,79,3,24,100,15,6,143,128,130,127,129,75.45,89.5,55.38544483887441
147,L,30,2,4,3,112,105,109,107,120,75,30,0,20,3,110,162,132,174,172,169,81.95,106.0,62.86292627614467
148,E,70,46,82,8,118,115,80,92,145,156,70,36,113,8,92,158,168,138,165,160,101.0,102.5,49.85378621529161
149,P,22,60,67,13,0,100,64,46,81,50,22,69,69,13,1,109,93,106,102,98,59.25,65.5,35.88436288970448
150,E,2,71,137,28,24,124,112,58,156,99,2,33,135,28,29,176,167,153,204,177,95.75,105.5,64.57389178297991
151,T,24,96,113,13,3,70,60,53,98,49,24,114,119,13,1,119,98,135,124,120,72.3,83.0,45.37411156155016
152,E,160,89,87,6,113,164,132,178,144,169,160,104,89,6,90,184,179,157,185,197,129.65,150.5,54.34452594328154
153,T,45,105,112,12,34,77,77,129,136,102,45,115,99,12,30,121,130,137,112,99,86.45,100.5,40.970080546662345
154,E,16,161,68,40,203,108,124,77,83,93,16,159,69,40,211,175,161,158,185,165,115.6,116.0,60.92158894841795
155,S,92,59,77,2,90,47,73,42,64,22,92,55,66,2,94,120,81,127,107,113,71.25,75.0,34.87244614305111
156,V,75,56,58,41,20,72,59,57,68,88,75,65,56,41,18,121,126,112,126,133,73.35,66.5,33.54142960578753
157,V,12,36,9,75,11,70,78,58,54,97,12,24,20,75,11,124,138,124,129,109,63.3,64.0,44.15099092885686
158,S,36,21,11,31,5,37,58,49,44,22,36,19,11,31,6,114,96,109,120,102,47.9,36.0,37.53784756748847
159,L,153,74,10,152,78,100,103,29,66,110,153,73,10,152,73,150,134,169,167,153,105.45,106.5,50.63148723867392
160,R,136,122,6,9,35,115,195,146,107,102,136,132,11,9,38,230,221,247,254,235,124.3,127.0,83.72221927302213
161,R,1,8,6,179,62,150,199,162,204,179,1,9,5,179,66,239,217,224,248,244,129.1,170.5,93.9632374921171
162,E,16,69,42,172,9,196,158,28,95,121,16,142,48,172,10,149,155,174,193,161,106.3,131.5,67.21688775895532
163,R,117,28,108,34,38,89,184,131,193,166,117,41,176,34,31,193,218,226,241,189,127.7,124.0,72.26624384870159
164,P,1,40,67,19,21,93,117,75,124,118,1,55,67,19,11,91,107,93,128,113,68.0,71.0,43.1300359378473
165,R,2,158,102,97,104,170,224,194,173,213,2,145,139,97,83,207,216,237,248,200,150.55,164.0,70.04532461199678
166,R,26,65,129,154,159,199,185,72,162,124,26,71,53,154,148,188,226,246,227,231,142.25,154.0,67.9852005954237
167,R,121,1,8,59,7,81,157,118,189,231,121,5,7,59,5,211,221,228,198,218,112.25,119.5,86.81755294869811
168,D,36,4,49,45,74,14,52,48,96,92,36,14,32,45,85,89,140,147,158,166,71.1,50.5,48.171464582260725
169,S,29,1,2,44,33,88,62,118,95,24,29,0,0,44,32,102,94,89,93,105,54.2,44.0,39.2856207791095
170,S,52,8,42,99,14,54,94,62,82,79,52,15,28,99,14,97,127,95,128,109,67.5,70.5,37.75115892260793
171,E,28,83,77,148,4,80,101,182,10,158,28,31,68,148,16,156,165,173,175,167,99.9,92.0,62.9459291773503
172,H,103,63,4,88,14,161,164,120,136,119,103,53,4,88,25,184,185,188,193,169,108.2,111.0,62.96872239453489
173,G,78,44,39,83,54,45,15,8,72,54,78,41,22,83,35,70,78,73,77,73,56.1,62.0,23.18383057218975
174,A,94,86,71,37,17,120,62,103,63,88,94,25,68,37,12,107,106,114,109,111,76.2,87.0,33.800295856693324
175,G,28,11,17,55,0,62,49,81,92,17,28,4,13,55,4,89,92,81,86,84,47.4,52.0,33.354759780277234
176,G,29,21,59,15,14,30,55,17,38,69,29,0,22,15,16,71,76,70,68,61,38.75,29.5,23.916260159146955
177,H,133,12,38,29,4,124,130,85,103,56,133,11,22,29,19,179,190,171,178,197,92.15,94.0,67.42349367987394
178,R,11,25,51,112,168,124,199,152,206,135,11,22,64,112,172,222,234,211,237,244,135.6,143.5,79.43701907800921
179,T,94,67,109,96,92,119,114,82,75,102,94,58,81,96,31,150,156,131,130,148,101.25,96.0,31.227992250543423
180,G,41,76,60,83,41,38,34,71,68,82,41,77,45,83,47,72,76,87,89,80,64.55,71.5,18.526939844453533
181,G,9,2,19,25,31,51,55,18,60,45,9,1,28,25,53,78,77,78,73,74,40.55,38.0,26.384607254988655
182,P,103,54,41,12,14,23,81,48,76,77,103,59,39,12,53,122,135,132,134,125,72.15,67.5,41.95864034975394
183,S,47,54,91,4,67,50,70,39,54,51,47,65,95,4,57,109,104,113,120,112,67.65,61.0,33.1304618138655
184,R,101,105,169,65,129,179,207,124,113,108,101,89,179,65,104,208,228,221,224,248,148.35,126.5,57.51980093845945
185,L,87,10,5,99,4,32,107,57,96,102,87,5,6,99,7,130,123,149,149,145,74.95,91.5,52.64928774447001
186,E,64,131,110,24,25,132,115,125,102,107,64,119,112,24,51,126,170,147,178,166,104.6,113.5,46.61802226607215
187,R,52,173,170,38,170,197,140,144,165,145,52,178,180,38,171,186,190,231,195,220,151.75,170.5,57.73462998928806
188,H,145,20,79,54,140,82,102,33,95,37,145,24,92,54,149,179,174,158,183,166,105.55,98.5,54.53666198072632
189,L,22,63,4,40,89,79,74,74,72,78,22,51,1,40,69,158,161,167,156,176,79.8,73.0,54.14018840011549
190,A,65,72,43,7,29,50,53,48,47,59,65,80,38,7,35,101,97,96,106,102,60.0,56.0,29.376861643136763
191,G,83,66,61,12,82,33,35,26,38,41,83,56,59,12,81,80,75,76,84,79,58.1,63.5,24.23406693066601
192,Y,112,94,80,3,116,158,150,78,160,101,112,81,81,3,166,219,207,210,223,212,128.3,114.0,64.88073674057655
193,E,114,106,126,38,87,139,134,131,125,132,114,112,119,38,106,186,161,177,195,175,125.75,125.5,40.757667990207686
194,S,69,98,54,50,5,67,71,65,85,34,69,91,83,50,16,89,110,130,106,104,72.3,70.0,30.867620575612886
195,S,21,41,32,1,2,58,55,54,80,61,21,46,39,1,3,117,131,105,120,112,55.0,50.0,41.82343840479881
196,S,88,24,0,6,13,81,77,30,44,27,88,21,0,6,26,95,100,121,107,109,53.15,37.0,41.21562203825147
197,T,16,52,30,64,27,98,101,86,115,32,16,52,31,64,30,105,135,124,129,133,72.0,64.0,41.42945811858996
198,L,30,4,9,160,49,146,146,110,102,117,30,10,9,160,55,148,144,144,158,164,94.75,113.5,60.50361559444196
199,M,73,115,27,170,23,154,148,13,106,108,73,131,24,170,37,148,173,183,163,194,111.65,123.0,59.560284586291225
200,T,28,16,0,91,92,52,54,69,61,64,28,12,0,91,86,105,129,136,115,119,67.4,66.5,42.00047618777673
201,S,70,47,52,12,39,47,48,55,99,84,70,48,47,12,56,105,94,97,124,110,65.8,55.5,30.59346335412191
202,E,117,35,14,95,90,172,169,61,81,120,117,52,41,95,49,161,171,185,165,176,108.3,106.0,53.65267933663704
203,L,37,63,141,15,70,131,130,90,132,137,37,85,122,15,77,144,142,144,176,156,102.2,126.0,48.156619482683794
204,E,122,147,74,64,190,106,107,123,144,141,122,168,85,64,154,180,173,187,164,182,134.85,142.5,40.22968431394907
205,S,89,74,102,2,32,58,59,77,21,73,89,85,94,2,38,101,122,115,131,117,74.05,81.0,37.613129356648855
206,T,78,49,68,77,101,79,81,75,64,84,78,42,65,77,80,146,144,133,133,127,89.05,78.5,30.150414590847667
207,S,58,136,122,27,91,57,57,66,49,65,58,133,119,27,95,97,93,106,122,115,84.65,92.0,33.38603750072776
208,L,42,156,143,23,120,102,101,119,111,151,42,144,145,23,121,171,175,172,178,166,120.25,132.0,49.77436589249531
209,G,40,66,66,67,7,36,40,35,34,13,40,64,70,67,8,72,69,70,77,66,50.35,65.0,22.217729406939853
210,D,92,45,54,35,69,89,101,79,105,64,92,49,49,35,69,155,148,141,143,146,88.0,84.0,39.25684653662339
211,S,59,34,10,96,8,50,64,61,76,69,59,45,23,96,13,84,119,119,113,96,64.7,62.5,34.5920511100455
212,D,129,47,15,71,112,123,108,111,120,93,129,59,12,71,117,125,161,125,132,133,99.65,114.5,39.686616131890105
213,E,127,68,66,158,12,146,109,52,105,64,127,109,45,158,20,167,188,177,176,167,112.05,118.0,54.295925261477954
214,E,162,55,121,51,45,158,133,141,111,99,162,47,96,51,40,159,177,157,173,169,115.35,127.0,49.344984547570796
215,D,15,78,60,56,127,107,127,120,164,83,15,89,76,56,116,133,155,167,150,171,103.25,111.5,46.68176838981145
216,T,57,55,54,10,70,44,95,73,93,21,57,66,54,10,71,119,142,109,127,135,73.1,68.0,38.026175195514995
217,M,33,193,159,48,103,131,80,41,42,97,33,198,167,48,102,164,162,170,165,157,114.65,117.0,56.946707543105596
218,S,39,67,22,3,29,77,68,42,97,66,39,66,23,3,25,82,82,98,68,87,54.15,66.0,29.211769888180346
219,R,101,133,158,117,105,203,210,54,144,96,101,105,133,117,128,197,218,239,234,246,151.95,133.0,55.53510151246687
220,F,96,169,103,65,93,82,120,198,136,98,96,176,117,65,111,176,207,210,176,182,133.8,118.5,46.952742198938715
221,S,25,30,52,88,97,100,97,74,31,69,25,35,52,88,90,98,110,124,118,116,75.95,88.0,32.771138216424525
222,S,59,49,8,60,105,67,95,15,64,77,59,31,10,60,94,105,122,106,111,112,70.45,65.5,34.683533557006555
223,S,44,69,23,42,34,63,74,77,82,95,44,62,19,42,30,107,124,107,125,103,68.3,66.0,32.62223168331682
224,T,39,116,83,24,102,129,52,70,101,65,39,110,98,24,103,117,135,139,115,122,89.15,101.5,36.27433665830431
225,E,113,30,75,4,89,110,140,82,136,87,113,78,84,4,98,171,164,176,200,176,106.5,104.0,54.080033284013425
226,Q,58,92,57,103,102,137,165,120,105,141,58,63,63,103,148,175,199,188,173,197,122.35,112.5,48.02215634475403
227,S,31,102,87,27,80,41,82,52,40,61,31,98,98,27,89,98,116,127,118,116,76.05,84.5,33.323377679941146
228,S,15,81,76,55,96,80,39,44,84,46,15,106,81,55,87,112,117,130,118,121,77.9,81.0,33.747444347683576
229,A,8,60,92,1,88,64,73,52,66,59,8,55,88,1,84,96,94,103,94,109,64.75,69.5,34.0996700863806
230,S,14,106,113,35,118,50,58,62,46,61,14,109,110,35,112,85,96,95,97,116,76.6,90.0,34.51144737619679
231,R,44,66,101,13,52,134,107,158,124,128,44,39,108,13,69,223,216,220,216,222,114.85,107.5,71.57532745297082
232,L,65,103,63,0,114,99,90,105,83,32,65,90,89,0,131,152,145,160,149,156,94.55,94.5,46.64598053423253
233,L,41,80,43,15,62,76,77,82,77,71,41,86,40,15,55,181,152,177,143,180,84.7,76.5,51.906743299883495
234,K,100,113,105,13,206,128,124,123,110,124,100,141,121,13,170,183,176,169,186,204,130.45,124.0,51.598909872205624
235,R,128,187,232,3,148,140,132,135,153,146,128,179,214,3,185,223,217,192,214,232,159.55,166.0,63.12564851152027
236,H,157,141,128,20,51,91,84,91,80,22,157,138,127,20,73,163,156,160,184,158,110.05,127.5,51.51356617435838
237,R,105,200,125,76,183,144,133,147,107,138,105,169,194,76,227,237,216,254,228,203,163.35,158.0,53.77664455876733
238,R,65,147,193,32,194,167,178,155,109,171,65,149,241,32,141,246,240,233,231,215,160.2,169.0,67.29977711701578
239,R,146,130,106,84,177,187,172,170,110,115,146,142,132,84,118,255,254,246,235,240,162.45,146.0,55.48916560915293
240,R,125,109,123,160,154,195,194,140,175,117,125,117,113,160,185,249,244,246,235,256,171.1,160.0,50.37052709670606
241,K,149,153,158,41,166,170,163,183,40,170,149,117,195,41,128,202,199,200,217,200,152.05,164.5,53.08434326616465
242,Q,48,120,149,112,193,146,153,142,39,99,48,74,150,112,195,188,194,183,181,186,135.6,147.5,50.910116872778836
243,R,108,203,176,147,183,225,210,176,120,109,108,158,155,147,164,235,229,226,232,230,177.05,176.0,43.94254771858365
244,P,89,94,50,29,89,105,108,110,57,92,89,89,50,29,88,112,105,113,116,116,86.5,90.5,27.434467372267317
245,P,83,114,102,6,80,117,119,87,116,90,83,100,105,6,81,120,106,117,110,117,92.95,103.5,32.03977996179125
246,R,171,140,204,92,109,244,180,185,153,192,171,168,154,92,116,223,248,222,235,237,176.8,175.5,48.5196867261115
247,L,61,69,42,0,59,162,103,105,144,163,61,120,43,0,76,172,145,160,157,160,100.1,104.0,55.097096112227185
248,E,93,104,32,78,106,135,121,127,55,163,93,110,28,78,117,137,159,153,165,177,111.55,113.5,41.742634080757284
249,R,80,201,48,99,171,229,166,177,199,194,80,173,49,99,204,251,248,208,247,234,167.85,185.5,65.92364901914942
250,T,88,81,49,89,100,59,55,99,52,106,88,71,47,89,106,124,88,111,128,107,86.85,88.5,23.917096395674786
251,S,39,101,116,71,91,77,106,80,81,109,39,92,127,71,92,86,116,110,104,105,90.65,92.0,22.989725966178895
252,S,102,39,62,19,80,79,96,87,95,82,102,32,51,19,69,123,103,99,117,113,78.45,84.5,31.11667559364271
253,F,184,168,163,159,64,115,150,120,119,123,184,129,148,159,88,193,181,164,198,188,149.85,159.0,35.51094901576132
254,S,66,129,130,57,117,41,96,85,27,69,66,122,133,57,117,108,113,111,111,109,93.2,108.5,31.261158007981724
255,S,105,40,25,75,75,54,101,64,88,81,105,37,33,75,73,99,62,86,98,70,72.3,75.0,23.931360178644255
256,V,121,99,87,57,29,96,101,70,71,112,121,68,58,57,52,151,146,148,129,141,95.7,97.5,36.026518011042924
257,T,63,35,68,37,67,106,117,73,54,97,63,60,71,37,59,129,122,137,49,135,78.95,67.5,33.14585192750369
258,D,49,22,40,35,8,40,111,116,63,102,49,55,32,35,16,131,135,135,149,134,72.85,52.0,46.411501807202924
259,S,71,50,49,93,43,70,79,74,60,44,71,22,46,93,35,90,69,68,52,63,62.1,65.5,18.891532494744833
260,T,99,35,65,96,36,66,121,92,103,79,99,30,48,96,20,130,138,147,82,130,85.6,94.0,36.96268388523755
261,M,98,55,50,63,28,84,114,117,112,168,98,45,34,63,18,185,178,171,33,158,93.6,91.0,53.59701484224658
262,S,88,14,0,1,5,89,99,82,87,82,88,9,7,1,0,72,73,78,77,72,51.2,72.5,38.64013457533501
263,L,108,13,71,2,49,51,41,45,60,44,108,21,63,2,73,104,113,63,60,62,57.65,60.0,32.44730343187242
264,N,131,1,69,5,0,128,130,100,123,95,131,6,67,5,0,103,90,106,102,95,74.35,95.0,49.956255864506105
265,I,76,29,54,1,0,107,107,108,106,99,76,44,48,1,3,91,91,96,89,94,66.0,82.5,39.098593325080124
266,I,123,6,20,100,12,44,47,49,51,42,123,6,15,100,6,28,32,30,28,34,44.8,33.0,36.43706903690252
267,T,123,14,105,65,43,70,80,76,77,76,123,24,113,65,41,72,78,84,73,75,73.85,75.5,28.094972859926383
268,V,110,6,6,30,1,4,0,0,0,0,110,1,6,30,2,0,0,0,0,0,15.3,1.0,32.74767167296021
269,T,85,64,72,122,72,80,71,68,71,77,85,36,72,122,69,88,88,86,85,86,79.95,78.5,18.197458613773517
270,L,71,1,6,71,5,22,2,2,1,4,71,1,6,71,2,4,6,6,5,5,18.1,5.0,26.79720134640929
271,N,121,84,75,1,91,68,89,74,80,66,121,77,75,1,98,70,69,73,83,77,74.65,76.0,28.754608326318756
272,M,104,44,7,2,23,5,4,11,6,13,104,41,4,2,19,25,20,21,21,28,25.2,19.5,28.78298108257725
273,E,191,138,110,55,166,128,117,124,137,158,191,136,100,55,138,169,163,160,170,164,138.5,138.0,36.95605498426476
274,K,124,180,121,143,195,131,155,160,165,166,124,158,134,143,191,144,148,148,144,146,151.0,147.0,20.322401432901575
275,Y,148,103,182,173,144,103,77,79,106,79,148,101,189,173,157,50,61,63,58,65,112.95,103.0,45.59986293839051
276,N,45,122,104,72,88,125,99,96,127,149,45,85,107,72,92,166,147,150,145,162,109.9,105.5,35.599016840356704
277,F,55,71,103,148,134,97,131,52,123,78,55,129,109,148,78,49,60,77,88,79,93.2,83.5,32.20807352202239
278,L,33,9,49,83,19,11,13,15,2,7,33,24,44,83,7,9,12,11,11,8,24.15,12.5,23.232036070908634
279,G,37,0,25,31,1,0,5,7,11,0,37,5,12,31,0,2,5,7,5,7,11.4,6.0,12.654643416548728
280,I,38,11,16,4,49,14,14,23,13,13,38,18,19,4,42,4,30,22,30,26,21.4,18.5,12.6940931145159
281,S,47,49,21,10,71,52,63,59,48,56,47,49,13,10,63,15,54,43,55,55,44.0,49.0,18.646715528478467
282,I,49,4,29,41,43,17,15,13,16,17,49,10,35,41,36,20,24,22,21,22,26.2,22.0,12.990765951243985
283,V,42,23,27,43,27,44,47,43,47,46,42,43,35,43,15,64,77,72,70,73,46.15,43.0,16.841244015808332
284,G,7,15,18,0,13,46,39,41,48,46,7,18,20,0,16,38,24,29,29,29,24.15,22.0,14.853534932803033
285,Q,61,38,81,12,5,101,99,88,99,96,61,54,98,12,17,87,102,95,68,98,68.6,84.0,33.495372814763535
286,S,10,90,71,2,42,96,83,70,88,83,10,62,78,2,63,87,99,118,114,107,68.75,80.5,35.95535426052704
287,N,39,91,101,37,88,105,57,144,57,44,39,150,104,37,85,93,94,98,97,91,82.55,91.0,32.58139806699523
288,E,105,71,62,57,180,197,175,111,205,167,105,118,102,57,180,195,206,206,174,212,144.25,170.5,54.85697312101717
289,R,180,117,148,155,174,176,170,175,183,169,180,215,112,155,138,251,247,250,230,247,183.6,175.5,42.02546846853703
290,G,13,60,82,28,43,85,58,60,62,56,13,64,85,28,58,41,42,44,40,39,50.05,50.0,20.414394431381012
291,D,28,13,36,23,11,65,90,64,85,81,28,14,21,23,14,87,80,106,66,93,51.4,50.0,32.11136870331129
292,G,14,17,0,5,34,46,37,28,45,46,14,34,0,5,38,14,17,11,9,14,21.4,15.5,15.200000000000001
293,G,17,4,20,3,1,8,6,2,8,6,17,11,15,3,2,17,2,8,5,3,7.9,6.0,5.957348403442592
294,I,84,1,0,9,0,1,1,1,1,1,84,7,2,9,0,7,2,1,1,4,10.8,1.0,24.567458150976876
295,Y,67,9,8,30,23,39,37,39,35,53,67,5,14,30,29,57,64,53,41,57,37.85,38.0,19.223098085376353
296,I,84,2,2,2,1,2,2,2,4,1,84,2,7,2,3,2,1,1,2,2,10.4,2.0,24.567051105087884
297,G,7,2,10,2,0,34,41,38,36,37,7,3,12,2,0,37,35,34,36,36,20.45,23.0,16.258766865909603
298,S,3,54,1,22,12,62,60,40,58,61,3,56,7,22,13,56,54,57,55,55,37.55,54.0,23.109467756744206
299,I,35,24,3,18,5,35,33,33,39,37,35,35,4,18,5,44,41,46,47,46,29.15,35.0,14.714873427929986
300,M,50,72,77,69,21,73,99,39,98,79,50,56,85,69,25,62,92,86,111,111,71.2,72.5,25.01519538200731
301,K,203,15,25,36,132,205,210,69,200,200,203,26,18,36,162,207,208,208,206,204,138.65,200.0,80.73615980463774
302,G,84,57,54,2,18,65,54,11,61,47,84,33,55,2,24,51,52,47,49,53,45.15,51.5,22.852297477496656
303,G,14,7,27,15,0,6,9,0,2,0,14,11,20,15,2,0,0,0,0,0,7.1,4.0,7.930321557162737
304,A,1,1,7,11,2,5,2,4,4,3,1,8,4,11,3,1,2,3,2,1,3.8,3.0,3.0594117081556713
305,V,37,1,1,0,1,0,0,0,0,1,37,6,1,0,2,1,1,0,1,0,4.5,1.0,10.911003620199198
306,A,32,20,18,5,11,33,36,41,43,38,32,22,18,5,14,41,40,42,44,44,28.95,32.5,13.1547519931012
307,A,33,82,56,1,56,74,50,49,56,56,33,64,53,1,52,50,52,52,51,51,48.6,52.0,19.111253229445737
308,D,135,30,34,13,37,39,50,49,51,27,135,45,41,13,52,55,53,48,49,49,50.25,48.5,30.670629272970583
309,G,39,21,12,1,20,55,51,51,50,62,39,13,14,1,14,50,50,53,54,51,35.05,44.5,19.89591666649215
310,R,127,65,70,86,120,139,107,109,111,112,127,101,91,86,131,112,109,121,119,118,108.05,111.5,19.221017142700852
311,I,2,6,6,20,0,6,7,6,6,6,2,13,11,20,0,6,6,6,5,5,6.95,6.0,5.2675895815828335
312,E,95,28,62,103,13,113,108,92,107,101,95,34,66,103,9,112,115,112,110,111,84.45,102.0,34.858965848114316
313,P,44,49,26,91,16,71,79,76,70,69,44,55,23,91,6,82,86,81,81,65,60.25,69.5,25.437914615785626
314,G,0,3,3,2,8,43,32,14,27,24,0,7,4,2,7,21,36,33,20,12,14.9,10.0,13.243488966280752
315,D,1,7,2,7,0,6,9,5,4,5,1,2,4,7,0,6,7,4,5,2,4.2,4.5,2.5806975801127883
316,M,33,32,36,11,11,18,17,14,15,25,33,38,33,11,14,37,29,31,27,35,25.0,28.0,9.67987603226405
317,L,6,1,8,13,3,1,1,0,3,0,6,3,11,13,4,2,0,0,2,0,3.85,2.5,4.198511641046146
318,L,9,42,76,13,27,27,21,20,22,17,9,56,79,13,34,19,22,17,33,30,29.3,22.0,19.49128010162493
319,Q,3,34,5,0,37,75,63,71,74,74,3,37,2,0,34,57,64,64,51,71,40.95,44.0,28.485917573425645
320,V,4,0,0,9,4,0,0,0,0,0,4,3,1,9,0,0,0,0,1,0,1.75,0.0,2.8262165522125158
321,N,16,13,52,43,58,67,82,84,86,60,16,15,72,43,47,56,57,57,58,46,51.4,56.5,21.914378841299612
322,D,13,41,134,141,134,144,132,138,138,143,13,11,128,141,117,139,140,140,144,150,114.05,138.0,48.05879211965278
323,M,46,98,109,37,102,81,87,89,85,86,46,84,119,37,103,81,88,73,76,78,80.25,84.5,22.4162329573905
324,N,79,72,95,78,53,76,72,87,65,68,79,62,90,78,52,63,72,70,65,78,72.7,72.0,10.840202950129669
325,F,13,14,95,4,1,0,2,3,2,1,13,6,81,4,0,11,0,0,4,0,12.7,3.5,25.61073993464461
326,E,178,69,11,21,73,83,86,85,89,80,178,134,4,21,85,127,83,86,84,110,84.35,84.5,46.238809456991866
327,N,61,116,50,102,111,151,145,125,148,150,61,138,50,102,111,154,135,121,125,132,114.4,123.0,33.26469600041462
328,M,50,115,169,77,47,34,72,68,65,70,50,49,178,77,30,52,31,39,33,25,66.55,51.0,41.38172906005742
329,S,36,38,5,77,77,54,54,54,54,60,36,49,14,77,66,35,43,51,47,36,48.15,50.0,18.54258611952497
330,N,106,3,79,56,85,47,48,48,49,48,106,46,105,56,84,22,57,61,57,61,61.2,56.5,25.935689695861186
331,D,66,83,79,73,82,108,109,106,108,115,66,82,118,73,81,125,101,120,118,125,96.9,103.5,20.106963967740136
332,D,74,61,50,21,82,65,54,55,57,61,74,71,39,21,78,60,57,61,59,55,57.75,59.5,15.70947166520886
333,A,9,4,5,10,0,0,1,1,1,0,9,1,3,10,0,0,0,0,0,0,2.7,1.0,3.675595189897821
334,V,10,45,31,81,63,34,33,32,32,34,10,46,37,81,43,42,34,39,41,41,40.45,38.0,17.51991723724744
335,R,127,100,142,166,128,159,164,162,162,171,127,90,108,166,135,147,165,154,148,156,143.85,151.0,23.180325709532212
336,V,69,26,21,46,30,30,27,29,25,28,69,20,12,46,27,21,24,22,19,16,30.35,26.5,15.196298891506443
337,L,0,3,15,72,4,9,11,13,11,9,0,5,13,72,3,4,16,17,16,16,15.45,11.0,19.612432281591182
338,R,19,135,163,195,145,159,153,155,155,153,19,134,173,195,111,84,97,96,137,161,131.95,149.0,47.48734041826306
339,D,68,91,129,103,105,91,86,94,88,88,68,90,133,103,127,83,90,76,80,77,93.5,90.0,18.139735389470268
340,I,28,28,1,18,34,14,9,11,11,12,28,15,3,18,22,10,11,8,7,12,15.0,12.0,8.706319543871567
341,V,21,65,4,90,10,19,15,28,16,25,21,73,5,90,2,38,41,39,40,42,34.2,26.5,26.1239353850066
342,H,72,113,106,33,112,148,137,153,134,138,72,89,91,33,81,157,153,151,157,154,114.2,123.5,39.57979282411671
343,K,127,137,105,103,147,105,90,94,95,99,127,113,97,103,113,106,117,112,103,116,110.45,105.5,14.427317838045989
344,P,101,9,127,68,75,113,115,107,111,107,101,8,126,68,82,136,139,133,137,132,99.75,109.0,37.456474740690695
345,G,35,7,24,41,75,17,18,18,29,32,35,13,27,41,70,18,21,19,26,18,29.2,25.0,16.933989488599543
346,P,115,0,75,58,90,82,84,85,72,81,115,1,73,58,79,80,80,81,82,84,73.75,80.5,27.913930214142187
347,I,49,0,4,5,11,1,3,5,3,1,49,6,7,5,6,1,1,3,2,2,8.2,3.5,13.836907168872674
348,V,34,15,15,12,13,55,57,60,56,54,34,4,15,12,13,41,48,52,46,43,33.95,37.5,18.91685756144503
349,L,10,4,5,0,2,0,0,0,4,0,10,3,9,0,4,0,0,0,0,0,2.55,0.0,3.4420197558991434
350,T,6,11,4,3,0,15,17,24,22,24,6,17,5,3,0,18,19,20,19,23,12.8,16.0,8.334266614405854
351,V,3,0,5,6,0,0,0,0,1,0,3,0,7,6,0,0,0,0,0,0,1.55,0.0,2.41816045786875
352,A,61,12,17,4,19,4,4,3,4,8,61,13,12,4,26,0,1,0,0,3,12.8,4.0,17.480274597385478
353,K,131,13,14,13,2,61,56,51,63,47,131,25,47,13,3,33,24,41,45,30,42.15,37.0,34.81849364920889
354,C,6,5,63,9,41,44,28,42,36,48,6,7,58,9,48,31,37,34,33,38,31.15,35.0,17.779974690645652
355,W,2,133,148,77,102,111,167,132,141,137,2,128,125,77,71,160,168,179,221,171,122.6,132.5,54.0965802985734
356,D,3,124,115,2,68,95,101,89,76,69,3,138,109,2,49,41,80,82,64,58,68.4,72.5,40.59236381389979
357,P,42,33,14,13,87,100,83,69,68,64,42,31,14,13,105,127,109,122,84,85,65.25,68.5,36.94303046584024
358,S,27,2,8,0,98,94,91,72,99,104,27,4,1,0,81,78,80,72,74,62,53.7,72.0,38.691213472828686
359,P,0,48,69,67,19,62,80,92,86,87,0,41,50,67,24,96,65,97,61,112,61.15,66.0,30.953634681568495
360,Q,18,124,126,100,155,82,141,134,103,132,18,132,145,100,171,173,185,162,141,156,124.9,133.0,44.058937799270645
361,A,20,14,7,58,7,78,56,72,66,50,20,17,8,58,11,86,77,83,54,81,46.15,55.0,28.85355264087943
362,Y,59,73,89,148,23,213,205,153,140,153,59,84,60,148,23,149,165,204,183,179,125.5,148.0,59.62927133547751
363,F,45,206,197,12,174,40,139,137,167,163,45,183,208,12,175,189,182,163,174,180,139.55,170.5,65.570934872091
364,T,126,95,99,38,114,92,113,70,68,103,126,108,89,38,104,118,128,90,114,99,96.6,101.0,25.300988122996305
365,L,110,103,39,11,37,51,138,79,85,94,110,120,43,11,23,130,137,75,121,95,80.6,89.5,41.04802065873579
366,P,61,77,118,25,80,89,87,4,90,88,61,97,105,25,68,130,112,102,101,106,81.3,88.5,31.972019016633904
367,R,34,116,159,71,167,165,207,148,95,216,34,175,148,71,171,224,235,219,231,232,155.9,166.0,64.38159674938173
368,N,86,24,37,0,156,146,141,126,65,138,86,30,46,0,146,143,167,150,156,152,99.75,132.0,57.019185367733904
369,E,134,121,115,42,41,111,128,98,138,136,134,132,119,42,44,167,155,159,148,160,116.2,130.0,40.62462307517449
370,P,14,66,89,2,12,86,116,105,53,129,14,107,101,2,19,98,101,107,103,115,71.95,93.5,43.422891428369894
371,I,41,129,137,5,83,55,140,69,134,156,41,100,43,5,85,165,169,128,171,144,100.0,114.0,53.2024435529046
372,Q,129,144,37,26,94,159,152,151,107,151,129,151,83,26,88,162,146,166,153,165,120.95,145.0,45.616307391107405
373,P,65,80,77,47,103,103,101,112,73,104,65,78,68,47,101,125,126,119,125,109,91.4,101.0,24.802016047087786
374,I,16,118,119,75,67,112,133,138,152,132,16,113,145,75,89,143,117,146,150,142,109.9,118.5,40.25779427638827
375,D,76,68,108,103,88,103,102,100,51,102,76,72,100,103,44,86,93,91,88,90,87.2,90.5,17.368362041367057
376,P,90,87,77,70,102,90,92,82,87,91,90,77,90,70,141,88,99,95,93,91,90.1,90.0,14.299999999999999
377,A,59,71,107,15,72,56,55,63,53,55,59,66,99,15,73,58,54,57,55,54,59.8,57.5,20.597572672526244
378,A,8,56,54,55,71,61,61,50,61,60,8,63,49,55,70,55,53,54,54,52,52.5,55.0,15.888675212238432
379,W,49,128,92,122,83,174,176,169,179,174,49,125,63,122,75,166,158,166,171,166,130.35,143.0,45.11460406564597
380,V,107,98,68,85,59,81,83,80,78,81,107,96,72,85,44,83,87,83,86,84,82.35,83.0,14.241751998964174
381,S,17,30,38,50,30,78,78,80,60,78,17,16,43,50,44,77,79,78,78,76,54.85,55.0,23.514410475280897
382,H,60,75,72,135,77,120,119,118,93,121,60,43,47,135,73,126,130,131,139,131,100.25,118.5,32.37881251682958
383,S,50,53,18,39,31,37,34,35,32,35,50,92,10,39,34,42,46,36,38,37,39.4,37.0,15.486768546084754
384,A,0,50,19,7,14,57,61,59,41,57,0,68,20,7,13,36,24,34,47,39,32.65,35.0,21.40858472669317
385,A,50,15,2,23,70,54,63,55,16,54,50,30,3,23,66,84,82,80,82,83,49.25,54.0,27.217411706479364
386,L,9,11,1,22,72,76,75,64,95,96,9,25,0,22,44,132,138,138,142,136,65.35,68.0,50.74177273213856
387,T,21,8,3,1,25,114,99,110,99,109,21,6,0,1,16,99,101,99,97,101,56.5,61.0,46.915349300628684
388,G,8,0,0,14,20,68,69,69,10,68,8,0,1,14,18,60,62,53,54,58,32.7,19.0,27.62444569579632
389,T,8,0,3,44,10,95,91,100,53,113,8,2,4,44,4,94,95,94,101,102,53.25,48.5,43.370352776983495
390,F,13,80,8,115,19,141,147,134,138,118,13,124,7,115,2,198,200,194,190,202,107.9,121.0,71.53733291086549
391,P,19,123,100,18,4,107,117,86,78,92,19,87,114,18,0,103,77,97,122,110,74.55,89.5,42.3904175492528
392,A,6,20,57,15,0,105,90,85,60,96,6,13,62,15,1,99,102,98,97,98,56.25,61.0,40.55351402776336
393,Y,20,21,97,49,66,149,170,212,182,186,20,31,104,49,78,222,212,218,225,231,127.1,126.5,78.76668077302737
394,P,17,4,0,39,45,96,102,107,107,82,17,5,0,39,48,132,127,119,132,117,66.75,65.0,48.44984520099109
395,G,3,3,0,23,34,21,29,75,38,94,3,3,0,23,28,69,69,67,66,79,36.35,28.5,30.333603478650534
396,S,25,9,7,6,6,57,63,94,116,108,25,10,4,6,6,131,128,115,120,112,57.4,41.0,50.31540519562573
397,S,4,74,1,17,5,51,70,97,110,76,4,62,2,17,11,103,112,122,120,120,58.9,66.0,45.9998913042194
398,S,8,36,28,89,0,69,73,65,94,120,8,34,24,89,2,114,103,101,117,100,63.7,71.0,41.035472459812134
399,M,105,137,75,100,29,110,109,114,129,94,105,124,56,100,46,170,177,157,167,176,114.0,109.5,41.34610017885605
400,S,72,24,66,110,9,69,81,96,87,93,72,13,58,110,12,94,119,118,131,113,77.35,84.0,36.88126218013695
401,T,71,59,34,49,11,101,111,107,89,59,71,81,50,49,3,143,128,127,104,115,78.1,76.0,38.141709453038416
402,I,113,53,8,6,12,107,112,118,101,48,113,47,20,6,11,152,158,149,155,163,82.6,104.0,57.52686329011865
403,T,42,80,49,59,2,68,87,71,94,115,42,82,42,59,2,145,117,126,124,114,76.0,75.5,39.06660978380387
404,S,17,84,117,38,3,64,100,110,89,117,17,88,111,38,0,122,121,133,136,125,81.5,94.5,45.04497752247191
405,G,11,71,68,24,0,68,82,68,57,21,11,68,67,24,1,81,77,65,67,77,50.4,67.0,28.429562078934666
406,S,37,88,58,80,33,67,72,64,76,42,37,92,47,80,57,127,105,126,123,124,76.75,74.0,30.56938828305205
407,S,26,114,109,66,57,106,108,90,58,31,26,107,96,66,88,109,109,102,101,100,83.45,98.0,29.16586189365917
408,L,39,79,117,80,22,38,111,113,90,125,39,85,125,80,17,170,155,162,157,171,98.75,100.5,48.82711848962624
409,P,12,123,129,88,44,112,127,53,68,121,12,134,128,88,34,116,92,112,120,107,91.0,109.5,38.99871792764475
410,D,84,97,79,79,102,113,140,113,66,121,84,56,77,79,130,164,167,174,164,159,112.4,107.5,36.95321366268433
411,G,19,23,50,61,61,67,64,66,0,68,19,14,37,61,43,73,58,52,67,63,48.3,59.5,21.31924013655271
412,C,32,32,22,70,71,131,125,15,58,124,32,23,33,70,68,121,110,129,86,131,74.15,70.0,41.4515078133474
413,E,99,12,58,104,137,173,140,83,75,149,99,9,59,104,126,196,195,189,194,174,118.75,115.0,57.11206089785239
414,G,31,23,10,14,45,64,47,48,46,27,31,23,12,14,68,86,80,67,77,70,44.15,45.5,24.339833606662147
415,R,213,13,73,97,36,217,176,160,104,202,213,14,74,97,22,229,220,234,215,224,141.65,168.0,80.15439788308561
416,G,45,26,4,18,40,19,49,51,42,23,45,31,1,18,26,57,51,55,51,56,35.4,41.0,17.077470538695124
417,L,47,33,47,83,14,23,50,52,11,38,47,29,30,83,8,34,30,30,33,22,37.2,33.0,19.551470532929233
418,S,70,52,98,11,32,35,34,46,44,51,70,53,97,11,50,35,36,37,35,39,46.8,41.5,22.312776608929692
419,V,45,48,58,64,5,17,51,33,37,45,45,38,38,64,1,43,44,58,42,53,41.45,44.5,16.66875820209772
420,H,138,39,2,8,34,152,179,176,169,171,138,28,1,8,13,173,174,182,173,180,106.9,145.0,75.12649332958381
421,T,86,14,1,36,19,43,51,41,41,35,86,14,1,36,24,36,36,35,36,30,35.05,36.0,21.441723344917964
422,D,28,2,0,2,7,112,114,112,87,110,28,1,2,2,28,86,89,86,86,86,53.4,57.0,45.08037266926706
423,M,7,2,16,35,26,45,57,46,46,45,7,3,27,35,39,74,72,69,40,76,38.35,39.5,23.083056556704097
424,A,41,2,0,2,63,22,27,33,22,29,41,2,1,2,64,51,50,47,46,49,29.7,31.0,21.513019313894553
425,S,64,100,63,7,87,62,70,67,64,40,64,88,64,7,72,53,53,49,51,44,58.45,63.5,22.37068394126563
426,V,17,80,17,2,58,0,0,0,5,0,17,79,4,2,57,0,0,0,0,0,16.9,2.0,26.886613769681002
427,T,17,11,70,19,0,0,0,1,0,2,17,9,89,19,0,0,0,0,0,0,12.7,0.5,23.560772483091473
428,K,66,188,181,25,122,106,150,146,139,56,66,178,125,25,172,154,145,152,152,151,124.95,145.5,49.42314741090454
429,A,10,45,34,12,0,37,29,30,4,29,10,35,23,12,12,33,31,30,34,31,24.05,29.5,12.314523945325698
430,M,10,25,1,5,88,0,0,0,5,0,10,28,2,5,67,1,0,0,0,0,12.35,1.5,23.315820809055808
431,A,0,59,69,16,1,26,50,52,46,52,0,67,64,16,7,39,38,41,42,43,36.4,41.5,22.190989162270345
432,A,0,54,44,71,54,38,41,39,26,36,0,49,46,71,58,25,31,26,23,24,37.8,38.5,18.89338508579127
433,P,7,0,133,100,102,91,125,116,115,87,7,1,103,100,91,131,126,131,133,130,91.45,102.5,46.2401070500491
434,E,96,14,121,54,48,188,202,98,21,86,96,12,99,54,62,156,157,157,154,156,101.55,97.0,56.666105389377165
435,S,58,21,5,71,4,31,20,10,7,15,58,34,1,71,9,17,17,12,13,12,24.3,16.0,21.783250446157027
436,G,34,10,46,12,51,56,59,65,9,70,34,14,36,12,22,63,63,64,65,64,42.45,48.5,21.82996793401218
437,L,14,4,16,30,11,12,13,14,18,15,14,5,23,30,29,17,17,19,18,16,16.75,16.0,6.876590725061366
438,E,120,97,7,0,62,107,114,114,98,104,120,67,3,0,55,92,92,93,122,97,78.2,95.0,41.86358799720827
439,V,19,1,1,71,0,30,31,27,40,32,19,6,1,71,2,42,40,46,46,45,28.5,30.5,21.72210855326895
440,R,110,14,68,111,130,134,152,153,151,139,110,12,78,111,108,138,137,146,168,159,116.45,132.0,42.70067329679943
441,D,119,19,1,120,53,109,106,81,105,87,119,16,0,120,58,101,103,104,102,103,81.3,102.5,40.391954644458586
442,R,73,13,10,62,75,49,64,57,115,48,73,11,21,62,81,39,44,41,34,43,50.75,48.5,25.758251105228396
443,M,72,5,22,65,2,108,116,86,114,119,72,5,20,65,0,131,137,120,121,141,76.05,79.0,49.29956896363294
444,W,2,64,85,107,8,57,45,50,72,44,2,55,67,107,7,126,116,96,73,113,64.8,65.5,38.34918512823969
445,L,48,49,1,142,84,136,97,102,98,113,48,46,7,142,91,151,148,135,111,132,94.05,100.0,45.436191521737385
446,K,93,100,53,93,135,205,203,190,197,203,93,119,59,93,139,192,189,175,144,197,143.6,141.5,51.12768330366632
447,I,14,142,1,142,40,74,78,71,92,75,14,130,0,142,50,110,90,116,77,94,77.6,77.5,45.0337651101926
448,T,1,121,64,119,40,84,98,16,82,83,1,127,69,119,25,75,80,78,73,93,72.4,79.0,37.38769851167627
449,I,58,39,34,44,90,8,8,6,12,10,58,22,44,44,74,21,23,19,20,17,32.55,22.5,22.924822791027196
450,P,13,40,98,16,47,81,80,39,100,49,13,58,84,16,51,78,77,78,80,81,58.95,67.5,28.03832198973398
451,N,0,146,150,85,22,46,102,89,86,98,0,131,100,85,5,100,97,99,103,102,82.3,97.5,43.665890578345014
452,A,11,43,36,30,1,0,0,0,2,0,11,43,37,30,0,0,0,0,0,0,12.2,0.5,16.48211151521552
453,F,3,83,101,55,0,0,0,0,5,0,3,77,97,55,0,0,0,0,0,0,23.95,0.0,36.775637316027584
454,L,10,92,136,10,9,27,26,27,29,24,10,87,127,10,2,38,31,36,35,37,40.15,28.0,37.91342110651583
455,G,6,5,33,5,0,0,0,0,0,0,6,11,32,5,0,0,0,0,0,0,5.15,0.0,9.619121581516684
456,S,6,21,2,23,0,22,38,16,17,26,6,39,3,23,0,21,18,23,20,21,17.25,20.5,11.040267206911253
457,D,55,53,112,6,14,47,45,43,53,51,55,65,113,6,5,32,34,37,37,35,44.9,44.0,28.289397307118435
458,V,123,22,6,24,21,4,0,0,0,0,123,25,11,24,3,0,0,0,0,0,19.3,3.5,35.84145644362127
459,V,45,55,54,10,2,0,4,0,0,8,45,47,57,10,0,0,0,0,0,0,16.85,3.0,22.421585581755814
460,D,126,100,104,34,19,55,65,58,51,88,126,107,115,34,14,57,60,61,60,58,69.6,60.0,32.955120998108924
461,W,58,174,23,133,70,14,13,18,10,17,58,180,33,133,59,13,12,11,13,12,52.7,20.5,55.2540496253442
462,L,38,8,82,28,4,0,0,0,3,1,38,10,44,28,2,0,0,0,0,0,14.3,2.5,21.471143425537445
463,Y,116,36,148,87,39,96,81,96,83,86,116,45,133,87,44,101,103,105,97,99,89.9,96.0,29.24363178539902
464,H,128,118,42,125,0,138,112,135,129,101,128,101,75,125,1,133,137,136,136,139,106.95,126.5,42.53995181003382
465,H,75,82,13,14,9,70,57,50,31,56,75,66,29,14,6,87,87,84,89,86,54.0,61.5,29.821133445930588
466,V,16,0,3,1,2,5,3,4,7,2,16,4,5,1,3,5,5,3,4,4,4.65,4.0,4.1143043154341425
467,E,92,133,4,4,78,106,146,152,140,122,92,109,5,4,119,149,153,146,146,154,102.7,120.5,53.83688326788616
468,G,37,50,1,2,10,38,42,45,31,48,37,45,5,2,11,55,56,57,49,55,33.8,40.0,20.00399960007998
469,F,89,127,1,0,13,11,16,13,10,21,89,86,1,0,14,23,24,23,23,22,30.3,18.5,35.430354217817246
470,P,3,113,67,1,47,49,101,100,102,76,3,116,55,1,34,90,101,93,84,108,67.2,80.0,39.53428891481419
471,E,82,40,38,2,25,28,86,87,88,71,82,36,29,2,23,98,100,97,116,113,62.15,76.5,36.27020126770735
472,R,187,103,44,20,145,86,85,77,98,134,187,58,14,20,83,74,76,68,66,61,84.3,76.5,47.270603973294016
473,R,193,221,76,167,182,144,156,154,149,163,193,174,103,167,186,178,161,164,182,192,165.25,167.0,31.13980571551467
474,E,132,131,14,12,54,2,71,72,72,70,132,135,14,12,69,91,68,92,84,78,70.25,71.5,41.66038285949855
475,A,36,27,20,6,2,0,0,0,0,0,36,23,12,6,1,0,0,0,0,0,8.45,0.5,12.334808470341159
476,R,110,210,65,77,143,113,94,102,104,97,110,167,38,77,122,113,115,115,106,112,109.5,110.0,34.98356757107542
477,K,177,165,62,58,153,105,129,133,132,133,177,170,93,58,143,165,136,159,114,134,129.8,133.5,36.9616016968962
478,Y,109,28,56,41,49,23,30,27,23,85,109,30,69,41,66,24,23,28,23,23,45.35,30.0,27.557712169191404
479,A,10,29,7,6,24,2,1,0,0,0,10,31,7,6,13,0,0,0,0,0,7.3,4.0,9.63379468330107
480,S,59,48,20,5,75,19,38,37,39,36,59,40,39,5,62,39,40,35,36,33,38.2,38.5,17.092688495377196
481,G,74,10,0,0,40,20,23,22,19,30,74,11,1,0,52,19,17,20,7,19,22.9,19.0,21.358604823349296
482,L,72,23,43,2,53,0,0,0,0,0,72,26,36,2,58,0,0,0,0,0,19.35,1.0,25.894545757745973
483,L,5,101,51,1,12,26,24,23,19,25,5,105,66,1,12,25,25,20,17,20,29.15,21.5,28.8396861980154
484,K,130,122,164,10,32,123,186,181,134,183,130,94,148,10,8,162,166,176,144,169,123.6,139.0,59.19155345148496
485,A,93,19,68,14,10,41,55,60,23,64,93,40,51,14,15,15,52,49,23,61,43.0,45.0,25.23093339533835
486,G,12,16,14,0,22,0,43,18,6,43,12,25,10,0,11,32,35,31,24,30,19.2,17.0,13.117164327704367
487,L,110,23,83,30,10,18,22,24,11,21,110,60,81,30,3,22,25,25,23,19,37.5,23.5,31.72774810792597
488,I,69,22,33,5,0,2,3,0,1,0,69,19,23,5,0,1,0,1,0,1,12.7,1.5,21.007379655730507
489,R,106,100,135,50,52,85,139,93,116,134,106,158,118,50,61,122,135,120,113,88,104.05,109.5,30.91193135344345
490,H,2,89,10,35,5,24,30,33,27,14,2,76,6,35,26,18,13,7,12,7,23.55,16.0,22.499944444375863
491,T,6,28,41,27,21,28,14,39,43,31,6,22,48,27,42,42,45,47,41,45,32.15,35.0,12.904553459922587
492,V,64,59,33,53,19,34,55,25,43,40,64,67,36,53,2,70,74,65,34,94,49.2,53.0,21.17215152033444
493,N,88,99,43,3,32,172,117,51,103,145,88,101,51,3,56,153,152,123,137,126,92.15,100.0,49.03088312482246
494,K,155,141,187,39,136,130,118,111,132,110,155,140,181,39,83,82,87,113,59,125,116.15,121.5,40.440419137293816
495,I,97,125,86,15,142,168,110,53,36,156,97,136,70,15,162,157,159,153,143,148,111.4,130.5,49.16848584205131
496,T,63,80,142,50,60,96,90,83,88,86,63,73,147,50,88,91,91,92,94,86,85.65,87.0,24.154243933520252
497,F,8,103,172,111,192,41,36,36,25,24,8,120,182,111,146,29,29,34,31,28,73.3,36.0,60.525283972898464
498,S,3,46,20,54,39,47,51,48,47,48,3,44,33,54,35,23,27,41,40,42,37.25,41.5,14.689707280950154
499,E,53,106,124,129,137,54,67,55,59,64,53,100,139,129,139,31,26,38,27,28,77.9,61.5,41.325415908372904
500,Q,75,147,73,181,100,123,133,139,127,124,75,135,112,181,148,157,156,175,116,155,131.6,134.0,32.20776303936677
501,C,30,25,15,81,43,16,14,18,10,6,30,37,9,81,69,27,26,23,18,32,30.5,25.5,21.703686322834653
502,Y,55,180,128,95,81,33,42,39,26,37,55,136,124,95,46,65,62,58,58,61,73.8,59.5,39.64921184588667
503,Y,119,145,134,44,101,1,0,0,0,0,119,156,145,44,139,0,0,0,0,0,57.35,22.5,63.35556408082878
504,V,57,101,135,54,51,6,19,30,24,27,57,104,120,54,76,34,31,33,37,33,54.15,44.0,34.61975592057228
505,F,157,120,31,184,47,4,35,42,28,36,157,97,31,184,25,33,32,49,47,50,69.45,44.5,56.310278813019565
506,G,56,52,48,21,49,5,13,13,15,16,56,56,60,21,44,9,10,5,8,9,28.3,18.5,20.508778608196053
507,D,88,182,50,69,29,34,102,106,83,96,88,148,47,69,45,76,100,107,55,90,83.2,85.5,36.345013413121755
508,L,43,58,24,20,130,20,62,80,61,22,43,76,32,20,123,71,69,87,85,83,60.45,61.5,32.028854178693315
509,S,35,129,11,51,40,59,95,69,114,47,35,110,8,51,26,110,106,104,95,106,70.05,64.0,37.14764460904621
510,G,77,59,6,65,8,14,31,54,17,20,77,63,8,65,7,50,55,26,51,29,39.1,40.5,24.2897097553676
511,G,67,66,2,23,48,3,40,64,7,41,67,71,9,23,43,68,50,76,62,63,44.65,49.0,24.44028436823107
512,C,33,108,1,45,40,68,132,41,45,56,33,94,3,45,29,73,83,104,84,113,61.5,50.5,35.55488714649507
513,E,195,117,1,47,5,124,118,164,147,75,195,166,1,47,4,154,167,136,174,113,107.5,121.0,66.03294632227158
514,S,43,61,7,18,40,57,95,37,57,70,43,61,6,18,33,99,110,64,84,46,52.45,51.5,28.72538076335978
515,Y,80,114,22,13,151,88,149,78,39,88,80,143,27,13,138,65,132,180,153,167,96.0,88.0,52.89706986213886
516,L,20,55,27,20,40,112,86,94,103,44,20,66,28,20,38,92,142,111,88,107,65.65,60.5,37.949011844842545
517,V,37,61,20,18,42,115,93,28,116,76,37,49,19,18,45,116,122,106,126,118,68.1,55.0,40.35579264492274
518,N,113,28,48,72,75,95,129,69,127,135,113,15,38,72,87,145,127,133,139,110,93.5,102.5,38.7666093436091
519,L,39,2,38,33,117,57,47,62,58,36,39,5,32,33,109,150,152,134,54,80,63.85,50.5,43.92524900327829
520,S,15,58,18,54,44,33,45,22,52,53,15,43,14,54,31,102,107,103,107,119,54.45,48.5,33.763108565415
521,L,34,38,107,90,64,148,119,125,113,136,34,20,93,90,80,168,162,160,117,134,101.6,110.0,44.25313548213279
522,N,24,34,25,124,97,101,137,145,121,87,24,31,10,124,64,133,139,136,136,147,91.95,111.0,48.46181486490162
523,D,65,17,74,91,96,42,97,67,8,71,65,47,69,91,92,140,166,157,118,140,85.65,82.5,41.716034087626305
524,N,42,94,7,28,138,146,115,157,120,153,42,63,3,28,137,125,142,170,134,132,98.8,122.5,53.67084869833903
525,D,85,108,47,33,137,131,177,139,141,75,85,128,45,33,118,145,133,159,159,143,111.05,129.5,43.590681343608296
526,G,29,34,25,9,70,49,40,39,52,74,29,40,23,9,81,63,72,60,66,72,46.8,44.5,21.685479012463617
527,S,76,100,92,19,105,50,21,82,127,97,76,101,74,19,97,114,113,112,104,128,85.35,97.0,33.067015287140755
528,S,79,82,96,55,74,79,101,99,71,49,79,81,95,55,75,113,126,115,115,128,88.35,81.5,22.592642607716343
529,G,52,63,50,33,52,31,30,27,32,4,52,59,56,33,45,82,72,68,70,77,49.4,52.0,19.47408534437497
530,A,68,41,14,75,68,10,71,56,86,64,68,34,19,75,71,101,107,100,104,92,66.2,69.5,28.815967795651076
531,S,26,10,36,24,101,77,92,43,71,76,26,8,36,24,124,116,106,116,115,111,66.9,73.5,40.04859548099034
532,D,133,13,92,17,101,29,54,15,57,40,133,15,94,17,94,150,154,146,161,152,83.35,93.0,54.37395976016461
533,Q,126,33,75,113,62,88,104,123,89,113,126,46,69,113,79,195,197,194,190,176,115.55,113.0,49.92742232481064
534,D,109,27,91,25,88,127,116,119,66,122,109,14,69,25,82,147,151,132,139,148,95.3,109.0,43.50298840309709
535,T,74,28,112,95,92,57,65,30,49,41,74,37,117,95,94,121,124,135,143,129,85.6,93.0,36.00611059250916
536,L,120,22,62,135,26,34,37,64,51,71,120,15,47,135,29,172,161,163,162,173,89.95,67.5,56.665223020826446
537,A,38,2,12,66,24,78,73,59,44,75,38,7,24,66,21,90,92,99,96,87,54.55,62.5,31.209734058463233
538,P,112,28,85,110,51,85,93,101,31,85,112,20,67,110,44,109,129,120,119,123,86.7,97.0,33.80695194778731
539,L,100,65,50,144,11,83,86,92,119,76,100,63,72,144,19,159,170,165,167,173,102.9,96.0,48.97642289918691
540,P,80,36,60,91,22,68,96,89,11,119,80,31,57,91,20,125,130,127,127,125,79.25,84.5,38.85341040372132
541,G,5,55,69,36,13,30,71,51,57,72,5,42,63,36,16,78,76,67,71,72,49.25,56.0,24.107830678018296
542,A,41,52,24,53,17,83,95,99,78,93,41,63,29,53,10,93,106,103,96,105,66.7,70.5,31.35617961423234
543,T,40,39,65,41,39,89,93,108,65,69,40,41,72,41,29,135,127,136,134,133,76.8,67.0,38.26565039300914
544,P,64,18,38,18,60,40,111,123,101,94,64,19,41,18,78,124,102,109,117,122,73.05,71.0,38.6839436976118
545,W,189,146,149,150,117,56,207,168,191,122,189,119,171,150,98,239,232,234,244,246,170.85,169.5,52.051200754641584
546,P,93,43,41,4,91,86,82,122,83,52,93,61,67,4,100,112,105,126,112,123,80.0,88.5,35.40197734590541
547,L,75,25,54,2,21,35,126,139,142,76,75,25,53,2,16,143,174,175,171,161,84.5,75.0,61.23683531992815
548,L,31,17,37,5,15,83,135,135,139,110,31,24,32,5,17,136,155,157,169,156,79.45,60.0,60.961032635610756
549,P,5,52,60,88,27,106,90,96,106,103,5,68,93,88,34,110,109,108,95,102,77.25,91.5,33.999816175973656
550,T,21,100,115,81,36,77,80,109,97,117,21,105,115,81,40,92,103,128,136,136,89.5,98.5,34.588292817079015
551,F,34,122,71,105,63,30,151,183,115,188,34,108,84,105,66,211,189,196,185,191,121.55,111.5,59.56800735294073
552,S,41,64,90,28,0,67,75,78,114,62,41,80,90,28,2,83,89,114,121,121,69.4,76.5,35.657257325823586
553,Y,13,213,130,88,6,198,148,169,170,188,13,235,158,88,15,213,212,233,226,233,147.45,169.5,79.87332157860973
554,Q,69,103,82,15,3,131,158,131,116,74,69,106,79,15,5,155,166,185,182,184,101.4,104.5,59.23715050540497
555,Y,111,59,53,9,17,167,193,190,172,171,111,21,42,9,31,210,197,213,223,213,120.6,139.0,79.71850475266078
556,P,129,60,76,6,43,61,116,84,110,81,129,51,74,6,48,107,121,121,105,110,81.9,82.5,37.11994073271131
557,A,42,18,32,1,33,92,91,75,68,73,42,6,30,1,35,77,74,78,78,82,51.4,55.0,29.923903488682754
558,P,124,49,64,32,3,97,122,95,94,102,124,36,39,32,14,106,111,124,127,95,79.5,95.0,40.3478623969102
559,H,93,72,33,30,44,175,158,86,117,78,93,45,30,30,76,184,172,176,170,183,102.25,89.5,57.649696443259785
560,P,99,3,49,118,68,104,101,121,71,116,99,6,53,118,49,105,107,105,106,105,85.15,102.5,35.09597555276103
561,Y,143,85,5,155,79,198,208,162,91,172,143,78,3,155,69,216,234,231,225,216,143.4,155.0,70.94110233144112
562,S,82,19,4,43,111,60,64,62,25,54,82,21,4,43,108,105,100,116,113,113,66.45,63.0,37.91632234275893
563,P,23,62,17,53,48,119,86,102,19,110,23,71,23,53,68,115,126,117,129,120,74.2,69.5,39.65299484276062
564,Q,144,113,97,132,15,139,169,161,128,174,144,134,59,132,25,186,170,189,173,175,132.95,141.5,48.73651095431432
565,P,2,66,59,22,34,60,69,99,37,102,2,90,69,22,18,101,106,95,113,98,63.2,67.5,36.082682827084795
566,P,1,69,50,34,40,57,57,82,27,49,1,38,38,34,41,118,105,110,117,133,60.05,49.5,37.68484443380388
567,P,64,53,43,121,11,72,88,65,100,86,64,80,69,121,28,83,98,131,119,109,80.25,81.5,31.33827531948751
568,Y,29,224,231,122,14,184,170,172,171,152,29,227,230,122,22,196,211,228,224,223,159.05,178.0,75.38864304389621
569,H,71,170,160,131,137,74,136,135,112,131,71,171,164,131,156,142,160,161,190,167,138.5,139.5,33.224238140249355
570,E,98,94,121,136,99,47,119,87,54,145,98,60,114,136,90,130,144,159,166,165,113.1,116.5,34.58308835254596
571,L,11,132,117,34,50,75,104,116,25,113,11,143,125,34,43,141,141,177,151,143,94.3,114.5,51.9
572,S,4,51,88,36,46,49,60,54,35,34,4,64,88,36,63,67,96,82,116,88,58.05,57.0,28.65741614312079
573,S,33,93,82,6,0,40,81,87,87,73,33,91,104,6,0,113,93,91,97,117,66.35,84.5,38.79339505637526
574,Y,16,184,160,198,152,133,166,129,134,172,16,183,130,198,164,201,218,240,217,222,161.65,169.0,58.08379722435509
575,T,1,49,61,26,109,107,106,87,16,25,1,35,57,26,100,137,123,129,136,130,73.05,74.0,46.997313753022105
576,Y,73,34,40,227,69,179,172,199,76,126,73,47,23,227,52,237,229,236,243,234,139.8,149.0,82.69921402286722
577,G,62,40,43,15,61,23,43,40,37,48,62,21,38,15,53,75,64,60,75,76,47.55,45.5,18.914214231630137
578,G,74,56,44,53,34,54,55,88,37,39,74,63,45,53,28,83,89,81,85,89,61.2,55.5,19.69670023125701
579,G,86,16,20,71,29,46,71,47,19,34,86,15,22,71,33,70,79,76,70,80,52.05,58.5,25.578262255282315
580,S,31,112,90,109,85,51,65,68,43,110,31,122,96,109,61,124,119,133,119,131,90.45,102.5,32.937023241331325
581,A,55,43,44,61,20,76,70,19,34,85,55,43,41,61,27,90,96,90,95,104,60.45,58.0,26.006681833713426
582,S,60,56,40,37,21,110,45,54,102,99,60,57,61,37,24,111,106,110,107,110,70.35,60.0,31.725817562357634
583,S,78,77,109,99,21,79,93,62,52,95,78,76,99,99,31,84,100,122,99,115,83.4,88.5,25.374002443445928
584,Q,1,115,140,25,66,155,157,159,132,175,1,91,130,25,77,180,157,182,181,164,115.65,136.0,60.77768916304733
585,H,44,11,55,88,143,127,136,47,137,134,44,15,54,88,152,164,155,185,177,168,106.2,130.5,55.62787071244054
586,S,5,52,9,19,41,97,51,65,64,84,5,54,4,19,36,90,104,124,88,109,56.0,53.0,37.44996662214801
587,E,96,74,41,13,160,142,175,127,111,168,96,78,33,13,150,188,195,189,192,203,122.2,134.5,62.11650344312692
588,G,76,18,9,6,17,64,28,45,49,13,76,27,8,6,17,66,79,71,82,72,41.45,36.5,28.336328273084355
589,S,38,27,8,0,24,93,58,18,79,80,38,25,5,0,27,105,109,93,107,118,52.6,38.0,40.12904185250378
590,R,116,196,130,10,157,122,201,154,58,124,116,196,112,10,153,233,245,237,231,238,151.95,153.5,69.96390140636812
591,S,70,91,58,4,5,109,72,117,89,46,70,95,45,4,7,104,108,105,118,109,71.3,80.5,39.387942317414854
592,S,93,55,1,53,122,68,92,48,44,59,93,34,1,53,121,133,122,122,121,121,77.8,80.0,40.691030952778775
593,G,4,15,6,68,55,1,22,46,7,30,4,29,5,68,56,62,77,68,74,65,38.1,38.0,27.553402693678326
594,S,78,3,32,75,51,84,38,106,74,69,78,12,35,75,56,115,104,116,111,112,71.2,75.0,33.54340471687393
595,T,17,11,8,117,96,64,31,59,40,71,17,15,13,117,99,104,99,118,121,128,67.25,67.5,43.50043103234725
596,R,137,19,7,97,148,176,213,229,160,196,137,30,10,97,181,228,223,255,237,253,151.65,168.0,81.30023062697916
597,S,8,84,7,35,54,107,65,39,77,34,8,63,8,35,67,106,107,104,133,122,63.15,64.0,39.82244969863105
598,D,81,71,91,29,141,96,26,72,126,128,81,77,89,29,106,172,173,164,171,169,104.6,93.5,47.86272035728851
599,G,36,50,46,15,36,51,51,42,19,37,36,42,20,15,33,71,61,65,69,72,43.35,42.0,17.67844733001176
600,G,59,26,42,7,14,49,42,44,34,6,59,51,35,7,29,74,78,73,74,81,44.2,43.0,23.988747362044563
601,A,42,78,101,20,82,102,31,112,85,99,42,95,95,20,70,117,116,106,106,112,81.55,95.0,31.91782417396274
602,G,57,65,58,14,68,65,12,73,82,62,57,57,50,14,37,75,80,75,79,74,57.7,63.5,21.526959841092285
603,R,151,66,158,61,215,111,218,95,102,131,151,81,134,61,183,233,229,232,255,242,155.45,151.0,64.76069409757743
604,T,95,13,130,52,67,104,132,127,100,57,95,22,130,52,73,134,133,132,151,141,97.0,102.0,40.56969312183665
605,G,69,3,46,5,63,57,27,29,83,76,69,4,26,5,80,86,82,84,79,79,52.6,66.0,30.467031361785153
606,R,136,24,147,38,157,128,157,214,129,155,136,37,143,38,124,241,222,241,246,244,147.85,145.0,70.60755979355184
607,P,104,36,32,32,111,112,98,132,82,84,104,51,14,32,106,93,111,96,102,106,81.9,97.0,34.19049575539963
608,E,62,12,19,76,71,140,165,55,159,178,62,22,13,76,56,172,167,168,180,195,102.4,76.0,63.951856892509376
609,E,43,37,102,147,189,56,120,160,77,102,43,28,101,147,184,138,139,151,172,190,116.3,129.0,52.467227866545414
610,R,166,179,10,50,180,163,120,125,137,111,166,219,4,50,191,222,218,221,249,251,151.6,166.0,73.4148486343192
611,A,11,27,25,104,84,58,38,2,59,32,11,20,21,104,83,91,88,90,87,94,56.45,58.5,34.73395312946685
612,P,15,13,41,36,47,83,70,77,50,74,15,17,51,36,58,114,112,119,113,117,62.9,54.5,36.11080170807622
613,E,24,77,59,105,189,127,87,87,141,131,24,80,46,105,126,169,181,178,171,199,115.3,115.5,53.38548491865555
614,S,38,80,7,72,68,71,51,75,47,91,38,90,7,72,69,114,109,103,105,115,71.1,72.0,31.327144778929338
615,K,14,32,49,108,192,156,167,171,127,132,14,56,61,108,176,211,190,214,184,210,128.6,144.0,67.25875407707164
616,S,60,9,66,40,122,70,36,69,52,91,60,17,61,40,103,124,110,118,111,118,73.85,67.5,35.249503542603264
617,G,57,71,16,7,60,32,20,42,46,77,57,71,35,7,56,77,78,73,78,79,51.95,57.0,24.30941175758887
618,S,100,104,75,107,125,54,48,17,89,52,100,102,66,107,130,129,134,136,124,125,96.2,103.0,32.9872702720307
619,G,79,39,40,38,60,60,21,25,72,53,79,40,45,38,60,73,66,78,65,66,54.85,60.0,17.542163492568413
620,S,120,55,101,14,122,56,34,44,44,13,120,70,94,14,104,114,119,117,126,117,79.9,97.5,40.56956987694102
621,E,173,2,86,183,89,109,144,137,164,72,173,15,85,183,73,193,185,196,189,198,132.45,154.0,60.148545285817185
622,S,84,9,106,102,4,72,75,76,31,65,84,7,100,102,9,117,107,107,128,123,75.4,84.0,40.34278126257534
623,E,134,8,131,97,59,102,27,72,169,74,134,9,109,97,34,194,173,148,186,180,106.85,105.5,57.894105917614795
624,P,87,49,115,117,54,100,82,30,88,3,87,40,105,117,55,101,113,124,107,97,83.55,92.5,32.92183925603185
625,S,29,50,31,58,60,95,57,94,59,54,29,60,34,58,50,113,101,86,114,115,67.35,58.5,28.373006537905002
626,S,54,24,29,31,43,75,50,76,96,72,54,20,34,31,59,119,112,111,123,113,66.3,56.5,34.18201281375922
627,R,157,134,31,139,99,87,125,121,186,96,157,146,36,139,67,243,250,249,239,247,147.4,139.0,68.02602443183049
628,G,38,26,12,43,46,25,39,46,39,8,38,19,19,43,58,83,83,86,84,80,45.75,41.0,24.722206616724165
629,G,77,55,7,53,25,37,29,22,63,51,77,49,15,53,36,80,76,82,79,82,52.4,53.0,23.781084920583414
630,S,79,10,25,62,55,22,74,30,43,77,79,10,21,62,95,105,113,107,113,119,65.05,68.0,35.823839827690165
631,L,148,21,4,31,15,39,135,134,88,114,148,9,8,31,15,135,141,154,168,162,85.0,101.0,62.05400873432755
632,R,19,56,13,93,161,210,162,156,102,174,19,97,13,93,192,221,239,245,249,243,137.85,158.5,82.47198009021002
633,R,192,63,42,213,101,119,87,140,137,197,192,76,64,213,96,248,250,255,225,245,157.75,166.0,70.84269545972965
634,G,4,9,45,63,47,18,43,36,28,28,4,7,47,63,45,70,80,77,75,81,43.5,45.0,25.666125535421198
635,G,43,13,16,28,65,34,45,53,14,64,43,8,15,28,65,69,67,65,65,72,43.6,44.0,21.882413029645516
636,E,40,148,9,174,198,99,85,141,195,132,40,159,26,174,196,196,200,194,170,198,138.7,164.5,63.667966827911194
637,A,52,74,39,67,80,69,86,62,83,32,52,60,34,67,81,90,82,85,100,86,69.05,71.5,18.842704158373873
638,S,30,59,87,80,35,90,74,48,39,138,30,65,85,80,25,125,130,118,122,118,78.9,80.0,36.157848387314196
639,G,82,11,55,12,15,65,68,79,73,42,82,13,43,12,11,62,63,66,72,66,49.6,62.5,26.395833004472504
640,T,16,23,101,44,28,118,93,128,93,134,16,23,105,44,35,136,136,134,148,149,85.2,97.0,49.04650854036401
641,S,26,6,70,20,21,97,114,57,120,102,26,6,73,20,29,115,109,112,114,116,67.65,71.5,42.87455539128073
642,D,19,2,56,52,13,139,143,155,154,97,19,2,67,52,30,166,168,174,169,168,92.25,82.0,64.9583520419045
643,G,11,6,38,60,18,78,70,66,47,53,11,4,32,60,38,73,73,72,72,72,47.7,56.5,25.290512054918935
644,G,7,23,64,52,4,50,41,44,51,41,7,11,68,52,11,71,74,71,74,66,44.1,50.5,24.398565531604522
645,P,53,21,76,93,82,124,119,86,115,122,53,13,78,93,61,127,131,120,127,125,90.95,93.0,35.26963991877433
646,P,57,27,101,72,31,112,131,116,70,63,57,22,121,72,29,113,119,124,122,123,84.1,86.5,37.15898276325658
647,P,42,21,35,77,8,97,106,104,70,122,42,25,32,77,7,131,110,106,114,112,71.9,77.0,40.43748261205191
648,S,12,91,29,16,71,95,85,76,125,87,12,84,28,16,83,108,105,108,114,112,72.85,84.5,37.8566704822281
649,R,151,72,106,124,173,208,226,221,173,115,151,169,118,124,182,248,255,254,258,252,179.0,173.0,56.9824534396335
650,G,54,17,43,13,42,67,87,72,83,48,54,14,41,13,50,66,79,71,69,75,52.9,54.0,23.387817341513507
651,S,35,104,22,16,27,108,97,97,47,66,35,108,4,16,10,115,114,122,117,102,68.1,81.5,42.58156878274919
652,T,37,150,18,8,21,102,108,92,139,133,37,144,3,8,20,145,145,147,135,130,86.1,105.0,57.15671439122441
653,G,64,42,3,1,52,63,83,60,35,66,64,39,2,1,58,81,81,82,83,83,52.15,61.5,29.009093401897275
654,G,68,56,8,22,10,47,53,48,17,25,68,58,4,22,12,81,84,79,83,84,46.45,50.5,28.219629692821982
655,A,37,47,6,33,7,30,60,69,25,75,37,42,8,33,10,99,102,100,100,99,50.95,39.5,33.717169216884145
656,P,116,24,28,99,0,51,85,79,57,72,116,37,26,99,0,102,125,129,123,119,74.35,82.0,42.3205328416361
657,N,37,9,29,160,16,135,80,134,59,104,37,4,31,160,13,131,145,137,161,168,87.5,92.0,59.63010984393706
658,L,150,29,70,86,6,113,85,83,39,116,150,34,75,86,12,150,140,143,182,159,95.4,86.0,51.61627650266919
659,R,92,16,95,116,46,152,162,244,168,192,92,75,77,116,56,241,232,226,217,220,141.75,134.0,70.88996755536004
660,A,41,6,11,39,4,84,74,70,99,77,41,18,14,39,3,75,77,82,94,82,51.5,55.5,32.45073188696982
661,H,118,29,13,48,48,112,95,103,99,92,118,27,13,48,42,184,187,184,152,161,93.65,97.0,57.08526517412352
662,P,90,52,40,19,40,105,103,92,85,97,90,51,39,19,24,128,119,128,117,125,78.15,90.0,37.65006640100386
663,G,43,38,11,20,13,60,57,75,76,54,43,59,3,20,9,70,78,65,76,67,46.85,55.5,25.04451037652763
664,L,125,103,96,32,151,97,95,133,79,115,125,93,88,32,115,168,150,179,178,178,116.6,115.0,42.04331100187044
665,H,69,124,111,8,56,124,95,66,33,85,69,170,116,8,44,178,173,177,185,180,103.55,103.0,57.86231502454771
666,P,9,74,64,2,90,106,94,91,114,95,9,56,62,2,66,91,98,96,106,101,71.3,90.5,36.34294979772555
667,Y,177,137,34,9,96,180,179,215,153,192,177,130,33,9,106,224,247,235,245,245,151.15,177.0,77.99312469698852
668,G,3,52,25,2,37,62,24,44,12,36,3,54,29,2,45,64,65,70,72,71,38.6,40.5,24.442585787923502
669,P,84,25,77,4,73,47,18,59,21,61,84,27,83,4,93,131,125,119,125,127,69.35,75.0,41.82257165694142
670,P,56,33,59,13,61,84,78,128,73,75,56,22,50,13,63,111,117,116,115,122,72.25,68.0,35.71116772103651
671,P,90,48,133,64,59,147,67,82,111,142,90,60,130,64,80,134,120,128,128,135,100.6,100.5,32.415119928823344
672,G,33,46,78,61,81,82,66,85,78,82,33,48,79,61,81,75,75,72,72,68,67.8,73.5,15.660779035539706
673,M,72,34,85,198,22,112,101,143,126,95,72,41,98,198,18,200,201,198,203,194,120.55,106.5,65.24911876799564
674,A,5,44,28,57,76,86,68,55,90,62,5,43,29,57,72,81,84,88,92,93,60.75,65.0,26.990507590632674
675,L,28,30,28,61,10,116,68,140,39,80,28,40,27,61,15,164,164,147,157,170,78.65,61.0,56.64916151188824
676,P,89,18,16,31,53,82,75,100,117,53,89,14,30,31,59,108,115,133,131,116,73.0,78.5,39.491771294790006
677,Y,105,26,147,189,183,191,139,184,84,191,105,47,173,189,201,203,217,206,197,234,160.55,186.5,56.468110469538466
678,N,6,42,119,90,91,93,151,63,91,90,6,28,93,90,85,118,143,139,160,142,92.0,91.0,44.22329702769797
679,P,23,66,129,33,117,102,70,102,70,82,23,68,101,33,122,103,103,100,81,106,81.7,91.0,32.000156249618534
680,M,79,47,100,40,119,182,183,159,121,137,79,57,89,40,114,170,165,171,185,181,120.9,120.0,50.76307713289257
681,M,44,87,52,41,109,143,165,106,157,110,44,59,46,41,110,162,191,171,185,162,109.25,109.5,53.13555777443199
682,V,21,88,11,43,16,66,50,110,37,72,21,86,13,43,21,137,124,140,130,141,68.5,58.0,46.31252530363681
683,V,8,64,49,2,83,109,96,109,62,84,8,47,68,2,92,142,134,141,143,131,78.7,83.5,47.135018828891965
684,M,133,65,188,33,90,147,111,158,127,144,133,74,177,33,106,178,178,189,177,189,131.5,138.5,49.65833263411086
685,M,28,80,129,15,46,158,76,150,56,163,28,50,147,15,32,174,178,180,164,182,102.55,104.5,62.96941718008831
686,P,35,76,114,73,9,108,115,105,97,108,35,65,111,73,16,113,111,96,111,109,84.0,101.0,34.01323271904628
687,P,98,22,57,47,9,115,94,113,51,117,98,16,40,47,19,116,118,117,117,120,76.55,96.0,40.457972020357126
688,P,60,17,45,120,22,114,105,123,94,102,60,11,55,120,49,118,116,115,118,118,84.1,103.5,38.55632243873889
689,P,24,20,87,74,39,111,96,94,105,111,24,19,91,74,42,119,121,122,118,120,80.55,92.5,37.391810600718436
690,P,24,22,127,108,61,108,121,111,96,87,24,27,136,108,56,115,118,110,115,114,89.4,108.0,37.55582511408849
691,P,104,56,57,86,54,125,103,102,130,130,104,38,60,86,56,126,128,127,126,127,96.25,103.5,31.189541516348072
692,V,48,18,52,43,95,110,117,125,114,101,48,25,39,43,52,136,136,141,136,137,85.8,98.0,42.85160440403603
693,P,100,97,12,87,90,76,121,71,111,102,100,76,7,87,97,110,114,107,113,109,89.35,98.5,29.777970044984595
694,P,112,9,26,105,100,124,96,125,104,122,112,9,24,105,78,126,130,124,125,120,93.8,108.5,40.47295393222491
695,A,73,21,21,43,17,86,76,88,107,98,73,26,23,43,11,99,97,95,90,98,64.25,74.5,33.316474903566856
696,V,71,0,52,84,56,99,134,106,118,127,71,5,51,84,50,142,144,141,143,137,90.75,91.5,44.437456047798236
697,Q,141,128,100,130,38,144,121,144,126,125,141,135,67,130,17,160,176,145,164,175,125.35,132.5,40.54414261024643
698,P,22,38,26,32,5,63,86,59,84,77,22,35,26,32,13,108,115,106,110,106,58.25,48.5,36.51147080028412
699,P,15,94,32,74,6,113,148,146,145,143,15,94,26,74,7,139,136,139,140,136,91.1,103.5,53.65249295233168
700,G,19,93,25,71,6,67,68,39,75,39,19,90,35,71,10,79,84,81,78,75,56.2,69.5,28.033194609248515
701,A,2,54,10,39,23,73,41,23,39,19,2,56,21,39,20,78,93,75,81,88,43.8,39.0,28.536993534708593
702,P,6,114,55,117,30,56,25,46,34,37,6,123,47,117,28,112,114,112,112,109,70.0,55.5,42.073744782227315
703,P,14,26,71,74,18,135,102,98,84,120,14,36,90,74,18,127,129,123,128,121,80.1,87.0,43.24222473462715
704,V,18,92,73,107,22,99,96,78,57,74,18,87,53,107,11,135,142,127,149,143,84.4,89.5,42.9236531530111
705,R,114,141,225,53,83,165,100,178,153,146,114,131,200,53,74,231,232,232,222,188,151.75,149.5,59.30925307234951
706,D,81,86,99,88,55,123,124,123,46,123,81,80,100,88,60,153,158,140,145,138,104.55,99.5,32.51072899828608
707,L,20,113,23,31,79,61,56,41,2,45,20,120,27,31,56,149,176,162,152,155,75.95,56.0,55.800963253334615
708,G,11,31,24,40,63,76,75,77,0,77,11,26,29,40,61,71,77,74,80,82,51.25,62.0,26.910732059905023
709,S,4,7,64,34,58,62,62,97,13,61,4,6,56,34,50,113,110,102,92,68,54.85,59.5,35.144380774172134
710,V,13,21,90,38,128,14,9,23,2,12,13,29,72,38,133,87,119,94,116,89,57.0,38.0,44.599327349187675
711,P,57,43,125,70,81,72,70,71,2,74,57,46,133,70,96,76,93,73,86,39,71.7,71.5,28.117787964205153
712,P,4,77,115,65,40,104,109,108,64,112,4,70,104,65,19,112,113,104,109,105,80.15,104.0,36.65279661908488
713,E,106,69,136,66,43,166,160,157,64,158,106,63,102,66,67,179,175,157,157,62,112.95,106.0,46.19033989916073
714,L,87,54,92,144,19,60,72,89,47,88,87,48,101,144,18,125,126,117,169,112,89.95,88.5,40.19511786274547
715,T,85,91,43,101,67,47,24,22,5,22,85,102,19,101,54,64,106,85,87,78,64.4,72.5,31.7748328083721
716,A,80,52,32,46,41,84,46,45,57,49,80,38,46,46,54,73,77,59,57,42,55.2,50.5,15.1248140484437
717,S,69,88,106,65,70,38,50,42,37,49,69,103,105,65,58,85,72,88,98,81,71.9,69.5,21.510230124292022
718,R,228,180,160,44,116,117,31,86,18,88,228,187,152,44,199,194,204,189,203,194,143.1,170.0,67.58320797357875
719,Q,135,86,179,23,8,124,88,120,86,91,135,77,163,23,21,126,153,137,37,123,96.75,105.5,50.242287965418136
720,S,18,82,73,6,106,64,70,75,26,68,18,77,74,6,101,61,74,79,72,77,61.35,72.5,28.991852303707674
721,F,59,28,65,1,38,61,62,55,3,52,59,41,60,1,38,142,134,136,100,132,63.35,59.0,43.13962795388945
722,H,71,190,100,20,41,54,65,62,29,39,71,181,84,20,43,159,129,144,124,124,87.5,71.0,51.942756954170235
723,M,20,107,29,8,2,104,139,53,102,129,20,95,76,8,15,159,179,164,125,154,84.4,98.5,58.87733010251059
724,A,21,25,33,2,0,7,85,31,42,12,21,18,47,2,1,78,83,85,84,87,38.2,28.0,32.341304859266266
725,M,54,71,12,8,38,65,100,76,113,41,54,46,11,8,38,143,114,130,134,104,68.0,59.5,43.21920869243212
726,G,24,39,27,7,31,47,65,47,35,48,24,46,22,7,30,66,73,46,43,26,37.65,37.0,17.47648420020457
727,N,79,18,36,51,121,102,33,105,31,101,79,14,54,51,117,136,126,113,98,93,77.9,86.0,37.71723743860358
728,P,93,83,40,11,65,91,89,85,98,98,93,53,34,11,68,129,103,115,91,82,76.6,87.0,31.310381664872757
729,S,38,90,23,6,33,109,38,105,43,109,38,74,16,6,11,71,82,81,81,71,56.25,57.0,34.10113634470265
730,E,158,143,110,69,94,110,6,128,3,130,158,117,116,69,68,176,168,163,156,161,115.15,122.5,49.431037820381626
731,F,182,159,87,7,30,177,94,68,113,78,182,149,76,7,41,177,156,180,164,165,114.6,131.0,60.381619719911455
732,F,100,76,43,59,16,97,44,158,87,163,100,63,67,59,11,203,207,192,185,171,105.05,92.0,62.268350708847265
733,V,107,20,37,21,22,104,115,75,81,70,107,8,47,21,17,92,68,117,117,120,68.3,72.5,39.553887293159946
734,D,86,22,43,81,30,113,114,122,58,117,86,12,70,81,62,111,149,124,162,158,90.05,86.0,42.81527180808269
735,V,144,97,7,39,110,118,114,114,111,119,144,70,4,39,90,27,83,57,91,132,85.5,94.0,42.33969768432458
736,M,161,34,2,157,164,177,184,223,223,214,161,44,6,157,129,171,241,207,251,247,157.65,167.5,75.94687287834833
