Pos,Res,P08195_CIT_model1_dssp_acc_ACC,P08195_CIT_model2_dssp_acc_ACC,P08195_CIT_model3_dssp_acc_ACC,P08195_CIT_model4_dssp_acc_ACC,P08195_CIT_model5_dssp_acc_ACC,P08195_full_model_499606_1_dssp_acc_ACC,P08195_full_model_499606_2_dssp_acc_ACC,P08195_full_model_499606_3_dssp_acc_ACC,P08195_full_model_499606_4_dssp_acc_ACC,P08195_full_model_499606_5_dssp_acc_ACC,P08195_IT_model1_dssp_acc_ACC,P08195_IT_model2_dssp_acc_ACC,P08195_IT_model3_dssp_acc_ACC,P08195_IT_model4_dssp_acc_ACC,P08195_IT_model5_dssp_acc_ACC,mean,median,std
1,M,170,130,65,110,166,233,210,218,232,206,128,144,112,69,136,155.26666666666668,144.0,53.64011765667765
2,E,186,171,162,84,183,165,188,134,166,182,101,131,59,96,189,146.46666666666667,165.0,41.491953704570506
3,L,132,121,92,63,26,161,133,152,160,90,87,161,139,87,65,111.26666666666667,121.0,40.40539017947427
4,Q,54,23,11,193,168,149,163,140,148,160,172,144,97,193,162,131.8,149.0,56.31246161670908
5,P,118,105,41,59,40,107,102,115,91,26,110,68,45,59,40,75.06666666666666,68.0,31.67641955075661
6,P,48,112,114,84,66,123,118,113,103,100,61,146,78,23,65,90.26666666666667,100.0,31.980132721564633
7,E,199,97,177,151,188,185,178,138,162,44,194,179,79,152,143,151.06666666666666,162.0,43.795687255964175
8,A,62,81,50,69,104,86,72,81,35,18,73,51,15,65,104,64.4,69.0,26.022554319922815
9,S,90,58,44,56,75,114,50,101,66,59,94,126,90,78,69,78.0,75.0,23.22642173617509
10,I,93,132,107,50,170,56,141,124,126,51,102,77,121,21,183,103.6,107.0,44.49838948396522
11,A,77,78,33,57,65,40,73,61,12,41,80,93,64,71,60,60.333333333333336,64.0,20.388449889309605
12,V,21,65,47,98,55,9,20,119,50,63,27,109,131,87,51,63.46666666666667,55.0,36.638534662595646
13,V,109,134,36,105,122,84,87,67,46,61,120,83,64,93,95,87.06666666666666,87.0,27.49901008319309
14,S,81,47,82,75,37,64,88,98,56,47,94,108,83,94,44,73.2,81.0,21.70161284328886
15,I,58,43,51,90,174,42,70,37,44,99,37,105,63,118,157,79.2,63.0,42.27402669882931
16,P,82,123,105,27,100,47,44,88,60,36,73,122,105,55,70,75.8,73.0,29.855652731099347
17,R,104,37,100,131,185,118,172,200,188,248,90,71,104,85,135,131.2,118.0,54.852772643383005
18,Q,105,49,38,101,133,128,51,123,75,78,119,45,67,170,134,94.4,101.0,38.68126161334452
19,L,133,73,55,31,75,16,128,18,131,134,110,84,117,50,97,83.46666666666667,84.0,40.795206690111144
20,P,134,114,84,97,94,63,100,50,38,103,110,77,90,70,117,89.4,94.0,25.30823317947475
21,G,47,75,49,51,54,49,48,26,62,76,48,50,67,60,47,53.93333333333333,50.0,12.173559691214216
22,S,100,92,38,97,53,8,48,64,10,19,88,108,47,100,87,63.93333333333333,64.0,33.59060715272781
23,H,103,92,139,84,90,84,27,68,4,88,106,156,174,102,113,95.33333333333333,92.0,41.96294661828324
24,S,88,8,86,73,115,104,93,4,82,15,79,44,81,58,121,70.06666666666666,81.0,35.86170969463422
25,E,57,116,171,155,147,23,155,162,47,136,47,169,163,132,127,120.46666666666667,136.0,49.18789372283478
26,A,53,32,68,82,75,44,32,45,0,62,74,56,64,95,78,57.333333333333336,62.0,23.302837214000835
27,G,17,13,23,57,91,71,41,14,50,37,5,43,34,58,88,42.8,41.0,25.773888595501713
28,V,37,62,50,149,116,8,58,39,84,2,52,107,64,138,92,70.53333333333333,62.0,42.0410381518926
29,Q,35,105,125,113,173,102,177,166,7,114,46,54,139,114,193,110.86666666666666,114.0,53.62445544919055
30,G,63,33,68,82,72,25,12,39,13,14,63,57,66,89,73,51.266666666666666,63.0,25.35735703017086
31,L,91,61,87,149,145,1,2,28,2,1,72,81,81,141,122,70.93333333333334,81.0,52.40161151041912
32,S,28,87,97,97,106,5,39,1,0,19,25,122,77,104,89,59.733333333333334,77.0,42.40199156748288
33,A,5,40,48,78,69,3,12,3,0,31,13,112,53,71,105,42.86666666666667,40.0,36.443319765843995
34,G,47,65,40,83,44,3,53,1,24,18,58,47,36,70,38,41.8,44.0,22.483178897418696
35,D,93,110,115,141,138,24,116,83,73,44,93,141,108,128,92,99.93333333333334,108.0,32.99185084565917
36,D,158,136,130,80,45,57,107,59,130,5,155,110,169,83,41,97.66666666666667,107.0,47.653844429268126
37,S,86,77,68,74,105,34,36,22,74,3,76,75,45,94,104,64.86666666666666,74.0,29.25033713006095
38,E,138,126,35,55,173,32,82,106,170,94,112,161,50,89,192,107.66666666666667,106.0,50.12473330491534
39,L,82,68,7,173,104,61,62,80,137,44,114,84,16,127,119,85.2,82.0,43.60764458975819
40,G,25,51,15,19,49,1,0,0,16,7,14,22,38,31,49,22.466666666666665,19.0,17.19250482687797
41,S,16,61,9,25,112,1,11,8,24,10,14,63,11,18,105,32.53333333333333,16.0,34.494186305649954
42,H,24,110,68,63,172,54,7,123,115,93,40,141,80,61,176,88.46666666666667,80.0,48.99233500139475
43,C,39,78,8,108,93,7,1,40,34,42,70,105,10,108,95,55.86666666666667,42.0,38.68654661363416
44,V,104,66,9,23,105,1,8,0,0,4,123,65,20,56,109,46.2,23.0,44.454021190439
45,A,24,28,16,25,80,0,21,12,19,27,32,43,11,52,83,31.533333333333335,25.0,23.076298567048305
46,Q,47,148,65,135,73,56,26,79,86,114,69,160,72,146,117,92.86666666666666,79.0,39.60112231855164
47,T,39,139,59,119,30,0,0,34,28,54,34,142,58,108,21,57.666666666666664,39.0,45.56850764386397
48,G,20,29,37,30,37,0,7,0,1,0,20,17,40,48,50,22.4,20.0,17.312038200820453
49,L,34,111,106,46,143,70,113,79,91,99,41,129,118,47,118,89.66666666666667,99.0,33.71185086714891
50,E,120,175,112,178,92,87,45,93,107,132,122,168,88,179,93,119.4,112.0,38.755300712719716
51,L,69,137,70,154,132,19,2,14,42,19,72,131,72,164,140,82.46666666666667,72.0,54.326011776639334
52,L,160,23,146,75,57,94,86,44,79,83,165,16,156,99,68,90.06666666666666,83.0,46.31697552973663
53,A,104,61,82,59,21,91,81,91,90,90,102,62,90,54,29,73.8,82.0,24.378132277377883
54,S,126,92,50,75,21,84,78,86,87,86,127,100,55,60,22,76.6,84.0,30.145867599611943
55,G,35,33,68,16,48,65,61,64,64,64,30,23,49,29,54,46.86666666666667,49.0,17.07187420551384
56,D,132,46,120,103,106,85,57,52,79,91,146,43,127,127,132,96.4,103.0,33.603174453216965
57,P,62,83,103,105,119,107,107,39,109,111,67,76,88,115,111,93.46666666666667,105.0,22.60344123259898
58,L,101,66,113,111,98,53,39,18,63,35,103,122,108,112,79,81.4,98.0,32.30232189796888
59,P,89,72,71,89,85,0,12,4,14,5,97,98,57,79,87,57.266666666666666,72.0,37.01615263037956
60,S,65,110,87,79,38,57,59,7,58,48,27,65,88,83,31,60.13333333333333,59.0,26.247200908964665
61,A,37,53,74,35,22,59,82,28,15,31,33,55,69,45,18,43.733333333333334,37.0,20.121188389909335
62,S,16,68,73,40,32,87,88,88,78,92,12,76,74,38,40,60.13333333333333,73.0,26.630475441159927
63,Q,83,127,100,118,79,64,52,7,99,102,64,112,112,113,57,85.93333333333334,99.0,31.273986350035745
64,N,48,46,38,80,36,3,13,0,0,0,45,65,38,107,39,37.2,38.0,30.160017683460776
65,A,45,50,53,20,89,38,35,31,2,28,45,39,56,30,61,41.46666666666667,39.0,19.29375258701347
66,E,32,123,147,143,84,55,48,85,111,124,34,123,157,144,81,99.4,111.0,41.266289712871774
67,M,25,106,123,134,35,2,4,10,50,64,10,107,133,133,23,63.93333333333333,50.0,51.01041288033475
68,I,88,79,80,113,31,35,60,31,10,16,93,61,82,84,4,57.8,61.0,32.97514215283992
69,E,99,167,203,180,121,171,141,147,126,54,102,167,207,170,104,143.93333333333334,147.0,41.286747941143965
70,T,90,128,113,100,25,74,9,88,68,84,46,129,111,104,22,79.4,88.0,37.12285908529496
71,G,0,29,73,79,20,55,34,16,95,78,0,26,72,80,15,44.8,34.0,31.343686232902897
72,S,38,88,98,75,21,4,4,82,27,73,39,80,103,100,49,58.733333333333334,73.0,33.525048678397006
73,D,152,101,156,140,105,47,49,54,120,23,145,107,153,129,79,104.0,107.0,42.619244479460214
74,C,49,44,105,95,20,31,69,0,3,0,42,43,102,98,14,47.666666666666664,43.0,36.745370078721784
75,V,72,61,130,118,28,0,8,3,30,8,106,66,133,111,32,60.4,61.0,47.22541688540187
76,T,116,85,116,90,54,1,1,2,51,0,117,85,115,84,56,64.86666666666666,84.0,43.95128616497537
77,Q,102,104,114,56,83,82,57,52,153,33,62,117,124,97,84,88.0,84.0,31.23032714099123
78,A,9,14,67,47,31,11,34,0,6,0,23,36,87,50,34,29.933333333333334,31.0,24.302171827957178
79,G,3,38,39,71,33,1,0,0,2,0,27,41,47,50,35,25.8,33.0,22.313523552620133
80,L,36,126,81,46,14,32,27,37,103,22,20,114,92,92,21,57.53333333333333,37.0,37.74805366579256
81,Q,34,117,70,76,92,100,123,119,102,49,37,113,101,74,92,86.6,92.0,28.125433329995115
82,L,30,124,92,16,103,3,4,2,3,2,44,141,104,63,89,54.666666666666664,44.0,48.540933470857595
83,L,35,121,105,95,131,61,16,68,84,71,51,113,127,146,183,93.8,95.0,43.28386920474339
84,A,48,82,51,52,41,70,47,87,84,60,48,95,41,62,48,61.06666666666667,52.0,17.452666144619727
85,S,125,71,61,49,137,18,34,49,27,38,127,73,50,47,127,68.86666666666666,50.0,38.95958019395087
86,S,79,68,109,43,59,99,124,96,114,118,60,126,121,19,91,88.4,96.0,31.548481210141745
87,D,34,123,74,74,137,113,86,117,93,92,16,111,58,87,118,88.86666666666666,92.0,32.60647515789191
88,P,83,91,85,36,96,98,96,90,89,92,74,79,76,92,93,84.66666666666667,90.0,14.812907284602245
89,P,74,63,114,89,102,85,80,90,80,74,61,114,124,59,95,86.93333333333334,85.0,19.33034459657205
90,A,76,105,91,13,42,36,31,48,30,29,63,64,84,35,61,53.86666666666667,48.0,25.638165994383364
91,L,29,126,138,81,46,43,13,4,16,37,25,128,130,146,38,66.66666666666667,43.0,50.39797174049325
92,A,6,47,65,64,47,57,51,58,61,55,7,69,65,87,49,52.53333333333333,57.0,20.56491078404075
93,S,41,36,79,57,61,73,75,78,65,89,44,83,76,58,68,65.53333333333333,68.0,15.366052048446134
94,K,145,96,103,113,128,90,81,80,79,47,137,92,92,113,123,101.26666666666667,96.0,24.87962129043679
95,N,113,127,37,102,52,10,19,37,20,53,83,142,67,106,52,68.0,53.0,40.44420024346301
96,A,36,97,80,114,75,60,61,62,28,49,31,81,72,76,80,66.8,72.0,23.12920232087566
97,E,61,141,152,154,145,137,144,124,122,159,104,125,161,162,150,136.06666666666666,144.0,25.673505582387634
98,V,12,59,100,123,121,25,20,6,47,20,11,7,78,121,115,57.666666666666664,47.0,45.682479014266384
99,T,57,75,105,99,81,65,47,38,14,37,78,72,74,101,77,68.0,74.0,24.789782841592892
100,G,47,6,62,47,60,35,29,34,4,53,73,24,47,33,65,41.266666666666666,47.0,19.712827183221478
101,T,80,84,70,66,66,68,75,27,63,39,60,107,81,69,76,68.73333333333333,69.0,17.923789281907503
102,M,27,143,142,133,127,25,65,9,36,124,64,162,101,156,153,97.8,124.0,52.64750706348782
103,S,44,42,107,98,70,54,56,22,37,33,50,57,109,68,86,62.2,56.0,26.15900100029306
104,Q,25,154,94,103,172,131,125,122,131,99,34,182,84,60,157,111.53333333333333,122.0,45.45454383838381
105,D,73,136,84,62,71,58,97,78,60,91,68,95,72,52,74,78.06666666666666,73.0,20.167520643075807
106,T,91,73,141,65,75,24,70,9,30,71,96,83,97,67,77,71.26666666666667,73.0,31.184326547517777
107,E,98,58,90,90,171,120,113,60,119,147,134,118,76,84,156,108.93333333333334,113.0,32.65877455685616
108,V,39,137,79,66,81,71,67,56,67,86,30,48,59,65,87,69.2,67.0,24.01166383239612
109,D,142,121,158,93,138,41,85,99,52,115,137,126,130,131,135,113.53333333333333,126.0,32.33340206178262
110,M,76,80,112,98,161,35,102,94,102,38,82,57,95,137,169,95.86666666666666,95.0,37.443053056905256
111,K,139,171,162,112,172,124,139,116,130,135,156,201,142,136,187,148.13333333333333,139.0,25.067553175813195
112,E,85,190,86,72,121,70,35,113,41,27,88,175,94,183,94,98.26666666666667,88.0,49.35242873681317
113,V,123,53,46,86,28,11,100,44,62,75,127,25,39,84,25,61.86666666666667,53.0,34.932061045533636
114,E,80,109,124,135,166,99,142,86,117,148,64,141,154,168,172,127.0,135.0,32.61696899876913
115,L,91,151,120,162,48,69,34,47,53,78,93,139,127,160,41,94.2,91.0,44.21492960528151
116,N,132,128,117,67,126,18,57,25,47,28,140,122,135,76,130,89.86666666666666,117.0,44.19482121495936
117,E,125,112,157,152,180,63,139,154,155,122,124,114,91,161,175,134.93333333333334,139.0,30.90947355675207
118,L,49,61,51,174,30,116,143,118,125,178,43,40,51,183,38,93.33333333333333,61.0,54.986867118936274
119,E,75,158,118,34,77,88,84,67,92,87,106,136,112,38,96,91.2,88.0,31.722126872789175
120,P,85,86,68,82,124,75,84,95,73,91,70,79,44,82,130,84.53333333333333,82.0,20.287489303071048
121,E,75,88,99,161,87,178,164,165,177,137,73,62,71,142,83,117.46666666666667,99.0,42.311332865898805
122,K,106,125,98,113,137,94,97,84,88,70,76,119,101,114,154,105.06666666666666,101.0,21.928570911535076
123,Q,66,137,128,87,103,45,54,114,95,105,36,102,108,82,105,91.13333333333334,102.0,28.52803689160698
124,P,120,76,69,102,85,55,65,47,34,72,109,110,61,104,79,79.2,76.0,24.541665251839234
125,M,105,151,169,45,27,114,113,74,71,109,101,139,168,61,31,98.53333333333333,105.0,44.79563470795887
126,N,62,83,132,92,25,35,26,88,20,48,63,100,51,84,24,62.2,62.0,32.41851322932624
127,A,57,51,27,85,37,21,66,41,58,39,67,47,26,62,31,47.666666666666664,47.0,17.57523510195209
128,A,82,52,71,90,78,27,53,10,6,56,81,50,67,74,68,57.666666666666664,67.0,24.80770489630635
129,S,26,84,104,21,113,60,56,59,38,63,22,70,103,26,96,62.733333333333334,60.0,30.812263070984503
130,G,49,63,13,33,43,35,17,34,23,1,64,67,26,41,39,36.53333333333333,35.0,18.47472748257889
131,A,11,80,50,59,12,48,52,5,54,1,13,79,53,12,15,36.266666666666666,48.0,26.400673392085203
132,A,11,55,76,73,71,83,61,4,27,61,17,37,72,46,90,52.266666666666666,61.0,26.39309674054099
133,M,78,137,149,96,150,126,93,60,60,41,66,72,110,118,149,100.33333333333333,96.0,35.533395872365226
134,S,73,113,47,61,73,63,83,58,85,6,80,112,45,66,54,67.93333333333334,66.0,25.63452532989228
135,L,37,46,130,99,61,96,124,97,40,28,37,105,125,25,63,74.2,63.0,36.806158904907925
136,A,27,60,87,29,68,86,37,13,16,39,26,7,74,37,77,45.53333333333333,37.0,26.424399499116134
137,G,74,50,47,43,69,28,26,27,9,8,67,59,51,25,64,43.13333333333333,47.0,20.838639324315032
138,A,43,30,40,18,44,39,40,15,10,35,43,35,38,8,50,32.53333333333333,38.0,12.8730554087037
139,E,174,116,202,157,193,159,133,44,59,107,172,140,194,141,193,145.6,157.0,46.35342490043212
140,K,221,184,191,199,180,137,133,92,154,43,224,188,193,167,180,165.73333333333332,180.0,46.69827500977835
141,N,98,152,94,120,168,146,16,85,115,157,101,140,103,40,123,110.53333333333333,115.0,40.59042032576433
142,G,41,70,59,45,31,67,28,59,83,23,42,64,69,53,23,50.46666666666667,53.0,18.213060027231982
143,L,103,85,128,116,42,131,63,143,107,50,83,94,90,68,40,89.53333333333333,90.0,31.381239972668737
144,V,108,86,70,99,68,84,4,61,84,42,123,50,84,100,61,74.93333333333334,84.0,28.494365914841637
145,K,116,169,131,106,160,195,145,146,130,107,114,189,88,98,133,135.13333333333333,131.0,31.16379665930039
146,I,56,87,56,131,49,130,43,110,100,28,53,61,74,149,76,80.2,74.0,35.15527461609898
147,K,165,182,133,197,173,118,96,99,136,157,155,193,130,117,178,148.6,155.0,31.811528308670322
148,V,79,121,54,84,46,90,110,76,130,48,76,77,36,78,64,77.93333333333334,77.0,26.11121512981645
149,A,103,69,68,98,44,84,87,73,64,13,102,34,61,76,50,68.4,69.0,24.673332432675835
150,E,94,44,93,138,144,151,105,94,179,138,55,64,93,101,149,109.46666666666667,101.0,37.74981971995216
151,D,44,46,82,86,125,114,176,32,67,145,60,55,83,65,116,86.4,82.0,39.604376862496736
152,E,77,26,108,86,37,101,156,132,81,54,95,30,75,74,24,77.06666666666666,77.0,37.40314900587323
153,A,47,44,63,24,50,95,50,58,53,71,36,63,68,31,56,53.93333333333333,53.0,16.897600092583822
154,E,158,140,91,131,135,149,158,70,112,64,139,106,89,139,123,120.26666666666667,131.0,29.329090602259654
155,A,86,79,80,93,63,49,69,58,46,33,101,55,85,89,47,68.86666666666666,69.0,19.710797943146684
156,A,98,77,75,20,50,40,65,50,17,45,92,78,77,24,42,56.666666666666664,50.0,24.96308385507599
157,A,45,83,25,99,30,79,71,31,34,37,40,82,28,99,40,54.86666666666667,40.0,26.282736201206717
158,A,26,44,94,72,69,62,72,61,59,68,23,32,103,84,59,61.86666666666667,62.0,22.410910041515248
159,A,58,72,61,68,53,56,47,61,10,72,50,95,55,83,55,59.733333333333334,58.0,18.24816581346069
160,K,161,132,88,175,114,165,183,173,121,175,128,94,98,172,97,138.4,132.0,33.78125713074238
161,F,121,179,127,54,143,118,120,116,126,108,88,139,137,97,147,121.33333333333333,121.0,27.71441662544765
162,T,151,110,112,148,139,125,152,114,112,136,157,142,104,141,145,132.53333333333333,139.0,17.30844366840133
163,G,38,23,25,72,66,63,55,73,73,59,58,79,28,73,69,56.93333333333333,63.0,18.49131928470462
164,L,74,158,160,69,52,49,37,53,26,74,89,42,152,78,64,78.46666666666667,69.0,42.308181504553254
165,S,73,78,84,30,90,106,113,55,104,65,86,80,87,59,86,79.73333333333333,84.0,20.689664623241775
166,K,180,172,155,185,197,153,153,100,151,168,184,150,153,161,196,163.86666666666667,161.0,23.386225765513245
167,E,98,122,108,43,181,149,143,145,138,143,67,117,122,38,182,119.73333333333333,122.0,42.046746472098036
168,E,52,48,59,54,85,84,90,75,87,80,32,78,62,31,90,67.13333333333334,75.0,19.64643026664697
169,L,45,94,97,122,109,87,78,27,79,85,69,80,91,109,96,84.53333333333333,87.0,23.42894695788856
170,L,123,130,96,97,65,102,104,62,102,100,129,100,96,96,45,96.46666666666667,100.0,22.88774538675422
171,K,95,128,146,190,205,137,136,139,139,136,92,129,166,135,211,145.6,137.0,33.33626653761136
172,V,6,26,54,91,111,42,40,52,42,40,4,28,55,96,102,52.6,42.0,32.254818761439864
173,A,23,36,17,49,42,26,24,0,24,25,26,12,12,48,29,26.2,25.0,13.02408026183295
174,G,71,59,62,64,61,64,62,61,62,65,79,57,62,69,73,64.73333333333333,62.0,5.662351298022953
175,S,26,39,46,51,49,54,42,58,41,55,30,76,50,40,53,47.333333333333336,49.0,11.671427600007732
176,P,86,93,115,77,128,81,88,83,88,82,76,72,130,79,125,93.53333333333333,86.0,19.568228217075646
177,G,54,53,46,60,62,39,43,35,45,38,60,60,55,65,69,52.266666666666666,54.0,10.272725484937718
178,W,107,165,108,128,144,101,101,36,103,106,79,107,101,162,136,112.26666666666667,107.0,31.17149695189858
179,V,69,41,82,55,61,39,38,15,39,40,73,50,76,56,48,52.13333333333333,50.0,17.3199948678463
180,R,196,189,146,174,107,176,175,161,176,174,183,199,192,175,141,170.93333333333334,175.0,23.293680592717745
181,T,81,75,77,101,50,77,78,52,79,79,70,84,54,107,44,73.86666666666666,77.0,17.180867912367585
182,R,151,118,44,144,104,102,103,40,103,117,135,121,55,139,98,104.93333333333334,104.0,33.44142474370506
183,W,147,144,130,168,93,166,163,7,162,153,152,161,137,163,87,135.53333333333333,152.0,41.90285060576296
184,A,42,43,44,44,13,50,50,19,51,24,43,36,41,39,28,37.8,42.0,11.226159925222277
185,L,107,109,42,118,26,64,65,34,68,36,99,112,43,115,37,71.66666666666667,65.0,33.503565316080746
186,L,59,67,41,84,14,79,78,5,78,79,63,68,26,64,2,53.8,64.0,27.72531935493861
187,L,62,109,74,85,20,96,98,12,97,37,78,77,81,74,59,70.6,77.0,27.487694216382234
188,L,120,126,109,119,39,102,102,25,102,25,118,132,107,113,66,93.66666666666667,107.0,35.23382213473614
189,F,129,137,102,154,18,115,118,31,117,116,128,122,115,133,21,103.73333333333333,117.0,41.891075687098585
190,W,152,165,84,144,53,134,138,10,137,84,158,161,70,145,47,112.13333333333334,137.0,47.79521128964933
191,L,108,109,105,85,88,78,86,57,88,14,100,117,107,101,99,89.46666666666667,99.0,24.87801349697269
192,G,36,32,27,39,47,35,35,3,36,35,33,26,29,36,45,32.93333333333333,35.0,9.719167774157528
193,W,146,133,53,127,39,134,124,74,125,123,145,141,81,125,54,108.26666666666667,125.0,35.785409813994804
194,L,112,99,93,84,83,65,66,2,66,29,102,92,83,91,37,73.6,83.0,29.295733477760887
195,G,45,37,44,41,40,40,45,14,46,22,46,42,44,46,28,38.666666666666664,42.0,9.38556811753497
196,M,110,132,74,148,111,139,138,94,139,138,128,140,76,148,135,123.33333333333333,135.0,23.823424513607517
197,L,102,87,38,94,17,78,78,65,79,78,103,98,31,84,21,70.2,78.0,28.296525110573796
198,A,53,29,49,45,30,40,52,11,52,22,55,40,48,49,22,39.8,45.0,13.272528018429648
199,G,43,54,41,37,59,13,31,32,31,27,41,28,44,43,58,38.8,41.0,12.034395151675328
200,A,47,50,15,42,71,45,45,34,45,44,39,70,14,42,65,44.53333333333333,45.0,15.840314250530373
201,V,97,92,63,94,44,72,74,38,74,21,94,84,73,85,64,71.26666666666667,74.0,21.591562137917567
202,V,87,73,87,56,61,2,60,35,82,26,77,87,68,54,63,61.2,63.0,23.633873994755916
203,I,115,88,131,110,116,87,117,117,118,126,117,81,130,111,119,112.2,117.0,14.679691186579278
204,I,113,134,95,133,99,127,114,114,131,76,110,119,87,132,84,111.2,114.0,18.48675201326615
205,V,123,118,85,118,130,35,95,24,103,18,115,125,102,114,123,95.2,114.0,36.78260458423248
206,R,191,164,207,204,231,21,201,185,201,136,187,196,197,203,234,183.86666666666667,197.0,49.140433679631094
207,A,49,42,52,64,34,35,36,42,55,30,53,47,54,60,51,46.93333333333333,49.0,9.746566346952939
208,P,78,75,111,110,104,87,108,110,116,83,101,108,107,112,96,100.4,107.0,12.898578733074949
209,R,180,232,155,117,177,82,169,164,184,30,173,166,168,122,233,156.8,168.0,50.52550511045551
210,C,58,86,81,36,39,64,62,67,55,25,62,54,100,42,50,58.733333333333334,58.0,19.143203029331907
211,R,40,72,59,102,100,118,134,122,124,120,61,53,81,74,117,91.8,100.0,29.502994198329542
212,E,103,102,91,46,84,167,182,177,135,46,127,77,75,50,90,103.46666666666667,91.0,43.85714182307015
213,L,109,40,8,66,71,50,59,41,43,31,105,29,14,96,115,58.46666666666667,50.0,33.308390667951656
214,P,75,108,4,115,43,76,60,65,98,58,68,123,5,87,39,68.26666666666667,68.0,34.5552054287371
215,A,21,44,13,26,64,100,90,85,73,76,23,9,7,24,72,48.46666666666667,44.0,31.550735156076616
216,Q,6,60,49,77,118,45,57,47,103,18,7,21,87,78,54,55.13333333333333,54.0,32.423996600597455
217,K,3,63,91,18,39,70,73,55,26,106,8,104,75,8,66,53.666666666666664,63.0,33.6584148303049
218,W,48,24,73,49,21,88,32,66,76,71,70,20,33,56,9,49.06666666666667,49.0,23.78365451780324
219,W,15,31,13,4,15,7,15,7,4,18,19,33,15,0,17,14.2,15.0,8.938307073116997
220,H,26,7,30,7,56,6,5,12,17,4,25,14,19,9,39,18.4,14.0,14.202347223845315
221,T,0,23,5,1,13,29,36,38,8,19,2,24,4,12,14,15.2,13.0,12.111702330115834
222,G,4,6,1,0,1,0,1,2,1,1,2,5,7,4,0,2.3333333333333335,1.0,2.2110831935702664
223,A,24,2,3,2,13,0,0,1,0,0,17,3,6,15,14,6.666666666666667,3.0,7.533628312808879
224,L,14,15,19,7,4,1,1,2,0,1,17,0,30,9,7,8.466666666666667,7.0,8.55466084787832
225,Y,8,0,1,1,5,2,0,0,0,1,4,30,0,0,3,3.6666666666666665,1.0,7.390684827688313
226,R,89,50,43,76,30,19,15,13,10,13,55,19,91,86,34,42.86666666666667,34.0,29.012334541631695
227,I,1,6,3,8,0,0,2,1,3,1,7,14,1,7,1,3.6666666666666665,2.0,3.8239014399199966
228,G,39,36,17,26,10,17,35,12,41,3,43,26,16,28,6,23.666666666666668,26.0,12.726175998922676
229,D,70,36,73,70,82,99,58,80,40,89,71,59,76,106,94,73.53333333333333,73.0,19.144595988308442
230,L,7,3,12,31,13,2,5,9,2,2,6,12,2,16,6,8.533333333333333,6.0,7.455348564770277
231,Q,18,8,6,43,26,97,67,53,99,114,16,6,5,47,21,41.733333333333334,26.0,35.86542748788712
232,A,14,28,41,17,33,4,9,5,13,3,19,19,51,24,36,21.066666666666666,19.0,13.849027242212918
233,F,114,106,152,151,160,0,5,1,14,2,126,105,139,167,162,93.6,114.0,65.7792267107684
234,Q,137,56,91,115,129,61,65,49,61,47,145,96,104,125,136,94.46666666666667,96.0,34.30037252794137
235,G,51,72,68,32,29,5,1,5,43,1,53,80,76,33,28,38.46666666666667,33.0,26.8796494686139
236,H,122,123,176,140,147,95,127,109,77,111,134,147,160,159,157,132.26666666666668,134.0,26.026823770017643
237,G,18,37,22,35,5,31,75,78,78,53,22,9,23,31,10,35.13333333333333,31.0,23.985736502253907
238,A,73,7,4,39,6,70,43,61,50,68,64,21,10,29,13,37.2,39.0,25.079074943067575
239,G,23,4,25,7,4,5,0,1,3,10,34,14,39,14,5,12.533333333333333,7.0,11.853925744476198
240,N,28,0,3,12,46,34,43,50,50,43,29,16,9,19,65,29.8,29.0,18.886326623600826
241,L,19,3,1,20,9,0,1,0,0,0,16,3,2,25,18,7.8,3.0,8.787870428418175
242,A,4,57,43,39,35,49,38,33,37,35,5,38,51,46,52,37.46666666666667,38.0,14.655450256550369
243,G,73,1,4,3,1,2,6,13,13,15,72,2,2,5,1,14.2,4.0,23.31294347210007
244,L,20,0,1,2,2,0,0,0,0,6,17,7,1,2,3,4.066666666666666,2.0,6.04942605174702
245,K,110,86,99,77,68,78,77,75,76,76,124,81,103,79,66,85.0,78.0,15.933193862708967
246,G,55,52,59,36,49,44,54,52,43,55,49,51,48,41,45,48.86666666666667,49.0,5.942689252817747
247,R,13,24,36,33,95,68,53,43,83,50,18,97,33,22,73,49.4,43.0,26.90179671818718
248,L,0,1,3,5,3,2,1,2,0,0,0,7,14,2,4,2.933333333333333,2.0,3.5490217744549772
249,D,78,78,84,76,87,88,93,88,98,95,79,86,87,74,78,84.6,86.0,7.0408332840178325
250,Y,49,129,63,137,50,59,50,56,24,54,50,20,160,124,30,70.33333333333333,54.0,42.78888744626213
251,L,6,2,0,5,12,0,0,0,1,3,6,7,0,2,4,3.2,2.0,3.370459909270544
252,S,25,44,0,25,25,50,39,36,33,53,27,47,1,34,29,31.2,33.0,14.967520391389707
253,S,35,50,42,81,63,59,64,81,62,63,57,69,36,74,58,59.6,62.0,13.744332165175093
254,L,2,10,22,10,18,10,4,6,1,4,5,5,28,4,1,8.666666666666666,5.0,7.768883803710516
255,K,73,62,74,98,85,69,82,85,110,96,64,40,70,109,80,79.8,80.0,18.00074072549979
256,V,7,8,3,9,5,5,4,5,4,6,4,6,4,7,5,5.466666666666667,5.0,1.6275407487644937
257,K,68,111,67,36,36,62,52,54,30,40,88,114,45,49,67,61.266666666666666,54.0,24.95453643907033
258,G,2,1,0,1,0,0,0,0,0,0,4,1,0,0,0,0.6,0.0,1.083205120618128
259,L,2,0,4,4,0,0,0,0,1,1,0,2,8,1,0,1.5333333333333334,1.0,2.1868292622475636
260,V,16,6,6,9,2,1,0,0,0,1,7,0,2,7,6,4.2,2.0,4.3848223073080925
261,L,2,6,18,3,7,0,0,2,0,1,2,1,23,6,10,5.4,2.0,6.631239200431043
262,G,4,5,23,10,4,5,5,9,1,1,9,5,13,11,1,7.066666666666666,5.0,5.57932692077538
263,P,23,37,26,68,43,26,18,46,17,10,34,23,29,67,52,34.6,29.0,16.95798730195696
264,I,20,4,17,18,6,1,3,5,3,0,11,2,19,35,16,10.666666666666666,6.0,9.554521907918202
265,H,13,8,5,8,13,8,4,4,8,0,10,3,10,4,5,6.866666666666666,8.0,3.5938218591849482
266,K,42,103,100,82,72,93,69,81,69,73,54,74,108,80,63,77.53333333333333,74.0,17.503777370105638
267,N,21,46,30,62,54,32,23,65,8,6,24,12,29,39,31,32.13333333333333,30.0,17.606311999456963
268,Q,138,166,126,140,80,68,78,81,93,77,144,131,75,127,78,106.8,93.0,31.585228615076804
269,K,189,110,174,146,169,160,164,129,138,193,189,133,185,139,155,158.2,160.0,24.46276081448426
270,D,67,106,75,35,93,90,66,73,64,108,65,60,97,55,91,76.33333333333333,73.0,19.844954578487254
271,D,85,75,41,104,82,64,31,39,61,59,79,132,54,98,84,72.53333333333333,75.0,26.045771676458777
272,V,91,92,124,142,98,2,6,1,4,4,91,88,110,130,117,73.33333333333333,91.0,51.645802238796605
273,A,9,34,10,24,27,43,43,35,79,42,17,13,4,14,33,28.466666666666665,27.0,18.571902313859923
274,Q,51,15,13,17,19,105,128,145,124,135,70,7,15,15,22,58.733333333333334,22.0,51.52276735148797
275,T,10,22,15,11,20,9,11,7,2,4,11,7,15,8,23,11.666666666666666,11.0,6.040603354706291
276,D,12,54,62,63,66,62,52,58,41,59,6,36,72,73,67,52.2,59.0,19.603401065461405
277,L,57,14,15,23,15,16,13,6,4,10,51,29,15,29,26,21.533333333333335,15.0,14.67363470839981
278,L,89,72,37,102,76,67,68,51,61,51,82,80,37,94,92,70.6,72.0,19.523660858899728
279,Q,71,108,138,112,79,95,83,88,89,86,88,115,84,148,83,97.8,88.0,21.37662274541982
280,I,3,29,26,16,6,1,16,22,19,22,10,15,21,16,4,15.066666666666666,16.0,8.314378442727326
281,D,101,8,19,16,34,26,28,30,30,9,78,21,28,11,66,33.666666666666664,28.0,26.029897340472854
282,P,70,101,74,103,100,100,92,90,95,93,84,81,89,101,69,89.46666666666667,92.0,11.134730451260246
283,N,68,91,105,61,76,116,110,116,111,123,51,93,99,52,54,88.4,93.0,24.955426931497954
284,F,151,27,8,28,172,40,29,33,20,30,146,25,13,36,192,63.333333333333336,30.0,62.66063800788781
285,G,37,13,19,66,39,8,7,7,9,8,37,29,22,53,45,26.6,22.0,18.253036277105608
286,S,4,79,66,3,0,48,49,48,51,48,9,44,73,30,5,37.13333333333333,48.0,25.979136928611688
287,K,106,94,158,102,105,67,79,73,78,71,108,162,98,131,58,99.33333333333333,98.0,30.198601880808248
288,E,101,148,169,148,136,155,156,156,153,154,105,138,159,147,137,144.13333333333333,148.0,18.256931712518277
289,D,57,10,39,64,60,58,62,55,56,56,53,36,60,60,65,52.733333333333334,57.0,13.877880081466174
290,F,2,24,20,14,7,0,0,0,0,0,12,14,20,19,0,8.8,7.0,8.81059967690433
291,D,68,85,95,40,65,42,44,44,44,43,70,91,81,50,64,61.733333333333334,64.0,18.784627284623514
292,S,50,26,17,38,23,42,39,43,43,41,59,25,46,40,55,39.13333333333333,41.0,11.482547142898603
293,L,0,5,10,7,6,0,1,0,1,0,1,7,17,11,7,4.866666666666666,5.0,4.937835783237655
294,L,19,10,8,22,9,2,3,2,3,1,9,13,17,19,5,9.466666666666667,9.0,6.820231341791534
295,Q,116,114,85,103,110,113,114,117,113,114,110,123,104,104,101,109.4,113.0,8.723913494909647
296,S,9,8,20,19,9,29,27,31,28,29,10,18,28,14,0,18.6,19.0,9.513499180988385
297,A,2,0,3,2,0,0,0,0,0,0,2,0,5,2,1,1.1333333333333333,0.0,1.4544949486180951
298,K,135,100,46,91,111,82,89,86,82,83,95,100,41,117,104,90.8,91.0,23.292917378465066
299,K,148,158,157,171,169,168,173,168,171,171,153,170,167,169,149,164.13333333333333,168.0,8.333599995733469
300,K,68,92,96,92,88,80,79,88,77,70,67,98,106,92,69,84.13333333333334,88.0,11.842672371086218
301,S,80,100,26,95,34,86,101,79,80,82,72,90,52,93,45,74.33333333333333,80.0,23.093048497088663
302,I,3,4,2,15,0,2,2,1,2,3,1,4,5,9,0,3.533333333333333,2.0,3.7570674142947658
303,R,43,62,24,64,36,77,83,72,73,85,46,35,22,64,27,54.2,62.0,21.29538291116958
304,V,8,1,12,17,8,0,1,0,1,0,8,1,13,12,4,5.733333333333333,4.0,5.567365225630123
305,I,0,0,4,0,0,0,0,6,0,0,0,1,8,0,0,1.2666666666666666,0.0,2.4890872936792627
306,L,1,9,14,4,5,2,3,5,6,0,0,3,15,3,3,4.866666666666666,3.0,4.3949465930265355
307,D,10,6,1,7,9,4,2,5,4,3,7,1,2,12,3,5.066666666666666,4.0,3.2550814975289875
308,L,20,4,15,12,10,0,0,2,2,0,16,5,5,7,10,7.2,5.0,6.166576575918496
309,T,19,2,6,21,3,10,8,15,7,8,23,3,9,10,15,10.6,9.0,6.385400013572629
310,P,9,6,10,23,11,6,6,2,2,9,11,24,2,28,15,10.933333333333334,9.0,7.93697395457208
311,N,12,34,58,23,0,28,36,30,25,36,19,3,57,26,0,25.8,26.0,17.135538120136953
312,Y,90,23,46,119,34,107,85,27,76,68,82,59,54,114,56,69.33333333333333,68.0,29.452032565210544
313,R,79,60,19,42,42,110,157,193,148,93,29,140,32,30,76,83.33333333333333,76.0,53.075627384160256
314,G,0,16,55,35,32,58,22,33,22,42,1,14,49,34,35,29.866666666666667,33.0,16.958249385541606
315,E,153,175,86,130,170,178,163,161,175,158,152,173,106,150,170,153.33333333333334,161.0,25.81386363091654
316,N,122,112,108,45,71,35,38,45,89,3,124,41,82,44,84,69.53333333333333,71.0,35.619969430394264
317,S,75,92,86,75,69,68,75,78,50,65,77,72,114,83,76,77.0,75.0,13.584304668746698
318,W,166,181,165,172,113,82,82,86,3,51,178,129,164,186,147,127.0,147.0,53.44155686354955
319,F,29,10,56,9,50,25,18,7,13,11,21,28,58,22,37,26.266666666666666,22.0,16.409211505194946
320,S,5,50,22,55,32,74,85,74,70,82,29,41,8,48,46,48.06666666666667,48.0,24.77758843973499
321,T,46,7,46,22,21,81,85,86,124,84,62,106,50,24,23,57.8,50.0,34.051333796686045
322,Q,189,109,167,167,187,140,57,85,91,92,201,165,171,150,174,143.0,165.0,43.263533528057245
323,V,24,66,60,48,79,33,43,1,29,5,19,52,56,47,47,40.6,47.0,21.253391886159413
324,D,105,137,138,130,102,129,114,97,131,98,99,133,136,130,63,116.13333333333334,129.0,20.822637254253415
325,T,94,90,107,95,117,41,41,41,54,44,115,91,105,83,132,83.33333333333333,91.0,30.18977015848617
326,V,23,40,22,23,23,15,10,2,3,4,27,31,16,27,38,20.266666666666666,23.0,11.497632606565386
327,A,5,7,30,23,16,23,24,2,16,1,5,17,37,10,9,15.0,16.0,10.373041983911952
328,T,53,65,92,51,49,74,73,73,78,71,43,57,91,51,40,64.06666666666666,65.0,15.85545822597239
329,K,136,135,94,117,105,59,64,72,52,58,114,160,116,134,126,102.8,114.0,33.13246142380611
330,V,12,4,7,22,29,1,1,0,1,0,7,29,6,32,23,11.6,7.0,11.540075100853258
331,K,71,52,90,44,49,62,68,55,61,59,75,42,87,50,40,60.333333333333336,59.0,14.907119849998598
332,D,76,81,101,82,98,83,83,87,90,86,77,84,100,93,88,87.26666666666667,86.0,7.549540089009102
333,A,27,12,19,11,11,0,0,0,0,0,20,21,8,9,14,10.133333333333333,11.0,8.63223931292197
334,L,7,7,1,10,10,0,0,0,0,0,7,2,1,11,9,4.333333333333333,2.0,4.268749491621899
335,E,53,39,46,49,41,90,94,90,88,90,56,63,46,56,31,62.13333333333333,56.0,21.319370430562802
336,F,123,127,107,70,149,47,41,57,61,57,140,114,94,67,132,92.4,94.0,35.77298794714619
337,W,26,25,21,15,31,1,2,2,3,1,29,13,20,6,3,13.2,13.0,10.919096421713046
338,L,14,8,1,27,6,2,4,2,3,1,14,3,0,27,7,7.933333333333334,4.0,8.559335384375483
339,Q,129,126,127,127,113,141,140,137,140,137,133,113,125,123,121,128.8,127.0,8.84835201228643
340,A,62,61,60,19,58,23,21,25,25,21,54,63,58,30,51,42.06666666666667,51.0,17.808113007528025
341,G,37,16,11,8,6,19,18,15,16,18,16,7,13,11,11,14.8,15.0,7.14796008196278
342,V,9,1,0,10,4,0,0,0,0,0,9,2,2,13,3,3.533333333333333,2.0,4.302970550161314
343,D,6,8,9,12,1,9,2,16,1,9,7,0,5,11,6,6.8,7.0,4.36959189551305
344,G,3,0,0,0,0,0,0,0,0,0,1,0,0,1,0,0.3333333333333333,0.0,0.7888106377466153
345,F,3,0,1,3,15,0,0,0,0,0,3,2,4,1,7,2.6,1.0,3.84360941477322
346,Q,39,14,36,17,15,0,1,0,5,1,42,4,39,27,17,17.133333333333333,15.0,15.209061626397453
347,V,3,3,4,4,1,0,0,0,0,1,5,0,2,5,4,2.1333333333333333,2.0,1.892675942210452
348,R,55,59,98,90,97,60,53,54,90,52,77,92,88,87,89,76.06666666666666,87.0,17.479384682788147
349,D,50,38,109,24,26,57,48,48,27,53,37,48,99,35,26,48.333333333333336,48.0,24.228541479466365
350,I,0,6,7,7,13,0,0,1,0,2,2,6,17,5,15,5.4,5.0,5.47479071137275
351,E,32,87,48,47,82,50,64,66,63,66,30,68,85,60,82,62.0,64.0,17.358955421722047
352,N,99,110,152,74,40,104,98,100,77,90,82,89,117,78,44,90.26666666666667,90.0,26.661999591595194
353,L,1,15,44,10,20,26,18,10,14,17,21,36,37,19,22,20.666666666666668,19.0,10.928047502743672
354,K,105,155,190,141,84,115,137,146,181,156,140,169,187,126,56,139.2,141.0,36.502420011098806
355,D,127,57,129,129,95,94,101,66,76,69,146,96,104,132,109,102.0,101.0,26.08703381631061
356,A,30,8,7,30,50,12,14,15,14,16,27,8,4,33,42,20.666666666666668,15.0,13.379918617922243
357,S,57,80,20,69,36,36,32,38,41,38,57,80,28,88,28,48.53333333333333,38.0,21.013857861473753
358,S,90,45,59,75,18,77,73,61,60,57,77,65,57,78,19,60.733333333333334,61.0,19.83756257429044
359,F,18,6,25,41,28,26,23,14,16,13,63,28,25,30,33,25.933333333333334,25.0,13.051011029375802
360,L,0,1,4,2,1,0,0,0,0,0,3,0,4,5,2,1.4666666666666666,1.0,1.7074997966487595
361,A,25,35,21,24,2,25,28,29,25,25,25,41,25,33,0,24.2,25.0,10.34859088636387
362,E,116,63,111,103,13,88,97,81,91,80,114,89,111,49,7,80.86666666666666,89.0,33.18205673084309
363,W,4,1,8,5,12,1,5,0,5,0,24,0,1,7,13,5.733333333333333,5.0,6.339996494916662
364,Q,38,20,1,26,5,7,7,5,18,17,21,3,2,8,8,12.4,8.0,10.190191362285598
365,N,99,108,88,55,58,111,109,115,97,101,73,98,93,102,47,90.26666666666667,98.0,20.990368161505778
366,I,28,36,32,45,17,27,33,28,33,26,36,28,32,6,14,28.066666666666666,28.0,9.327140802816023
367,T,9,5,2,9,8,0,0,0,2,2,4,0,3,1,8,3.533333333333333,2.0,3.323986896618109
368,K,92,111,99,79,86,80,76,59,79,71,75,102,104,78,121,87.46666666666667,80.0,16.28032213713503
369,G,71,67,70,67,50,68,68,68,67,68,71,66,71,69,37,65.2,68.0,8.968091584426794
370,F,81,91,69,86,43,73,77,76,75,75,74,84,69,69,60,73.46666666666667,75.0,11.032477308182218
371,S,51,79,82,29,53,40,37,40,32,43,51,87,82,30,55,52.733333333333334,51.0,19.604307916600597
372,E,117,125,71,143,131,149,135,128,149,144,128,64,65,130,121,120.0,128.0,28.234730386529282
373,D,56,30,29,43,50,83,57,69,83,70,55,43,34,63,52,54.46666666666667,55.0,16.568510963739488
374,R,39,25,14,121,37,63,57,47,52,60,51,19,13,87,54,49.266666666666666,51.0,27.43590510424048
375,L,4,11,2,16,16,4,0,5,5,12,3,0,1,3,21,6.866666666666666,4.0,6.40694068092478
376,L,3,1,2,5,11,0,0,0,3,2,2,0,2,0,15,3.066666666666667,2.0,4.202644669993197
377,I,13,4,25,3,16,0,0,0,0,0,6,0,27,6,32,8.8,4.0,10.765376599698374
378,A,0,4,9,1,0,0,0,1,0,2,1,3,18,1,0,2.6666666666666665,1.0,4.6998817952038845
379,G,8,4,19,8,8,2,4,1,14,3,4,17,23,9,9,8.866666666666667,8.0,6.386096007908292
380,T,7,12,10,12,12,2,7,8,4,10,4,17,25,12,13,10.333333333333334,10.0,5.5095876030385025
381,N,111,77,82,107,77,76,82,81,89,87,112,144,73,116,85,93.26666666666667,85.0,19.515691692128726
382,S,97,67,117,77,80,21,16,16,24,17,83,112,123,81,66,66.46666666666667,77.0,37.368198006088306
383,S,41,46,37,72,54,108,89,72,106,76,31,44,48,73,67,64.26666666666667,67.0,23.25644474596713
384,D,101,92,115,96,9,75,77,79,75,76,130,112,118,94,32,85.4,92.0,30.78267911234065
385,L,50,82,70,45,67,34,23,24,32,24,66,61,69,47,70,50.93333333333333,50.0,19.205786165169656
386,Q,97,131,127,132,125,117,120,118,114,118,111,122,147,86,123,119.2,120.0,13.88140242674829
387,Q,77,97,58,74,57,92,106,102,99,105,102,92,79,75,35,83.33333333333333,92.0,20.247359224243432
388,I,19,12,13,11,3,2,0,9,0,0,19,15,15,13,10,9.4,11.0,6.5503180584355345
389,L,44,20,19,27,13,20,10,29,13,13,40,20,24,7,37,22.4,20.0,10.775280352114587
390,S,49,43,44,51,32,54,51,59,53,55,46,21,41,52,21,44.8,49.0,11.314886948912335
391,L,12,33,8,9,2,7,11,16,11,13,25,20,12,18,2,13.266666666666667,12.0,7.978860960201163
392,L,39,20,6,48,0,5,0,3,0,0,38,42,4,33,0,15.866666666666667,5.0,17.94757798577723
393,E,159,81,109,171,38,99,94,90,86,102,174,152,146,153,54,113.86666666666666,102.0,41.216285885827
394,S,110,87,47,48,104,69,63,65,67,68,88,43,52,48,91,70.0,67.0,20.733226151920174
395,N,29,73,63,91,48,4,11,2,0,0,51,58,59,65,47,40.06666666666667,48.0,29.05733795255321
396,K,0,3,4,14,102,162,132,131,148,136,4,0,8,2,69,61.0,14.0,63.7097585408494
397,D,13,39,19,13,62,71,50,33,48,68,17,2,20,13,47,34.333333333333336,33.0,21.61994963505286
398,L,15,5,10,11,6,2,1,1,2,6,21,0,9,10,10,7.266666666666667,6.0,5.674112754920857
399,L,2,6,4,11,8,0,0,0,4,4,4,15,4,9,9,5.333333333333333,4.0,4.205816078823335
400,L,28,56,12,38,11,1,0,7,0,0,26,26,16,41,13,18.333333333333332,13.0,16.523384103210283
401,T,28,10,13,8,6,2,2,1,4,2,29,16,18,16,9,10.933333333333334,9.0,8.744267963770449
402,S,7,29,13,61,40,1,1,6,3,1,7,39,19,53,46,21.733333333333334,13.0,20.32885196518048
403,S,72,36,24,35,43,18,13,19,17,15,54,22,25,40,44,31.8,25.0,16.104657711357916
404,Y,12,4,15,11,16,22,11,6,16,4,10,9,18,9,12,11.666666666666666,11.0,4.9216076867444665
405,L,29,31,32,6,0,3,3,2,2,0,26,55,33,6,1,15.266666666666667,6.0,16.770874223552635
406,S,76,57,67,99,57,29,22,23,31,20,93,106,65,92,62,59.93333333333333,62.0,28.65534660214196
407,D,49,107,82,11,9,96,116,72,62,76,46,40,72,22,17,58.46666666666667,62.0,33.316395696747
408,S,78,97,83,86,116,83,98,121,105,112,73,79,96,100,100,95.13333333333334,97.0,14.065876755072502
409,G,12,38,48,80,41,57,61,80,80,76,8,41,29,76,38,51.0,48.0,23.53720459187964
410,S,96,86,110,22,22,31,31,22,21,18,89,100,105,27,33,54.2,31.0,36.10207750254824
411,T,18,53,56,75,81,32,60,49,57,59,17,69,31,69,78,53.6,57.0,19.952610522602466
412,G,1,0,6,11,5,0,0,0,0,0,0,3,0,15,13,3.6,0.0,5.109468335029259
413,E,104,82,133,92,78,103,85,81,74,102,112,108,115,60,121,96.66666666666667,102.0,19.251551164054867
414,H,73,37,36,94,63,94,82,84,72,87,65,66,47,105,73,71.86666666666666,73.0,19.731080952536672
415,T,10,3,10,7,7,2,1,0,1,0,8,12,13,9,26,7.266666666666667,7.0,6.607739569794063
416,K,78,41,77,13,26,51,52,49,46,54,42,52,47,5,28,44.06666666666667,47.0,19.382007693276314
417,S,33,51,44,26,37,49,53,48,31,50,51,38,40,32,47,42.0,44.0,8.422192905255336
418,L,23,22,26,48,13,47,29,20,20,21,33,20,23,52,28,28.333333333333332,23.0,11.30584902704004
419,V,6,4,10,6,27,0,0,0,0,0,0,1,3,14,24,6.333333333333333,3.0,8.553102101317133
420,T,47,56,43,32,38,34,31,34,36,31,31,45,36,44,60,39.86666666666667,36.0,8.830754340497883
421,Q,84,114,118,72,82,110,105,105,114,103,85,96,118,80,86,98.13333333333334,103.0,14.939284528457922
422,Y,14,16,29,33,11,1,0,13,1,0,20,16,26,35,14,15.266666666666667,14.0,11.345875413069232
423,L,57,16,63,46,48,16,19,17,17,19,54,12,61,41,54,36.0,41.0,18.952572384771415
424,N,130,113,137,128,70,69,121,108,124,123,131,138,136,114,49,112.73333333333333,123.0,26.781751664561117
425,A,28,37,58,49,31,27,30,30,26,34,49,45,58,43,26,38.06666666666667,34.0,11.01191274130985
426,T,31,32,14,6,14,4,1,6,1,1,38,16,23,6,25,14.533333333333333,14.0,12.082310301520245
427,G,52,25,62,50,58,43,47,42,43,45,63,79,77,43,53,52.13333333333333,50.0,13.568918731997607
428,N,157,142,149,153,119,92,163,133,163,130,151,117,139,149,84,136.06666666666666,142.0,23.282229751942193
429,R,122,119,94,115,115,118,92,91,92,96,132,79,104,109,71,103.26666666666667,104.0,16.578969275024978
430,W,37,45,56,40,43,64,65,41,73,75,50,23,43,99,31,52.333333333333336,45.0,19.136933459209764
431,C,9,17,21,9,11,4,0,16,0,2,13,1,28,11,22,10.933333333333334,11.0,8.386232103208739
432,S,3,3,4,2,2,0,0,3,0,0,7,0,9,4,4,2.7333333333333334,3.0,2.594010194445829
433,W,0,5,18,3,4,1,0,4,1,3,1,1,27,4,10,5.466666666666667,3.0,7.301750170716303
434,S,9,29,18,21,18,1,1,1,1,0,4,2,28,16,24,11.533333333333333,9.0,10.506294409649017
435,L,11,5,19,7,11,1,1,2,6,2,2,24,29,12,18,10.0,7.0,8.610071621846902
436,S,38,14,32,36,36,2,1,2,4,2,18,4,25,35,36,19.0,18.0,14.957718186051418
437,Q,124,113,80,137,71,17,27,16,35,18,98,96,88,119,58,73.13333333333334,80.0,40.857258297095214
438,A,38,48,47,40,28,63,53,50,67,65,35,36,44,29,29,44.8,44.0,12.560254774486067
439,R,22,10,51,4,1,76,95,78,84,97,28,13,58,2,1,41.333333333333336,28.0,35.82116072317528
440,L,13,1,13,0,2,3,6,6,8,7,12,3,8,2,1,5.666666666666667,6.0,4.29987079909256
441,L,36,7,35,40,14,1,1,5,1,5,24,33,39,39,17,19.8,17.0,15.35013572144125
442,T,65,73,82,81,64,20,22,31,24,24,57,73,81,67,55,54.6,64.0,22.902110528653612
443,S,58,48,72,43,45,27,44,44,19,51,64,47,70,51,37,48.0,47.0,13.914021704740868
444,F,93,43,76,20,25,71,80,93,89,83,93,61,75,18,27,63.13333333333333,75.0,27.640228331586233
445,L,61,100,101,74,51,2,12,8,15,6,69,101,95,62,51,53.86666666666667,61.0,35.94415421486812
446,P,73,68,54,74,109,66,70,76,68,72,74,74,53,76,87,72.93333333333334,73.0,12.604055784636238
447,A,39,69,72,69,65,65,53,75,50,61,37,44,64,66,55,58.93333333333333,64.0,11.595784674709265
448,Q,59,52,73,45,46,135,117,110,104,139,51,93,59,19,55,77.13333333333334,59.0,35.28902882703852
449,L,22,8,7,8,6,10,9,7,12,9,20,23,4,4,24,11.533333333333333,9.0,6.800653563363517
450,L,3,6,11,0,0,11,11,19,7,10,1,3,5,1,1,5.933333333333334,5.0,5.334999739664682
451,R,13,17,32,16,24,81,70,45,64,70,8,20,29,11,17,34.46666666666667,24.0,24.07174461664316
452,L,0,0,4,0,4,1,0,0,0,0,3,2,5,0,5,1.6,0.0,1.9595917942265426
453,Y,18,11,16,12,5,5,10,9,9,5,6,17,13,13,12,10.733333333333333,11.0,4.17079795189788
454,Q,1,0,3,1,2,0,0,2,0,1,0,11,9,0,1,2.066666666666667,1.0,3.2550814975289875
455,L,1,0,1,0,2,1,2,2,2,2,1,8,3,6,0,2.066666666666667,2.0,2.1437246921084703
456,M,0,2,18,2,10,0,0,0,1,0,7,0,10,1,13,4.266666666666667,1.0,5.650565360111224
457,L,4,0,1,0,2,2,1,1,1,1,4,1,2,0,1,1.4,1.0,1.2000000000000002
458,F,17,1,1,17,16,1,2,1,2,1,9,4,2,5,11,6.0,2.0,6.077280093375105
459,T,4,2,2,4,5,2,2,1,3,1,2,6,1,2,0,2.466666666666667,2.0,1.586050300449376
460,L,1,2,8,2,11,0,0,0,0,1,5,5,0,6,13,3.6,2.0,4.127953488110059
461,P,28,13,18,8,36,24,26,24,26,26,25,18,16,10,43,22.733333333333334,24.0,9.014556130072197
462,G,2,10,6,3,1,0,0,7,0,3,3,5,16,2,5,4.2,3.0,4.182503237695499
463,T,3,1,3,0,9,0,0,0,2,0,4,0,5,1,15,2.8666666666666667,1.0,4.063933507767512
464,P,2,2,1,9,6,0,0,0,0,0,10,0,4,2,3,2.6,2.0,3.2
465,V,22,7,1,7,6,1,1,1,0,1,11,1,5,15,16,6.333333333333333,5.0,6.579429222120175
466,F,9,10,2,3,1,1,1,1,0,1,7,2,2,4,3,3.1333333333333333,2.0,2.985892756874492
467,S,5,18,22,4,1,9,11,1,9,2,3,12,21,5,3,8.4,5.0,6.868284599034415
468,Y,26,5,35,26,45,6,19,6,20,11,32,30,36,22,38,23.8,26.0,12.19945353967409
469,G,15,11,10,3,0,0,0,0,0,0,15,0,3,3,1,4.066666666666666,1.0,5.4829027186538895
470,D,6,3,10,4,3,1,1,5,1,4,6,1,17,2,3,4.466666666666667,3.0,4.112852484049915
471,E,3,0,7,2,22,3,0,1,0,3,3,8,2,2,10,4.4,3.0,5.511200716117435
472,I,4,4,10,4,1,5,5,3,1,2,6,0,1,4,2,3.466666666666667,4.0,2.4458581770458854
473,G,12,1,8,5,1,19,17,14,13,14,13,6,8,4,1,9.066666666666666,8.0,5.767341001035245
474,L,61,23,33,38,11,5,5,1,0,4,37,3,43,33,9,20.4,11.0,18.48530948257742
475,D,34,51,50,12,31,56,68,68,52,57,51,22,44,8,36,42.666666666666664,50.0,17.838784213679535
476,A,49,18,27,39,34,19,1,2,0,0,51,24,37,45,44,26.0,27.0,18.00740588387641
477,A,32,34,37,17,57,48,20,67,62,24,33,41,29,20,55,38.4,34.0,15.529756383579665
478,A,102,41,42,98,83,68,83,58,9,37,101,70,43,100,80,67.66666666666667,70.0,27.49222112202327
479,L,99,143,118,96,83,17,20,10,5,20,97,129,106,94,90,75.13333333333334,94.0,45.48973022073834
480,P,128,144,116,91,109,109,126,76,108,114,115,129,116,98,112,112.73333333333333,114.0,15.8512530174186
481,G,30,48,51,85,36,60,42,78,50,54,33,41,53,71,36,51.2,50.0,15.8837443108775
482,Q,109,123,96,118,129,38,30,39,26,25,84,125,95,105,98,82.66666666666667,96.0,38.109782937659915
483,P,42,21,31,46,28,119,61,53,75,79,37,61,27,41,36,50.46666666666667,42.0,24.786734803564233
484,M,56,80,47,48,74,63,88,80,56,75,53,73,43,64,75,65.0,64.0,13.49567832060817
485,E,32,60,70,14,22,92,128,99,110,98,54,68,64,12,12,62.333333333333336,64.0,36.696351620048304
486,A,53,38,48,37,26,17,20,0,22,33,51,17,63,41,27,32.86666666666667,33.0,16.185864889533157
487,P,39,13,17,13,9,4,7,1,14,4,36,13,25,20,17,15.466666666666667,13.0,10.63871337250056
488,V,39,23,42,48,20,6,5,0,3,12,23,9,46,54,31,24.066666666666666,23.0,17.601010072025854
489,M,13,11,14,10,0,4,2,1,7,3,24,10,5,4,4,7.466666666666667,5.0,6.119549729260224
490,L,26,16,13,14,16,2,4,1,1,6,5,11,28,13,20,11.733333333333333,13.0,8.34638977176493
491,W,55,76,25,41,28,8,1,2,97,3,51,29,22,19,15,31.466666666666665,25.0,27.12653477480839
492,D,80,44,44,102,50,43,24,38,13,26,71,78,39,75,43,51.333333333333336,44.0,23.78141197564929
493,E,134,156,157,101,123,141,115,113,116,136,126,135,149,118,145,131.0,134.0,16.194649322126942
494,S,63,55,60,60,71,98,87,91,97,95,60,68,65,52,72,72.93333333333334,68.0,15.643813118574668
495,S,110,123,103,113,130,39,68,61,72,33,113,108,101,107,128,93.93333333333334,107.0,30.288538352907615
496,F,97,43,56,77,79,44,42,30,26,53,36,48,66,70,67,55.6,53.0,19.3625067247675
497,P,72,96,52,73,85,94,105,102,106,105,79,90,92,69,113,88.86666666666666,92.0,16.45140993619966
498,D,81,84,104,72,120,167,147,148,152,164,65,112,128,74,128,116.4,120.0,33.860104351089454
499,I,99,38,40,54,69,54,45,37,39,44,90,39,41,63,66,54.53333333333333,45.0,18.81087156111829
500,P,97,80,70,67,95,74,108,113,69,62,115,77,73,73,106,85.26666666666667,77.0,17.755625086778057
501,G,25,34,30,41,33,57,36,62,84,75,23,31,35,39,37,42.8,36.0,17.603787471261217
502,A,101,97,98,97,99,48,104,34,63,66,115,93,99,93,102,87.26666666666667,97.0,22.391863601664685
503,V,93,83,83,121,82,22,46,27,27,19,96,82,99,130,66,71.73333333333333,82.0,34.663076737198175
504,S,23,20,28,32,33,69,59,61,58,77,12,23,19,24,29,37.8,29.0,20.166639118438486
505,A,74,90,80,65,53,19,33,31,38,23,70,60,79,71,59,56.333333333333336,60.0,21.687682115789958
506,N,106,116,111,83,126,126,105,103,64,93,130,105,117,91,131,107.13333333333334,106.0,18.121319549696764
507,M,40,38,38,74,48,40,40,39,36,28,23,47,36,42,50,41.266666666666666,40.0,11.024014191250341
508,T,3,7,6,3,3,4,4,5,5,3,4,7,6,6,3,4.6,4.0,1.451436070471816
509,V,47,24,18,18,5,8,1,6,5,1,50,2,15,9,6,14.333333333333334,8.0,14.942854107863358
510,K,63,111,145,104,105,86,96,89,106,97,55,144,137,89,109,102.4,104.0,25.006132581162298
511,G,19,23,42,22,6,28,16,25,13,14,16,36,35,16,10,21.4,19.0,9.891410415102591
512,Q,32,29,26,41,61,17,19,13,23,19,40,36,11,44,57,31.2,29.0,14.725035370642296
513,S,48,41,28,66,45,64,59,48,47,48,48,33,40,62,50,48.46666666666667,48.0,10.474519347232864
514,E,146,135,181,119,129,175,170,171,154,170,142,137,176,124,131,150.66666666666666,146.0,20.69675229487843
515,D,94,95,75,98,79,82,81,70,72,65,96,82,80,96,71,82.4,81.0,10.569137460865322
516,P,124,101,107,107,128,94,91,98,109,115,127,94,112,111,118,109.06666666666666,109.0,11.567002876958039
517,G,40,45,48,45,36,20,18,22,24,21,39,41,42,33,30,33.6,36.0,9.985322561973982
518,S,17,4,11,4,2,8,12,11,9,5,13,19,11,6,8,9.333333333333334,9.0,4.657133119086128
519,L,13,11,20,10,18,14,13,16,10,13,11,12,48,17,28,16.933333333333334,13.0,9.469013793538492
520,L,2,11,0,12,4,4,0,0,1,0,2,1,0,11,0,3.2,1.0,4.277070648625451
521,S,32,20,19,33,33,14,14,9,20,35,26,11,32,33,21,23.466666666666665,21.0,8.76254656034547
522,L,13,0,8,8,6,1,1,3,9,12,7,18,36,7,8,9.133333333333333,8.0,8.562450324267905
523,F,2,6,0,4,11,1,0,0,0,0,13,9,0,1,3,3.3333333333333335,1.0,4.253103442063088
524,R,63,121,84,120,89,98,100,77,112,89,70,90,78,104,79,91.6,89.0,16.86732541533087
525,R,122,112,86,58,94,61,70,72,120,106,108,107,69,91,57,88.86666666666666,91.0,22.225710837276324
526,L,7,2,5,2,0,2,3,3,3,3,5,18,2,5,0,4.0,3.0,4.163331998932265
527,S,12,3,1,3,8,1,3,2,0,2,3,4,1,7,9,3.933333333333333,3.0,3.3559234529741917
528,D,33,86,66,81,21,45,34,48,39,40,44,38,56,73,22,48.4,44.0,19.39003180330897
529,Q,59,50,24,24,20,39,36,40,38,26,56,56,14,20,33,35.666666666666664,36.0,14.012692658998683
530,R,18,11,10,14,8,1,1,1,1,1,8,0,2,16,8,6.666666666666667,8.0,5.951657098844171
531,S,39,59,11,55,62,38,45,39,48,43,47,24,5,52,57,41.6,45.0,16.206171663906318
532,K,153,184,128,165,134,156,137,142,136,132,128,166,128,173,133,146.33333333333334,137.0,17.81260477552031
533,E,57,32,48,20,57,29,34,32,30,30,29,46,43,52,31,38.0,32.0,11.129540272026812
534,R,92,111,59,106,121,104,144,150,160,127,141,88,60,99,141,113.53333333333333,111.0,29.981920478107398
535,S,0,14,1,5,0,0,1,0,0,0,4,10,0,1,0,2.4,0.0,4.111771718695806
536,L,15,6,5,22,1,2,3,2,3,2,9,15,2,2,1,6.0,3.0,6.196773353931867
537,L,4,6,3,14,45,2,12,9,6,15,18,13,18,17,60,16.133333333333333,13.0,15.435313047971812
538,H,38,69,49,67,71,27,18,26,20,41,64,27,54,74,107,50.13333333333333,49.0,24.374485749561067
539,G,12,7,7,11,18,6,4,8,22,5,17,17,4,12,16,11.066666666666666,11.0,5.591263025669802
540,D,89,84,107,82,66,87,75,78,66,72,73,82,83,93,70,80.46666666666667,82.0,10.619897467594601
541,F,40,78,28,56,79,34,32,26,38,28,33,37,21,51,105,45.733333333333334,37.0,23.210534006973838
542,H,77,99,79,106,61,29,44,51,36,41,81,85,72,114,62,69.13333333333334,72.0,25.035619070081374
543,A,76,32,46,27,40,11,16,30,28,20,41,27,29,30,46,33.266666666666666,30.0,14.99540670412851
544,F,104,82,88,41,115,5,8,23,12,33,99,63,107,32,55,57.8,55.0,37.591133706411846
545,S,103,48,46,95,66,38,25,7,39,15,93,13,50,82,123,56.2,48.0,34.706771673550975
546,A,42,62,73,89,49,47,49,47,45,56,48,69,90,75,50,59.4,50.0,15.499677415998052
547,G,16,44,28,31,44,30,20,17,24,29,8,29,20,43,49,28.8,29.0,11.525045191523835
548,P,93,80,115,109,107,81,83,82,97,106,77,92,109,106,98,95.66666666666667,97.0,12.261955617092877
549,G,12,18,13,38,10,14,16,16,30,11,16,15,21,45,8,18.866666666666667,16.0,10.268830940710286
550,L,12,7,41,32,51,0,0,1,3,1,28,14,44,30,62,21.733333333333334,14.0,20.14105812072003
551,F,10,2,7,5,22,0,0,0,0,0,3,1,1,6,24,5.4,2.0,7.517091636175968
552,S,3,10,10,10,22,0,1,0,0,1,5,0,19,3,14,6.533333333333333,3.0,7.050925865129739
553,Y,13,3,13,4,26,0,1,0,0,0,2,0,1,5,7,5.0,2.0,7.042726744663604
554,I,3,11,2,13,4,1,0,4,0,4,14,25,7,11,0,6.6,4.0,6.78036380538193
555,R,2,5,5,17,21,0,1,0,2,0,0,7,3,5,22,6.0,3.0,7.37563556583431
556,H,34,38,24,26,12,25,17,15,5,24,13,50,29,26,15,23.533333333333335,24.0,11.074695882456044
557,W,42,70,66,93,73,34,17,13,39,26,54,109,66,131,80,60.86666666666667,66.0,32.61056406885488
558,D,115,117,152,105,84,33,23,42,25,30,132,134,155,135,86,91.2,105.0,47.095930468212075
559,Q,121,178,116,168,160,105,110,89,89,102,128,191,113,154,148,131.46666666666667,121.0,31.599296757294386
560,N,87,99,56,77,31,54,39,42,50,5,81,49,70,61,7,53.86666666666667,54.0,26.114789339035884
561,E,54,55,18,107,72,61,63,58,56,75,69,52,13,90,66,60.6,61.0,22.68273939952286
562,R,40,51,35,0,18,8,1,7,1,20,46,94,41,1,8,24.733333333333334,18.0,25.543340075687485
563,F,14,12,9,16,0,0,0,0,0,1,1,2,10,17,0,5.466666666666667,1.0,6.4484278876499985
564,L,0,12,0,7,0,0,1,7,1,7,0,0,0,3,0,2.533333333333333,0.0,3.7034518432883075
565,V,2,2,0,2,6,0,0,0,1,0,0,2,3,2,3,1.5333333333333334,2.0,1.627540748764494
566,V,1,4,12,4,0,0,0,0,2,0,3,1,14,2,0,2.8666666666666667,1.0,4.224794538067963
567,L,0,0,1,0,5,0,0,0,0,0,0,0,2,0,3,0.7333333333333333,0.0,1.436043948569201
568,N,0,0,4,14,1,0,0,0,0,1,0,4,25,17,3,4.6,1.0,7.463689882803724
569,F,3,14,22,16,29,9,8,10,8,6,1,26,26,8,27,14.2,10.0,9.13746865019702
570,G,37,17,11,24,26,16,18,11,12,14,37,21,11,13,27,19.666666666666668,17.0,8.56089299599574
571,D,62,119,111,134,102,129,127,128,126,130,53,115,114,122,106,111.86666666666666,119.0,23.17143835750288
572,V,90,71,111,122,144,110,109,97,97,102,94,56,111,110,140,104.26666666666667,109.0,21.916406842566342
573,G,60,52,26,52,36,31,29,31,34,35,59,71,21,55,31,41.53333333333333,35.0,14.600761015173909
574,L,18,95,129,99,57,32,30,29,30,33,16,115,117,87,43,62.0,43.0,38.92043165228258
575,S,74,0,43,46,109,83,71,78,86,97,81,7,25,61,114,65.0,74.0,33.38462720075414
576,A,7,13,55,42,19,3,0,1,0,7,9,43,63,42,13,21.133333333333333,13.0,20.912091133015743
577,G,51,36,25,17,56,40,26,49,37,25,50,36,24,17,57,36.4,36.0,13.300626551657883
578,L,1,156,3,21,7,14,26,32,29,7,0,85,7,24,8,28.0,14.0,39.812895733250386
579,Q,68,2,100,84,20,118,129,124,142,135,70,10,91,75,19,79.13333333333334,84.0,46.00705259945359
580,A,75,25,65,59,10,42,38,41,45,13,77,52,87,47,12,45.86666666666667,45.0,23.291963325481078
581,S,18,13,10,7,3,70,101,64,70,106,36,7,39,12,2,37.2,18.0,34.871573905785596
582,D,25,20,90,120,120,52,126,155,140,126,35,16,120,119,110,91.6,119.0,46.396551595996876
583,L,0,94,0,69,66,7,17,22,20,15,0,123,6,100,68,40.46666666666667,20.0,40.51808923870368
584,P,4,100,23,109,153,17,55,60,56,57,2,72,20,94,150,64.8,57.0,46.955581847813015
585,A,18,61,47,35,63,85,116,97,115,95,39,47,65,48,46,65.13333333333334,61.0,28.899519411613444
586,S,83,13,81,16,32,75,75,84,65,80,84,6,70,14,11,52.6,70.0,31.238437861071095
587,A,64,63,89,38,54,21,17,17,11,15,74,88,86,28,55,48.0,54.0,27.780088792754665
588,S,92,123,73,56,81,62,55,53,44,75,89,108,84,67,88,76.66666666666667,75.0,20.92101548417019
589,L,14,17,23,79,5,26,27,29,30,32,14,37,28,89,4,30.266666666666666,27.0,23.086696505900438
590,P,51,47,30,28,35,36,16,24,18,26,48,44,29,38,48,34.53333333333333,35.0,10.917061061577984
591,A,48,94,49,65,46,55,42,42,42,41,47,97,77,88,54,59.13333333333333,49.0,19.383383490906727
592,K,126,138,150,170,121,135,126,130,126,125,123,125,145,155,135,135.33333333333334,130.0,13.577759592641033
593,A,2,22,1,9,0,2,1,3,1,3,0,3,1,13,0,4.066666666666666,2.0,5.915704147061071
594,D,43,61,66,94,21,80,79,70,75,72,47,23,63,85,38,61.13333333333333,66.0,21.400519204501144
595,L,5,48,2,11,1,4,3,1,4,2,12,2,2,7,3,7.133333333333334,3.0,11.395125663584798
596,L,22,21,27,25,20,20,21,18,25,9,17,34,25,32,19,22.333333333333332,21.0,5.90668171555645
597,L,15,9,1,2,5,4,6,1,7,2,20,20,4,6,0,6.8,5.0,6.326663154196425
598,S,15,22,2,2,0,7,2,5,10,12,9,4,2,1,0,6.2,4.0,6.134057928212503
599,T,0,1,1,4,5,5,2,4,2,2,0,11,3,3,4,3.1333333333333333,3.0,2.6297443897754693
600,Q,17,31,51,48,89,75,66,76,58,65,4,69,90,71,101,60.733333333333334,66.0,26.0933367399078
601,P,94,2,64,44,64,70,58,73,60,58,73,79,87,29,61,61.06666666666667,64.0,22.04379479329475
602,G,44,24,28,57,57,79,78,73,76,76,40,60,26,66,54,55.86666666666667,57.0,18.85335219235266
603,R,70,172,66,56,47,56,63,58,67,65,81,46,76,75,35,68.86666666666666,65.0,30.035238563320178
604,E,64,14,103,118,44,145,148,147,146,145,105,73,106,110,58,101.73333333333333,106.0,41.189750612932286
605,E,138,92,112,67,70,95,73,73,82,96,124,78,119,38,138,93.0,92.0,27.614006108012166
606,G,40,79,29,62,81,54,55,58,55,52,58,46,28,51,73,54.733333333333334,55.0,15.008738195538697
607,S,26,49,112,47,25,50,53,41,50,49,23,61,114,56,32,52.53333333333333,49.0,26.27512554151211
608,P,100,125,7,101,90,81,83,75,78,80,113,48,9,90,81,77.4,81.0,32.13264176295915
609,L,15,36,1,15,6,19,17,27,17,15,17,19,1,9,24,15.866666666666667,17.0,8.973046057808661
610,E,89,127,99,114,117,93,87,85,85,91,87,102,104,128,95,100.2,95.0,14.33503865824342
611,L,27,62,93,4,0,7,7,7,7,1,26,16,95,7,0,23.933333333333334,7.0,31.463135395076073
612,E,118,156,96,101,110,66,108,111,114,95,119,170,113,109,117,113.53333333333333,111.0,23.36911542090448
613,R,140,103,133,138,136,184,181,187,180,183,148,158,139,133,132,151.66666666666666,140.0,24.729649321321876
614,L,1,8,12,9,9,6,6,6,7,5,1,10,18,3,11,7.466666666666667,7.0,4.256237253203298
615,K,154,137,104,157,149,126,132,127,124,121,152,96,91,162,164,133.06666666666666,132.0,22.711132854958063
616,L,3,5,4,15,2,0,0,0,0,0,8,2,1,12,2,3.6,2.0,4.484045792213397
617,E,127,23,104,87,46,88,99,88,88,97,86,104,106,70,49,84.13333333333334,88.0,26.04321195415206
618,P,51,49,40,46,69,40,39,45,37,39,41,35,30,49,78,45.86666666666667,41.0,12.246722917671578
619,H,0,45,7,50,10,25,29,45,30,15,4,21,6,33,20,22.666666666666668,21.0,15.417162154199746
620,E,2,3,9,0,3,2,4,2,1,3,2,7,16,2,3,3.933333333333333,3.0,3.8895872388839523
621,G,0,0,0,0,0,0,0,0,0,0,0,1,0,0,0,0.06666666666666667,0.0,0.24944382578492943
622,L,0,4,1,0,1,0,0,0,0,0,0,0,1,2,0,0.6,0.0,1.083205120618128
623,L,6,4,2,5,1,1,0,1,1,0,2,13,2,4,1,2.8666666666666667,2.0,3.2221455929585523
624,L,1,5,0,0,0,0,0,0,1,0,0,2,0,1,0,0.6666666666666666,0.0,1.2995725793078614
625,R,110,68,67,73,62,85,83,82,85,84,80,59,111,96,55,80.0,82.0,16.2234398325386
626,F,35,10,4,10,1,6,63,53,59,65,34,15,8,21,1,25.666666666666668,15.0,23.046812264509715
627,P,99,56,82,95,45,85,61,62,61,76,100,51,85,109,50,74.46666666666667,76.0,20.042843000820906
628,Y,108,97,24,17,133,51,64,53,59,104,25,151,37,21,144,72.53333333333333,59.0,45.08195007120058
629,A,100,78,96,66,13,66,58,66,63,41,112,80,110,71,19,69.26666666666667,66.0,28.318348978866847
630,A,86,110,102,53,99,136,131,126,122,111,100,124,128,65,106,106.6,110.0,23.116516461900858
