Pos,Res,P0DMV8_CIT_model1_dssp_acc_ACC,P0DMV8_CIT_model2_dssp_acc_ACC,P0DMV8_CIT_model3_dssp_acc_ACC,P0DMV8_CIT_model4_dssp_acc_ACC,P0DMV8_CIT_model5_dssp_acc_ACC,P0DMV8_full_model_499807_1_dssp_acc_ACC,P0DMV8_full_model_499807_2_dssp_acc_ACC,P0DMV8_full_model_499807_3_dssp_acc_ACC,P0DMV8_full_model_499807_4_dssp_acc_ACC,P0DMV8_full_model_499807_5_dssp_acc_ACC,P0DMV8_IT_model1_dssp_acc_ACC,P0DMV8_IT_model2_dssp_acc_ACC,P0DMV8_IT_model3_dssp_acc_ACC,P0DMV8_IT_model4_dssp_acc_ACC,P0DMV8_IT_model5_dssp_acc_ACC,P0DMV8_ranked_0_dssp_acc_ACC,P0DMV8_ranked_1_dssp_acc_ACC,P0DMV8_ranked_2_dssp_acc_ACC,P0DMV8_ranked_3_dssp_acc_ACC,P0DMV8_ranked_4_dssp_acc_ACC,mean,median,std
1,M,180,218,80,77,123,203,207,187,197,197,171,173,80,181,159,243,242,243,242,242,182.25,192.0,53.445182196340205
2,A,40,31,108,66,103,102,100,104,97,109,51,71,102,83,71,80,101,76,83,86,83.2,84.5,22.24095321698241
3,K,202,184,155,185,168,125,128,129,91,102,110,171,121,80,101,134,153,134,134,123,136.5,131.5,32.259107241211744
4,A,73,26,44,16,1,32,39,37,83,28,21,17,83,13,65,51,38,52,53,46,40.9,38.5,22.37833773987693
5,A,5,1,20,31,10,17,16,17,16,15,12,4,14,8,7,14,16,11,12,13,12.95,13.5,6.336205489092032
6,A,1,1,2,8,1,3,3,4,3,4,1,11,2,0,5,9,5,10,12,10,4.75,3.5,3.7399866309921483
7,I,2,1,5,5,4,0,1,0,1,0,1,2,2,4,0,0,0,0,0,0,1.4,1.0,1.7146428199482247
8,G,0,0,0,0,0,0,0,0,0,0,0,0,0,0,0,0,0,0,0,0,0.0,0.0,0.0
9,I,2,1,3,9,6,0,1,1,1,1,1,0,2,4,0,0,0,0,0,0,1.6,1.0,2.28910462845192
10,D,8,12,0,1,0,10,9,11,10,8,1,3,4,5,2,21,20,21,22,22,9.5,8.5,7.664854858377946
11,L,36,37,10,23,1,5,14,2,6,2,29,4,31,18,16,5,6,6,5,4,13.0,6.0,11.653325705565772
12,G,9,12,7,9,0,10,9,10,9,9,7,12,16,11,8,11,11,9,11,9,9.45,9.0,2.923610781208743
13,T,10,7,12,21,0,11,13,23,7,13,15,8,7,18,12,6,5,6,6,8,10.4,9.0,5.52630075185924
14,T,35,24,20,60,48,6,7,14,6,19,19,20,11,35,24,23,24,21,17,18,22.55,20.0,13.143344323268717
15,Y,71,42,29,45,14,48,45,47,51,45,43,36,36,42,21,59,55,49,56,52,44.3,45.0,12.598015716770638
16,S,2,3,0,1,2,2,0,1,1,0,1,1,1,1,1,0,0,1,0,0,0.9,1.0,0.8306623862918076
17,C,1,8,12,0,1,3,4,1,1,1,1,0,1,1,1,1,2,1,2,2,2.2,1.0,2.8213471959331766
18,V,9,3,7,9,11,1,3,1,1,1,4,7,5,8,4,2,2,2,2,2,4.2,3.0,3.0919249667480613
19,G,0,0,0,5,0,0,0,0,0,0,0,0,0,0,0,0,0,0,0,0,0.25,0.0,1.0897247358851685
20,V,5,0,10,4,4,0,0,0,0,0,2,1,2,0,0,1,0,2,2,1,1.7,1.0,2.4310491562286436
21,F,41,33,51,15,10,7,5,8,12,8,55,13,81,7,83,15,12,16,22,17,25.55,15.0,23.533964816834416
22,Q,63,90,74,38,94,36,47,36,34,35,28,40,71,6,33,42,49,46,43,44,47.45,42.5,20.727940080963183
23,H,167,168,178,86,188,177,142,176,176,176,172,122,199,152,157,177,173,172,177,172,165.35,172.5,24.21007021881597
24,G,43,77,82,54,62,16,27,16,32,16,80,85,58,69,66,22,18,23,21,23,44.5,37.5,25.090834980127703
25,K,103,168,147,152,175,108,98,107,106,104,151,163,128,84,120,111,113,107,110,109,123.2,110.5,25.598046800488508
26,V,13,39,40,45,33,17,17,17,17,18,11,23,19,11,5,14,14,13,11,12,19.45,17.0,10.726019765038659
27,E,38,55,74,62,120,49,47,48,48,47,80,75,39,76,39,53,52,52,52,43,57.45,52.0,18.99861837081844
28,I,24,44,67,39,63,27,28,16,13,26,24,41,22,42,24,22,14,12,17,10,28.75,24.0,15.600881385357686
29,I,11,4,26,29,14,3,2,1,1,2,7,7,3,2,2,4,4,6,6,5,6.95,4.0,7.572813215707886
30,A,20,51,61,43,45,41,41,28,28,33,4,48,31,41,44,45,45,46,47,47,39.45,43.5,12.188006399735768
31,N,28,17,8,16,15,14,12,12,12,17,5,20,17,24,20,11,11,10,10,10,14.45,13.0,5.435761216241936
32,D,88,137,96,145,124,103,102,103,102,97,159,153,127,132,123,121,108,100,104,98,116.1,106.0,20.097014703681737
33,Q,128,106,82,108,88,126,124,125,124,139,114,111,107,124,131,121,133,124,123,122,118.0,123.5,13.906832852953976
34,G,53,56,56,61,62,55,55,51,51,26,23,56,55,56,57,55,54,53,56,56,52.35,55.0,9.645076464186275
35,N,82,78,56,96,65,74,74,75,75,93,86,66,68,48,79,67,71,77,74,74,73.9,74.0,10.825433016743489
36,R,115,98,108,96,111,147,148,120,123,123,131,71,119,63,122,137,129,120,130,109,116.0,120.0,21.080796948882174
37,T,28,26,37,40,50,29,32,30,31,28,47,39,48,24,67,35,37,40,38,37,37.15,37.0,9.855328507969686
38,T,19,13,4,12,20,2,2,2,2,3,7,10,7,15,10,4,4,4,5,5,7.5,5.0,5.527205442174192
39,P,6,37,26,17,28,0,0,0,0,2,32,22,8,19,17,0,1,1,0,1,10.85,4.0,12.30558816148176
40,S,23,22,13,18,7,4,7,3,0,2,3,7,12,11,5,12,11,11,11,10,9.6,10.5,6.102458520956943
41,Y,9,5,12,5,12,11,10,9,16,8,4,10,5,22,10,7,7,11,6,8,9.35,9.0,4.102133591193734
42,V,7,3,9,6,2,0,0,0,0,0,2,4,3,2,1,0,0,1,0,0,2.0,1.0,2.588435821108957
43,A,0,2,0,1,1,2,3,2,1,1,0,3,0,1,0,0,0,0,0,0,0.85,0.5,1.0136567466356647
44,F,12,3,1,5,3,3,5,4,5,7,0,0,2,5,1,2,1,1,1,0,3.05,2.5,2.8543825952384165
45,T,8,25,19,42,28,29,30,31,30,27,17,61,29,25,40,26,23,21,23,20,27.7,26.5,10.56929515152264
46,D,14,139,115,89,108,109,109,101,111,125,97,121,97,121,111,121,122,120,118,123,108.55,113.0,24.467274061488748
47,T,14,89,109,104,121,107,114,121,108,103,118,95,119,128,117,66,65,48,52,45,92.15,105.5,31.44721768296839
48,E,34,122,126,97,90,106,107,108,107,106,85,105,107,97,84,59,57,61,58,57,88.65,97.0,25.0105477748889
49,R,29,73,77,151,134,106,137,139,137,111,97,117,113,116,81,20,19,20,18,25,86.0,101.5,46.55426940679018
50,L,54,56,42,32,56,21,22,22,21,25,39,55,47,41,55,33,34,26,30,30,37.05,33.5,12.607438280634174
51,I,67,47,30,49,27,35,39,36,39,26,30,28,26,34,25,23,22,22,23,23,32.55,29.0,11.11968974387325
52,G,14,3,2,11,7,0,0,0,0,0,0,4,3,5,4,0,0,0,0,0,2.65,0.0,3.9022429447690716
53,D,40,73,37,53,51,28,29,31,29,34,44,47,40,41,60,22,30,28,30,29,38.8,35.5,12.484390253432483
54,A,44,58,23,52,43,43,44,44,45,45,45,46,34,43,44,44,48,44,44,39,43.6,44.0,6.514598989960931
55,A,0,0,0,0,1,0,0,0,0,0,0,1,0,0,0,0,0,0,0,0,0.1,0.0,0.30000000000000004
56,K,33,21,71,26,29,40,42,32,42,53,49,44,35,76,46,38,46,43,35,64,43.25,42.0,13.823440237509619
57,N,92,95,134,123,138,109,109,106,110,118,112,103,101,109,97,120,132,121,123,119,113.55,111.0,12.58362030577846
58,Q,30,55,44,55,13,67,66,65,65,59,48,75,45,68,59,29,32,56,60,49,52.0,55.5,15.51128621359299
59,V,0,2,12,3,4,3,5,5,5,10,5,3,3,6,4,5,5,6,5,11,5.1,5.0,2.8618176042508368
60,A,14,26,32,12,10,18,21,18,18,22,11,13,11,17,23,23,24,31,31,65,22.0,19.5,11.91217864204529
61,L,101,147,133,133,115,79,82,80,75,77,121,116,96,112,136,132,130,123,121,145,112.7,118.5,23.214435164354093
62,N,34,60,99,104,68,62,59,63,63,60,62,35,49,49,34,34,32,27,27,29,52.5,54.0,21.49534833400008
63,P,4,25,24,10,37,6,4,6,2,3,29,10,14,15,14,13,14,13,12,31,14.3,13.0,9.731906288081488
64,Q,73,87,136,142,125,79,81,80,74,92,93,130,64,88,78,105,105,104,105,128,98.45,92.5,22.61078282589968
65,N,27,18,10,31,20,13,17,16,19,15,36,26,48,34,44,29,29,30,31,27,26.0,27.0,9.833615815151617
66,T,1,2,4,3,12,3,1,3,1,1,0,1,0,0,0,0,0,0,0,0,1.6,1.0,2.6907248094147422
67,V,11,11,13,7,2,0,1,1,1,1,3,1,2,3,1,1,1,1,0,0,3.05,1.0,3.9303307748839655
68,F,31,10,32,31,24,14,6,21,9,45,6,5,10,3,16,4,3,5,4,4,14.15,9.5,12.051037299751421
69,D,22,3,5,11,11,24,14,23,4,16,13,8,6,5,5,9,8,10,11,11,10.95,10.5,6.086665753924722
70,A,23,45,21,17,11,5,6,1,1,2,13,8,21,13,6,11,11,9,8,8,12.0,10.0,9.803060746521975
71,K,21,26,24,36,3,15,12,12,7,8,20,10,27,19,26,12,13,10,9,9,15.95,12.5,8.29743936404479
72,R,23,6,10,36,38,21,22,20,22,8,16,13,18,40,16,6,4,11,12,11,17.65,16.0,10.223869130617821
73,L,14,10,16,18,11,0,1,0,2,0,11,17,1,4,6,2,2,1,1,1,5.9,2.0,6.244197306299665
74,I,18,27,1,44,1,2,3,0,1,0,10,2,19,6,9,1,1,0,0,0,7.25,1.5,11.264435183354735
75,G,8,32,51,16,31,2,0,11,2,5,13,32,34,9,24,23,18,17,13,10,17.55,14.5,12.878179219128764
76,R,119,37,50,84,50,4,1,5,3,2,31,20,47,51,61,30,29,35,39,35,36.65,35.0,28.618656502358736
77,K,124,36,158,82,149,65,67,78,78,48,97,136,109,20,143,110,74,66,86,67,89.65,80.0,37.05168687118037
78,F,21,122,48,142,69,40,43,38,29,39,86,30,53,35,44,38,38,35,36,35,51.05,38.5,30.485201327857425
79,G,47,60,58,52,31,55,56,57,61,60,59,55,51,40,61,46,48,46,47,45,51.75,53.5,7.764502559726541
80,D,38,67,54,8,38,36,23,18,18,25,50,56,39,32,41,40,41,38,37,38,36.85,38.0,13.595127803739105
81,P,112,90,48,101,96,85,80,85,81,86,108,106,102,111,105,106,105,106,105,104,96.1,103.0,14.926151546865656
82,V,90,35,17,71,61,30,15,11,11,32,23,73,53,43,24,45,48,43,45,38,40.4,40.5,21.050890717496966
83,V,3,9,0,24,1,0,1,0,1,1,0,3,2,1,1,0,0,0,1,0,2.4,1.0,5.342284155677233
84,Q,72,119,24,120,82,78,81,80,82,80,97,80,92,76,120,72,73,72,76,74,82.5,80.0,20.599757280123473
85,S,52,40,0,54,59,60,58,64,59,58,56,69,54,74,75,54,51,51,50,49,54.35,55.0,14.93410526278692
86,D,40,12,1,8,31,21,6,16,9,14,28,38,15,25,7,11,11,13,11,9,16.3,12.5,10.502856754235964
87,M,17,46,64,42,19,51,48,59,60,50,48,61,30,54,46,50,49,46,48,47,46.75,48.0,12.016134985926215
88,K,159,128,18,165,166,168,173,167,173,173,191,187,174,192,175,164,163,164,164,163,161.35,166.5,35.37976116369357
89,H,128,121,33,92,54,148,130,149,135,146,114,69,103,75,29,73,64,60,60,70,92.65,83.5,37.892314524188144
90,W,54,18,5,15,18,21,20,20,23,25,31,27,17,14,37,21,21,19,20,9,21.75,20.0,10.039297784207818
91,P,32,18,20,25,21,20,14,33,9,19,21,14,7,20,1,12,13,9,10,13,16.55,16.0,7.787650480087046
92,F,26,5,18,9,27,9,9,9,10,10,12,12,15,8,2,10,11,9,7,6,11.2,9.5,6.071243694664217
93,Q,167,121,153,132,94,109,108,117,116,111,98,97,125,112,85,109,108,107,109,118,114.8,110.0,18.48675201326615
94,V,19,19,15,44,3,1,1,3,3,2,18,26,16,22,17,12,11,11,10,11,13.2,11.5,10.166612021711067
95,I,58,74,51,62,59,50,49,47,45,46,85,31,35,27,25,44,44,45,43,47,48.35,46.5,14.11125437372596
96,N,50,38,68,72,50,81,85,76,98,90,18,59,57,48,86,88,87,88,89,88,70.8,78.5,20.905980005730417
97,D,118,87,145,123,150,69,65,74,60,70,106,113,125,123,112,66,65,62,66,67,93.3,80.5,29.651475511346813
98,G,64,75,36,53,19,70,68,51,55,65,75,50,48,22,34,76,67,61,68,63,56.0,62.0,16.56804152578089
99,D,99,95,163,90,148,76,61,98,121,87,63,110,76,49,145,64,67,66,63,59,90.0,81.5,31.91551346915791
100,K,128,85,121,65,50,41,25,82,64,53,41,107,122,0,94,34,25,21,29,24,60.55,51.5,37.465283930593664
101,P,6,4,12,20,3,1,1,1,3,2,1,2,4,1,3,5,4,4,5,4,4.3,3.5,4.360045871318327
102,K,48,45,11,30,33,40,40,43,37,33,47,50,22,16,25,34,31,32,28,31,33.8,33.0,10.14199191480648
103,V,11,6,10,10,4,0,1,0,2,0,2,2,0,6,2,1,1,1,0,0,2.95,1.5,3.5703641270884408
104,Q,107,106,83,61,90,67,71,68,69,73,72,56,57,61,57,54,54,56,59,56,68.85,64.0,15.742537914834443
105,V,17,12,5,7,0,4,2,2,2,1,4,4,9,8,7,4,4,4,4,4,5.2,4.0,3.880721582386451
106,S,33,55,32,50,72,39,42,51,41,53,40,63,45,66,36,42,41,41,38,40,46.0,41.5,10.709808588392232
107,Y,31,80,58,50,35,33,48,45,38,52,17,10,16,15,34,1,2,1,1,0,28.35,32.0,22.332207683075133
108,K,27,120,147,131,114,120,134,132,121,127,124,110,126,130,127,87,91,81,84,82,110.75,120.5,27.116185203674945
109,G,1,77,62,76,75,64,67,73,67,79,62,69,56,71,59,64,63,65,62,67,63.95,66.0,15.673145823350202
110,E,10,138,144,119,105,113,106,109,108,117,108,96,117,124,123,122,123,123,120,120,112.25,118.0,25.806733617410785
111,T,69,115,90,82,79,97,91,104,95,90,96,107,97,94,103,103,101,105,103,102,96.15,97.0,10.374367450596688
112,K,62,92,83,84,86,72,77,75,73,72,74,42,53,41,66,37,38,38,37,35,61.85,69.0,19.14229610052044
113,A,65,44,52,32,54,33,33,33,33,35,56,57,54,52,48,39,37,38,37,39,43.55,39.0,9.9673216061287
114,F,14,0,20,50,21,22,29,30,30,33,38,35,34,66,30,3,3,3,3,2,23.3,25.5,17.340991897812536
115,Y,51,66,122,95,101,70,70,74,71,75,96,17,77,30,96,9,11,7,8,8,57.7,70.0,36.29889805489968
116,P,5,16,10,26,9,1,0,0,2,0,6,2,5,3,17,3,2,2,1,2,5.6,2.5,6.7111846942250075
117,E,19,68,27,29,24,10,8,20,21,21,13,40,34,5,51,13,10,10,13,10,22.3,19.5,15.52449677123223
118,E,52,50,64,63,58,75,76,76,78,75,74,82,71,47,68,12,12,11,9,12,53.25,63.5,25.99591314033804
119,I,10,13,39,8,4,1,3,2,1,3,15,5,8,7,7,3,3,3,2,2,6.95,3.5,8.29141121884568
120,S,18,20,4,13,1,1,3,0,0,0,6,10,12,6,8,5,5,4,4,4,6.2,4.5,5.608921464952065
121,S,5,25,13,4,9,4,4,4,4,4,4,5,5,4,5,3,3,3,3,4,5.75,4.0,4.968651728587948
122,M,38,41,18,30,23,25,21,17,17,19,22,27,22,31,23,7,6,6,6,9,20.4,21.5,9.961927524329816
123,V,18,12,18,11,5,3,2,1,1,2,2,8,13,7,11,5,5,6,5,6,7.05,5.5,5.084043666216883
124,L,19,3,9,16,0,0,0,0,0,0,4,2,0,3,1,0,0,0,0,0,2.85,0.0,5.359804100897716
125,T,38,45,59,27,32,39,36,37,40,37,49,43,55,48,49,21,22,24,25,32,37.9,37.5,10.629675441893792
126,K,20,45,24,78,48,37,32,32,32,37,38,75,48,65,55,31,31,32,32,31,41.15,34.5,15.630978856104948
127,M,9,3,3,4,13,2,1,1,2,1,1,9,1,6,2,2,1,1,1,0,3.15,2.0,3.3656351555092834
128,K,34,59,73,37,52,27,32,31,34,26,33,40,40,39,27,23,19,27,30,27,35.5,32.5,12.583719640869308
129,E,104,77,77,80,109,112,116,112,114,92,118,90,101,104,106,43,39,48,48,46,86.8,96.5,27.060303028606313
130,I,33,6,5,29,47,16,16,15,15,3,13,40,5,16,7,12,10,11,10,12,16.05,12.5,11.67679322416904
131,A,1,0,2,2,6,0,0,0,0,0,0,1,0,1,0,0,0,0,0,0,0.65,0.0,1.388344337691482
132,E,39,91,4,57,61,49,45,43,45,48,59,60,59,62,81,38,42,43,40,42,50.4,46.5,17.28698932723683
133,A,76,66,70,85,67,83,82,84,84,71,66,77,59,76,83,86,87,85,85,84,77.8,82.5,8.23771813064759
134,Y,92,77,127,92,125,109,109,102,102,108,142,95,114,112,111,114,116,116,114,118,109.75,111.5,13.823440237509619
135,L,57,24,85,39,31,22,21,23,23,22,47,14,45,18,17,24,25,22,22,22,30.15,23.0,16.60504441427363
136,G,52,58,63,68,65,68,68,70,69,69,69,54,59,69,59,68,68,71,70,69,65.3,68.0,5.586591089385368
137,Y,204,111,143,153,170,84,87,77,77,81,112,153,108,63,151,68,82,72,79,80,107.75,85.5,39.43206182790852
138,P,99,95,91,86,119,90,91,89,94,85,92,86,45,103,85,101,97,97,97,98,92.0,93.0,13.224976370489287
139,V,10,19,27,8,21,2,1,1,5,2,0,1,0,2,6,1,0,0,0,0,5.3,1.5,7.7788173908377605
140,T,47,37,45,44,59,65,68,68,80,64,37,40,38,58,62,70,70,66,69,68,57.75,63.0,13.133449661075343
141,N,13,31,41,10,28,24,26,30,31,26,12,29,31,37,13,19,25,17,16,19,23.9,25.5,8.472897969408105
142,A,4,0,0,17,0,0,0,0,0,0,0,0,1,1,0,0,0,0,0,0,1.15,0.0,3.7453304260105
143,V,6,0,0,8,0,0,0,0,0,0,0,0,0,0,0,0,0,0,0,0,0.7,0.0,2.1236760581595293
144,I,12,5,11,18,1,0,0,0,0,0,1,2,0,1,0,0,0,0,0,0,2.55,0.0,4.9545433694741225
145,T,8,3,0,15,0,0,0,0,0,0,2,0,3,3,2,0,0,0,0,0,1.8,0.0,3.6000000000000005
146,V,3,13,11,17,2,1,2,0,3,0,3,0,3,2,3,0,0,0,0,0,3.15,2.0,4.682680856090879
147,P,12,1,8,50,14,4,2,4,2,4,7,9,7,6,8,0,0,0,0,0,6.9,4.0,10.695326081985534
148,A,22,26,22,12,26,2,2,5,1,4,3,10,22,11,21,0,0,0,1,1,9.55,4.5,9.609760662992601
149,Y,153,102,45,94,72,2,0,4,0,5,29,35,154,47,52,45,43,47,62,28,50.95,45.0,44.379584270247506
150,F,20,5,23,61,14,12,14,7,9,11,11,3,14,20,14,2,1,4,4,5,12.7,11.0,12.688971589533958
151,N,56,72,97,50,112,2,0,0,0,0,39,110,79,107,77,29,21,24,33,31,46.95,36.0,38.62573623893789
152,D,107,110,93,93,155,10,11,2,0,3,6,116,126,71,117,13,7,12,9,8,53.45,12.5,53.18503078874732
153,S,91,81,64,41,52,0,0,1,0,0,56,79,67,23,59,28,10,19,6,6,34.15,25.5,30.97785499352723
154,Q,16,13,16,28,1,0,4,0,3,3,6,21,9,22,5,3,3,4,7,3,8.35,4.5,7.951572171589715
155,R,44,64,125,54,59,16,11,28,9,20,8,61,56,44,56,27,5,7,11,9,35.7,27.5,29.329336848964044
156,Q,125,126,89,77,121,38,26,28,37,33,30,118,96,19,93,33,25,37,15,14,59.0,37.0,40.17959681231259
157,A,8,25,17,5,0,0,0,6,0,1,3,4,4,1,8,4,2,3,3,4,4.9,3.5,5.999166608788257
158,T,31,21,16,17,5,4,4,0,2,0,8,7,9,13,7,2,3,1,1,1,7.6,4.5,8.002499609497022
159,K,91,105,81,119,118,56,61,65,59,63,28,114,91,5,62,59,53,57,57,59,70.15,61.5,28.515390581228235
160,D,85,97,78,81,69,47,54,54,57,63,69,70,70,6,73,10,9,11,9,9,51.05,60.0,29.636927978452828
161,A,1,9,2,3,0,1,0,0,1,0,0,0,0,4,0,0,0,0,0,0,1.05,0.0,2.1324868112136133
162,G,5,0,7,4,0,0,0,0,0,0,0,0,0,0,0,0,0,0,0,0,0.8,0.0,1.9646882704388502
163,V,118,52,107,99,91,90,84,82,86,85,34,94,104,13,103,61,60,61,63,61,77.4,84.5,25.6542394157379
164,I,73,130,113,92,108,101,98,100,101,103,80,96,103,61,99,5,4,6,6,6,74.25,97.0,42.056955429512485
165,A,40,5,25,5,31,13,16,14,15,14,24,23,23,35,26,7,6,8,7,7,17.2,14.5,10.351811435686027
166,G,69,48,54,45,27,59,56,51,57,58,25,45,46,42,55,40,31,42,42,40,46.6,45.5,10.905961672406518
167,L,16,3,7,38,8,3,2,4,3,3,9,6,7,5,8,5,5,6,6,5,7.45,5.5,7.618890995413966
168,N,92,97,107,81,78,98,91,93,99,91,4,96,92,32,91,91,93,93,92,91,85.1,92.0,23.524242814594476
169,V,41,26,42,68,48,5,9,8,6,5,5,30,35,3,25,14,10,14,13,12,20.95,13.5,17.451289350646846
170,L,108,81,55,81,65,40,40,40,38,44,0,109,83,0,31,46,48,47,48,50,52.7,47.5,28.13734173656069
171,R,133,25,70,72,35,29,25,30,22,39,10,84,95,53,81,60,55,60,57,57,54.6,56.0,28.848570155208733
172,I,7,80,39,71,56,6,2,5,3,5,5,52,18,17,13,16,5,3,3,3,20.45,6.5,24.187755166612714
173,I,9,4,2,12,1,0,0,0,0,0,1,0,1,7,4,3,3,5,4,4,3.0,2.5,3.22490309931942
174,N,51,36,62,75,45,5,3,11,3,16,7,38,42,13,41,6,3,2,4,2,23.25,12.0,22.556318405271725
175,E,6,17,9,19,15,7,6,6,6,6,11,20,12,13,13,8,9,8,7,8,10.3,8.5,4.405678154382138
176,P,4,11,0,4,9,5,1,5,0,6,1,3,8,3,4,0,0,0,0,0,3.2,3.0,3.2802438933713454
177,T,18,19,15,11,26,0,0,0,0,0,2,10,21,2,15,2,0,0,1,1,7.15,2.0,8.557306819321134
178,A,0,1,0,8,0,0,0,0,0,0,0,0,0,0,0,0,0,0,0,0,0.45,0.0,1.7457090250096092
179,A,1,2,0,9,0,0,0,0,0,0,0,0,3,1,0,0,0,0,0,0,0.8,0.0,2.039607805437114
180,A,2,2,0,1,6,1,5,3,3,4,0,1,3,0,3,0,0,0,0,0,1.7,1.0,1.8193405398660252
181,I,18,4,5,4,28,1,0,0,1,0,1,2,4,0,1,0,0,0,4,0,3.65,1.0,6.850364953781659
182,A,0,7,17,1,7,11,6,9,3,0,12,3,11,2,1,10,8,9,5,7,6.45,7.0,4.47744346697979
183,Y,2,12,60,11,24,12,8,20,3,10,0,4,4,8,9,8,7,7,6,7,11.1,8.0,12.493598360760602
184,G,5,11,44,9,50,4,5,16,14,9,20,8,9,13,9,9,9,9,9,8,13.5,9.0,11.779218989389747
185,L,2,112,24,42,73,18,6,27,16,16,67,64,80,11,80,24,30,16,32,18,37.9,25.5,29.728605752708955
186,D,17,54,94,34,82,128,82,113,99,68,96,107,90,46,77,116,124,123,124,126,90.0,95.0,31.816662301379132
187,R,95,122,92,176,125,91,116,178,134,119,27,103,71,26,63,97,117,101,110,98,103.05,102.0,37.51862870628403
188,T,106,60,14,47,96,24,81,34,26,30,123,94,123,146,109,142,143,143,144,144,91.45,101.0,46.8449303553757
189,G,34,22,102,41,67,71,38,61,41,63,18,24,29,17,47,54,56,56,55,48,47.2,47.5,20.333715843396647
190,K,172,169,122,210,182,138,209,195,218,171,172,213,164,200,230,219,218,222,208,223,192.75,204.0,29.349403741813905
191,G,67,58,49,49,56,27,34,22,24,60,61,32,63,52,34,42,41,43,39,41,44.7,42.5,13.122880781291888
192,E,147,145,101,116,22,115,112,111,117,107,141,135,106,96,126,116,119,114,118,113,113.85,115.5,25.006549142174734
193,R,61,57,35,60,119,93,85,85,88,92,12,39,62,38,9,101,95,104,96,110,72.05,85.0,31.48884723199629
194,N,24,11,33,38,64,18,18,19,22,20,15,13,31,50,34,16,15,12,9,13,23.75,18.5,13.827056809024834
195,V,4,0,3,1,14,5,5,15,13,14,0,0,0,0,3,0,0,0,0,0,3.85,0.5,5.359804100897719
196,L,5,0,0,7,2,0,0,1,0,0,1,4,4,0,0,0,0,0,0,0,1.2,0.0,2.0396078054371136
197,I,5,0,1,6,6,1,0,2,0,1,2,0,5,2,3,0,0,0,0,0,1.7,1.0,2.1
198,F,1,4,0,3,3,1,0,6,0,0,0,2,1,0,0,0,1,0,1,0,1.15,0.5,1.6209565077447325
199,D,8,8,1,3,16,12,11,11,9,8,4,1,7,8,6,5,5,6,7,7,7.15,7.0,3.5535193822462827
200,L,1,6,5,20,5,1,0,0,0,0,1,2,1,1,0,0,0,0,0,0,2.15,0.5,4.486368241685027
201,G,16,8,2,21,1,9,12,13,9,13,6,15,9,11,7,11,11,13,12,12,10.55,11.0,4.443815927780987
202,G,5,14,9,21,14,17,13,9,18,6,11,7,7,12,4,12,13,18,22,21,12.65,12.5,5.378429138698398
203,G,6,3,6,12,9,5,1,3,1,1,2,1,3,4,1,0,0,0,0,0,2.9,1.5,3.2078029864690882
204,T,7,6,7,7,12,6,9,1,5,5,5,7,12,11,4,7,6,9,9,8,7.15,7.0,2.632014437650371
205,F,0,11,1,4,7,2,0,5,0,0,1,0,1,0,2,0,0,0,0,0,1.7,0.0,2.86530975637888
206,D,7,1,3,1,11,1,0,2,1,0,1,0,7,1,1,1,1,1,0,0,2.0,1.0,2.8460498941515415
207,V,2,1,0,1,1,0,0,0,0,0,0,1,3,0,0,0,0,0,0,0,0.45,0.0,0.8046738469715542
208,S,3,2,4,2,4,0,0,2,0,0,1,3,5,3,1,1,1,1,1,1,1.75,1.0,1.4448183276799889
209,I,8,1,1,15,1,0,0,0,0,0,0,1,1,2,0,0,0,0,0,0,1.5,0.0,3.556683848755748
210,L,9,1,0,4,6,0,0,0,0,0,0,1,2,1,2,0,0,0,0,0,1.3,0.0,2.3473389188611002
211,T,26,6,8,12,24,14,11,15,14,5,57,23,22,21,26,8,8,9,9,7,16.25,13.0,11.60980189322798
212,I,41,11,1,2,30,7,21,5,7,8,8,7,13,6,3,21,21,23,22,23,14.0,9.5,10.406728592598157
213,D,100,60,50,79,53,76,85,82,80,78,70,73,46,74,82,67,70,70,59,69,71.15,71.5,12.626460311583767
214,D,78,100,125,81,127,103,140,105,125,109,111,102,65,97,130,150,152,147,120,141,115.4,115.5,24.029981273400942
215,G,43,30,33,40,34,1,13,9,5,4,38,12,9,29,39,26,25,24,19,24,22.85,24.5,12.82292868263721
216,I,65,90,89,110,86,67,58,65,71,54,113,79,98,62,86,69,70,66,65,68,76.55,69.5,16.277207991544497
217,F,52,23,9,10,126,0,1,0,0,0,18,1,23,4,42,5,5,6,4,6,16.75,5.5,28.68078625142623
218,E,115,132,77,115,82,54,49,43,59,64,90,77,103,68,102,52,56,57,59,59,75.65,66.0,25.02853371654041
219,V,74,94,16,96,42,7,2,7,2,10,6,67,56,3,60,2,3,1,1,2,27.55,7.0,33.06278118973054
220,K,94,114,73,102,82,73,75,76,74,67,60,93,92,82,92,62,62,66,65,59,78.15,74.5,14.9775665580227
221,A,20,28,11,25,16,0,1,0,2,0,7,17,17,18,19,0,0,0,0,0,9.05,4.5,9.656474511953105
222,T,60,69,62,43,42,17,7,12,6,18,25,53,45,49,51,2,0,0,0,1,28.1,21.5,23.80525152146055
223,A,12,18,4,4,8,1,0,1,0,0,15,12,13,15,12,0,1,0,0,0,5.8,2.5,6.329296959378664
224,G,5,24,43,14,16,0,0,0,0,1,29,22,27,23,27,16,13,15,15,19,15.45,15.5,11.569248030879102
225,D,50,50,42,50,42,26,48,22,21,23,35,22,42,37,34,68,68,67,65,65,43.85,42.0,16.10985723090059
226,T,27,22,76,68,43,16,2,7,1,17,23,74,33,57,23,18,17,20,16,33,29.65,22.5,22.032419295211316
227,H,120,72,28,86,155,104,66,78,64,80,88,132,95,109,96,26,23,30,31,44,76.35,79.0,36.90972094177901
228,L,7,10,10,16,9,4,2,15,4,3,5,2,2,2,5,5,5,4,4,4,5.9,4.5,3.998749804626441
229,G,0,1,7,10,1,0,0,0,0,0,1,1,0,0,0,0,0,0,0,0,1.05,0.0,2.5588083163847974
230,G,7,13,2,7,5,2,2,2,3,6,1,3,1,3,1,2,2,2,2,2,3.4,2.0,2.853068523537421
231,E,36,24,8,19,35,37,24,41,42,49,6,9,6,24,6,15,15,16,18,23,22.65,21.0,12.993363690746133
232,D,23,23,4,7,26,30,25,20,30,32,39,24,19,46,35,24,23,26,23,21,25.0,24.0,9.214119599831555
233,F,6,3,2,4,23,0,0,0,0,0,1,1,0,2,0,0,0,0,0,0,2.1,0.0,5.058655947976696
234,D,11,12,2,30,7,8,8,22,16,20,2,3,2,1,6,0,0,12,10,8,9.0,8.0,7.835815209663893
235,N,43,50,16,41,60,47,40,47,38,49,39,38,30,34,29,18,16,17,17,23,34.6,38.0,12.951447795516916
236,R,71,109,53,86,108,116,121,78,113,80,106,105,103,91,115,72,71,80,75,74,91.35,88.5,19.165789835015932
237,L,6,2,12,1,6,0,0,0,0,0,0,1,0,0,0,0,0,0,0,0,1.4,0.0,3.0232432915661955
238,V,11,19,15,18,28,1,1,1,1,1,15,7,12,8,14,4,4,4,4,3,8.55,5.5,7.446307809914926
239,N,88,107,58,75,65,93,97,101,93,99,97,95,83,95,83,84,85,81,90,91,88.0,90.5,11.610340218959994
240,H,32,22,49,33,88,48,67,77,61,79,37,27,25,71,41,47,44,26,40,38,47.6,42.5,19.26239860453521
241,F,13,4,6,1,12,0,1,3,1,1,0,0,0,1,1,0,0,0,0,0,2.2,1.0,3.762977544445355
242,V,18,17,33,23,36,16,13,15,11,15,16,9,25,7,12,12,12,21,12,9,16.6,15.0,7.4859869088851605
243,E,76,109,65,89,94,96,83,81,99,80,80,84,78,79,86,112,112,131,113,113,93.0,87.5,16.56804152578089
244,E,29,11,34,23,74,26,35,29,32,36,28,32,49,32,27,19,21,15,24,18,29.7,28.5,13.099999999999998
245,F,9,7,11,5,2,0,0,0,0,0,7,0,5,1,6,0,0,0,0,0,2.65,0.0,3.5394208565809184
246,K,98,122,74,103,111,94,91,84,97,79,73,72,119,73,72,80,83,104,80,81,89.5,83.5,15.435349040433131
247,R,188,171,103,166,183,170,175,173,171,173,179,201,176,167,206,158,152,146,155,154,168.35,171.0,21.09093407130182
248,K,144,100,161,137,99,132,124,130,127,130,121,133,160,136,117,93,90,102,89,102,121.35,125.5,21.251529356731012
249,H,42,87,93,57,50,75,74,75,73,76,51,55,84,52,47,66,63,65,64,62,65.55,64.5,13.621582140118672
250,K,174,197,129,190,163,163,157,166,165,164,174,195,196,170,191,168,170,171,171,172,172.3,170.5,15.54380905698471
251,K,8,25,54,33,43,68,77,70,71,71,23,55,69,46,38,68,69,65,69,67,54.45,66.0,19.386786737363156
252,D,70,43,46,40,59,64,26,42,51,46,38,45,51,40,38,57,63,63,60,61,50.15,48.5,11.226197040850478
253,I,3,2,2,1,3,0,0,0,0,0,1,5,7,2,4,0,0,0,0,0,1.5,0.5,1.9621416870348585
254,S,89,70,41,86,75,54,76,74,62,58,67,74,76,73,72,53,52,54,53,52,65.55,68.5,12.567716578599313
255,Q,137,124,155,81,168,168,157,156,169,159,145,153,132,141,139,169,171,169,169,168,151.5,156.5,21.411445537375563
256,N,66,28,58,76,51,57,53,55,54,50,48,50,39,56,55,63,60,59,60,58,54.8,55.5,9.537295214053092
257,K,48,159,94,97,152,126,128,131,120,133,96,130,96,106,103,90,86,89,91,134,110.45,104.5,25.778818824763867
258,R,39,133,109,95,102,115,138,118,117,122,72,112,107,115,101,137,132,135,130,167,114.8,116.0,25.99538420566236
259,A,16,5,13,0,1,1,2,1,3,1,4,5,1,2,1,1,1,1,2,2,3.15,1.5,4.04073013204297
260,V,23,16,24,25,49,18,21,21,20,20,45,30,42,37,32,30,30,26,28,26,28.15,26.0,8.838976185056726
261,R,2,17,28,6,20,32,23,36,33,53,14,14,8,29,8,16,15,12,8,28,20.1,16.5,12.27558552574988
262,R,123,82,112,52,77,87,87,88,99,72,76,95,88,84,32,72,68,67,64,84,80.45,83.0,19.399677832376497
263,L,15,1,14,2,5,0,0,0,0,0,6,1,0,0,8,0,0,0,0,0,2.6,0.0,4.565084884205331
264,R,31,14,5,30,9,50,48,74,59,62,15,11,22,29,12,14,14,23,24,24,28.5,23.5,19.24967532193725
265,T,17,11,53,28,17,34,38,28,37,24,37,27,24,57,22,49,57,54,51,71,36.8,35.5,16.04867595784774
266,A,21,3,9,16,0,13,15,16,15,16,11,14,22,14,17,20,21,20,20,18,15.05,16.0,5.6522119563937085
267,C,6,0,2,0,2,0,0,0,0,0,0,0,0,0,0,0,0,0,0,0,0.5,0.0,1.396424004376894
268,E,4,43,33,12,24,21,17,26,26,27,16,29,16,41,13,33,37,23,16,31,24.4,25.0,9.961927524329816
269,R,149,137,109,135,123,163,160,158,162,164,169,160,136,172,160,176,178,191,191,195,159.4,161.0,22.134588317834147
270,A,1,6,9,4,8,3,3,2,4,3,11,8,11,4,1,2,2,2,2,1,4.35,3.0,3.213642792844283
271,K,31,27,36,57,17,13,10,10,10,13,22,17,12,8,18,21,19,18,18,18,19.75,18.0,11.044795154279685
272,R,86,114,179,99,166,108,105,104,100,110,155,141,104,120,108,126,126,127,121,124,121.15,117.0,22.948365954899703
273,T,75,73,78,70,76,63,63,63,66,62,94,89,86,57,54,55,54,53,53,50,66.7,63.0,12.68897158953396
274,L,10,0,11,7,6,5,6,6,5,6,9,7,8,1,4,2,2,1,1,2,4.95,5.5,3.1539657575820317
275,S,58,25,49,59,18,32,23,23,22,26,51,36,44,10,20,32,32,27,29,31,32.35,30.0,13.073924429948338
276,S,66,86,95,96,67,98,94,96,104,98,107,85,79,91,93,100,97,98,96,98,92.2,96.0,10.533755265810955
277,S,61,43,41,42,41,39,39,39,44,40,43,43,74,62,99,52,51,52,53,50,50.4,43.5,14.368020044529448
278,T,97,110,115,119,78,100,100,98,98,98,132,114,89,112,50,100,107,100,101,99,100.85,100.0,16.143961719478895
279,Q,116,130,149,122,152,104,106,108,109,108,160,146,119,62,159,128,106,129,125,124,123.1,123.0,22.580744009000234
280,A,23,8,49,28,19,5,6,6,7,5,37,13,15,33,18,6,5,6,6,6,15.05,7.5,12.499899999599997
281,S,71,85,58,53,90,59,57,59,58,64,81,60,80,73,102,74,73,72,70,73,70.6,71.5,12.318279100588688
282,L,41,23,45,28,23,3,3,3,2,4,33,6,6,2,29,2,3,3,3,3,13.25,3.5,14.369672925992436
283,E,166,104,119,145,169,132,140,144,130,134,103,147,131,140,132,132,129,134,133,134,134.9,133.5,15.562454819211524
284,I,67,16,21,21,26,14,10,14,15,9,33,17,9,8,42,10,10,10,10,10,18.6,14.0,14.086873322352266
285,D,129,82,124,143,129,139,99,112,135,99,101,104,107,85,94,93,95,93,90,94,107.35,100.0,18.47775689849826
286,S,83,97,82,41,60,39,70,54,37,61,76,56,76,57,86,63,62,65,63,62,64.5,62.5,15.344380078712858
287,L,38,18,23,11,27,2,0,3,6,3,10,16,4,6,22,6,7,6,7,6,11.05,6.5,9.646113206882863
288,F,37,29,55,15,17,37,53,25,34,45,70,85,69,59,9,26,27,29,27,29,38.85,31.5,19.76176864554385
289,E,182,116,172,178,125,138,109,134,131,121,138,137,118,106,105,128,127,126,127,128,132.3,127.5,21.201650879117878
290,G,65,65,66,72,60,55,47,54,58,51,49,63,61,50,75,56,55,56,55,56,58.45,56.0,7.248965443427082
291,I,106,33,21,97,47,33,23,38,38,30,54,54,67,62,50,36,36,38,37,36,46.8,38.0,21.623135757794238
292,D,99,80,126,87,65,88,103,95,91,95,69,94,69,96,81,64,66,63,68,63,83.1,84.0,16.720944949374125
293,F,30,9,18,8,2,5,6,8,4,9,4,2,5,1,4,1,1,1,1,0,5.95,4.0,6.902716856426897
294,Y,181,112,150,146,95,115,129,125,112,127,119,128,119,117,125,120,122,122,121,124,125.45,122.0,16.971962172948658
295,T,25,12,22,8,24,10,12,10,11,11,2,2,17,6,11,24,22,21,20,21,14.55,12.0,7.214395331557593
296,S,55,70,67,32,90,43,34,33,33,50,58,47,47,80,60,74,54,75,75,73,57.5,56.5,17.101169550647697
297,I,9,12,17,4,15,0,3,3,3,5,9,4,5,11,3,5,4,6,6,5,6.45,5.0,4.271709259769443
298,T,10,45,36,40,41,53,34,35,32,46,29,43,29,34,38,67,63,67,68,65,43.75,40.5,15.293380921169785
299,R,87,78,116,86,89,69,69,74,85,76,72,73,93,74,85,53,53,48,51,53,74.2,74.0,16.59397481015323
300,A,57,42,73,39,53,54,54,58,57,59,48,48,49,40,55,68,69,70,72,69,56.7,56.0,10.402403568406678
301,R,79,115,86,89,141,53,136,137,133,149,111,111,109,110,87,86,90,93,116,91,106.1,109.5,24.039342753078756
302,F,19,5,15,9,14,5,4,6,8,7,4,13,8,6,6,4,4,2,3,3,7.25,6.0,4.481908075808784
303,E,61,13,25,59,82,49,53,56,70,57,35,23,36,49,34,45,43,44,43,44,46.05,44.5,15.819213001916372
304,E,141,124,115,147,104,150,146,150,153,123,138,136,120,115,141,112,109,114,123,115,128.8,123.5,15.48095604282888
305,L,55,36,72,57,42,21,29,43,33,42,29,27,17,40,30,37,36,34,34,34,37.4,35.0,12.28576411950026
306,C,5,0,4,4,21,1,1,0,0,0,2,2,2,1,1,0,0,0,0,0,2.2,1.0,4.567274898667693
307,S,42,31,28,46,59,21,26,44,22,22,37,43,36,35,38,49,50,40,27,37,36.65,37.0,10.110761593470592
308,D,127,69,25,124,164,113,115,88,103,96,129,123,118,133,122,80,78,73,75,74,101.45,108.0,30.568734026779715
309,L,8,31,8,8,78,32,34,0,25,11,40,30,30,42,38,27,29,29,30,28,27.9,29.5,16.275441622272496
310,F,51,2,13,54,101,0,0,2,1,0,8,14,9,12,8,1,1,0,0,0,13.85,2.0,25.110306648864327
311,R,166,194,98,156,182,160,162,151,159,158,162,153,162,164,158,174,174,166,167,162,161.4,162.0,17.52826289168439
312,S,49,47,7,20,11,61,51,37,41,35,27,37,28,23,37,31,36,30,28,31,33.35,33.0,12.677834988672158
313,T,12,10,3,2,8,2,0,6,0,0,2,2,0,2,2,1,1,2,1,1,2.85,2.0,3.3357907608241866
314,L,42,30,9,66,18,35,35,38,35,36,42,46,39,39,51,30,35,31,29,31,35.85,35.0,11.283948776913162
315,E,97,73,28,84,57,87,90,113,119,96,87,86,91,89,84,134,138,135,134,136,97.9,90.5,28.154750931237167
316,P,3,0,2,2,0,4,4,4,1,2,2,0,4,1,2,16,15,15,14,15,5.3,2.5,5.74543296888929
317,V,11,1,0,3,1,0,0,2,0,0,2,6,3,0,0,0,0,0,0,0,1.45,0.0,2.67348087705897
318,E,87,63,59,76,50,71,77,80,65,87,76,80,77,77,82,83,93,80,80,84,76.35,78.5,10.0611878026404
319,K,42,65,46,107,92,39,30,63,24,34,88,99,100,80,88,43,55,51,57,55,62.9,56.0,24.949749497740452
320,A,3,1,1,3,0,0,0,0,0,0,0,3,3,4,0,0,0,0,0,0,0.9,0.0,1.3747727084867523
321,L,19,5,15,23,8,8,8,10,3,7,22,28,19,25,32,10,10,10,11,11,14.2,10.5,7.99124520960282
322,R,131,179,155,169,178,156,149,160,139,155,174,168,176,172,169,150,137,151,149,148,158.25,155.5,13.945877527068708
323,D,133,124,27,112,109,40,45,42,32,36,71,116,119,115,107,42,52,48,45,30,72.25,50.0,37.786075477614766
324,A,22,25,7,49,29,22,22,22,20,23,7,26,26,25,22,17,16,16,16,18,21.5,22.0,8.446892919884801
325,K,178,186,205,158,185,178,177,179,179,177,178,173,184,186,179,187,180,184,186,183,181.1,179.5,8.336066218546973
326,L,36,27,35,45,38,34,35,35,33,31,18,24,29,35,15,25,25,28,24,27,29.95,30.0,6.946042038456145
327,D,76,115,86,97,107,90,92,90,92,91,110,92,113,100,108,120,119,99,118,118,101.65,99.5,12.681778266473517
328,K,105,77,53,89,77,64,66,71,59,64,100,94,112,77,111,72,74,61,70,70,78.3,73.0,17.14088679152861
329,A,51,89,39,35,58,65,65,66,65,66,97,91,90,76,85,83,92,74,82,81,72.5,75.0,17.027918252094118
330,Q,114,100,97,127,104,94,93,95,95,98,89,73,87,97,90,82,84,89,83,81,93.6,93.5,11.723480711802276
331,I,3,11,0,4,6,1,1,1,0,0,4,10,0,3,6,0,0,0,0,0,2.5,1.0,3.3241540277189325
332,H,102,84,82,109,133,85,70,81,84,94,87,86,107,74,100,75,67,80,71,82,87.65,84.0,15.57329444915237
333,D,2,28,21,8,36,18,47,44,39,43,0,28,1,3,12,17,17,20,17,22,21.15,19.0,14.44048129391815
334,L,0,4,0,0,2,0,2,0,0,0,0,2,0,0,0,0,1,0,0,0,0.55,0.0,1.071214264281427
335,V,1,1,6,7,11,0,1,1,1,0,0,1,0,0,0,0,0,0,0,0,1.5,0.0,2.8896366553599777
336,L,7,15,1,32,15,6,1,4,6,5,6,6,5,1,0,9,8,9,9,6,7.55,6.0,6.85182457452028
337,V,2,0,0,26,4,3,0,4,0,4,1,3,9,1,0,1,0,1,1,1,3.05,1.0,5.687486263719677
338,G,3,15,0,32,1,3,1,2,2,2,2,2,6,1,0,8,9,9,9,10,5.85,2.5,7.240683669378189
339,G,19,16,4,65,19,19,16,14,17,26,45,24,18,11,14,30,31,29,30,29,23.8,19.0,12.948358969382955
340,S,6,24,9,18,29,6,12,13,6,4,10,23,20,22,13,10,10,11,11,10,13.35,11.0,6.776983104597502
341,T,0,1,0,9,1,4,2,1,3,3,0,3,4,1,1,3,3,2,3,1,2.25,2.0,1.9968725547715858
342,R,122,90,99,23,112,101,128,136,98,143,127,120,136,103,95,99,102,115,113,110,108.6,111.0,24.567051105087888
343,I,10,9,10,49,4,11,12,10,8,9,21,7,18,9,15,5,4,4,3,4,11.1,9.0,9.863569333664158
344,P,16,18,46,31,54,36,38,40,41,38,20,21,34,47,34,37,38,37,36,38,35.0,37.0,9.544631999192006
345,K,38,41,52,36,52,55,57,62,54,52,67,46,43,67,65,59,68,56,60,56,54.3,55.5,9.333273809333999
346,V,12,12,1,6,11,0,1,10,0,0,0,0,0,0,0,2,1,2,2,1,3.05,1.0,4.329838334164453
347,Q,55,75,59,81,22,35,31,30,37,35,30,39,44,22,42,31,31,31,30,33,39.65,34.0,15.63737509942126
348,K,99,78,95,87,107,107,102,104,102,105,82,74,97,107,97,112,99,112,110,109,99.25,102.0,10.843777017257409
349,L,29,31,9,1,12,32,27,29,26,28,25,33,19,43,28,22,24,23,23,25,24.45,25.5,8.879611477987085
350,L,4,7,0,3,5,2,0,6,0,1,2,2,2,2,0,2,1,2,1,1,2.15,2.0,1.930673457630782
351,Q,50,68,122,83,81,61,60,54,60,57,53,48,69,27,33,59,49,57,57,56,60.2,57.0,19.067249408344143
352,D,123,117,85,119,100,85,83,86,84,85,100,115,88,83,83,93,76,91,92,91,93.95,89.5,13.529504795076575
353,F,46,59,91,23,27,31,35,36,29,32,64,62,62,122,64,20,34,21,21,20,44.95,34.5,26.148565926260662
354,F,8,2,1,3,5,6,7,2,6,6,4,17,0,4,0,7,11,7,6,7,5.45,6.0,3.8402473878644847
355,N,112,173,77,66,99,122,122,113,121,122,116,103,59,84,80,140,140,142,140,140,113.55,118.5,28.56129373820451
356,G,42,53,38,61,45,36,37,37,36,36,30,66,39,48,50,49,48,49,49,49,44.9,46.5,8.825531145489203
357,R,86,57,107,82,88,103,104,102,103,104,91,114,17,92,28,86,77,80,76,79,83.8,87.0,24.416387939250967
358,D,96,119,67,107,89,119,123,123,121,119,107,115,136,130,150,134,135,131,134,136,119.55,122.0,18.67745967737583
359,L,17,30,45,40,46,20,21,21,18,18,27,23,40,39,13,18,18,17,19,16,25.3,20.5,10.392785959500946
360,N,84,53,21,74,46,24,33,32,20,25,50,54,37,51,57,21,21,23,18,19,38.15,32.5,19.01913510126052
361,K,90,137,46,106,121,128,126,125,127,129,133,98,109,125,62,133,130,138,136,140,116.95,126.5,24.842453582526826
362,S,37,15,112,38,56,91,91,90,72,71,59,56,40,67,92,85,80,75,78,80,69.25,73.5,23.019285392904795
363,I,14,14,43,51,68,31,34,32,32,17,19,18,15,18,41,26,25,28,23,26,28.75,26.0,13.40475661845451
364,N,72,92,78,86,67,67,66,62,63,65,92,66,48,77,67,62,59,60,61,62,68.6,66.0,10.983624174196786
365,P,21,50,28,58,16,13,17,18,23,21,27,23,98,27,31,24,24,20,19,21,28.95,23.0,19.02754582178164
366,D,29,60,16,46,21,48,43,38,32,43,73,40,34,57,33,56,58,55,56,55,44.65,44.5,14.072224415493096
367,E,10,3,19,7,16,25,28,42,42,44,34,1,36,3,41,31,32,27,25,24,24.5,26.0,13.603308421115798
368,A,0,8,4,20,0,0,0,0,0,0,4,2,1,2,5,4,4,4,4,4,3.3,3.0,4.428317965096905
369,V,1,11,1,9,1,4,1,1,2,2,3,1,3,3,1,5,5,5,5,5,3.45,3.0,2.71062723368596
370,A,0,3,0,0,0,0,0,0,0,0,1,0,0,1,0,0,0,0,0,0,0.25,0.0,0.698212002188447
371,Y,3,60,52,53,67,61,40,65,59,47,75,37,42,41,38,50,50,47,56,49,49.6,50.0,14.616429112474771
372,G,0,0,0,0,0,0,0,1,0,0,1,0,0,0,0,0,0,0,0,0,0.1,0.0,0.30000000000000004
373,A,0,0,0,7,0,0,0,0,0,0,0,0,0,0,0,0,0,0,0,0,0.35,0.0,1.5256146302392364
374,A,0,0,0,4,0,0,0,0,0,0,0,7,0,0,0,0,0,0,0,0,0.55,0.0,1.7168284713389397
375,V,6,9,27,7,35,3,0,1,4,2,23,9,17,0,4,0,0,0,0,0,7.35,3.5,9.96130011594872
376,Q,29,0,0,16,10,6,2,6,5,2,2,16,5,8,0,3,9,3,5,5,6.6,5.0,6.814690014960327
377,A,2,0,0,15,0,0,0,0,0,0,0,38,1,0,0,0,0,0,0,0,2.8,0.0,8.70976463516667
378,A,14,12,33,30,38,3,4,3,5,2,38,33,7,6,13,9,8,8,8,7,14.05,8.0,12.24122134429404
379,I,86,13,34,10,83,40,45,43,37,51,43,53,7,33,34,43,43,44,49,40,41.55,43.0,18.990721418629676
380,L,127,25,23,0,16,69,70,65,67,71,6,9,72,9,0,62,65,62,64,64,47.3,63.0,32.936453968209754
381,M,46,66,24,13,61,23,24,27,35,27,59,46,64,10,15,50,42,49,50,49,39.0,44.0,17.161002301730512
382,G,56,13,53,65,46,46,47,40,30,47,2,50,57,35,22,39,42,37,40,41,40.4,41.5,14.565026604850402
383,D,107,33,57,88,50,53,50,52,43,62,158,151,41,119,68,47,54,49,51,50,69.15,52.5,35.32743268339775
384,K,127,154,162,199,171,183,166,181,149,133,152,141,189,144,197,181,177,177,174,176,166.65,172.5,20.130263286902135
385,S,70,58,67,29,33,34,35,34,43,41,32,93,64,23,24,32,32,30,31,33,41.9,33.5,18.041341413542398
386,E,153,54,181,115,184,164,191,164,167,165,153,122,171,176,203,162,167,172,165,161,159.5,165.0,31.089387256747276
387,N,143,75,88,125,121,75,38,58,98,62,89,146,59,43,46,84,94,59,101,91,84.75,86.0,30.701587906816805
388,V,42,80,27,48,42,2,0,2,5,3,118,35,27,3,102,2,2,2,1,1,27.2,4.0,35.0079990859232
389,Q,51,157,124,129,104,117,94,120,89,99,92,158,104,100,4,108,109,107,104,105,103.75,104.5,32.04976598978532
390,D,130,27,133,78,103,103,128,104,126,92,132,131,80,88,39,112,114,113,115,112,103.0,112.0,28.555209682297903
391,L,10,33,22,11,45,15,15,15,12,15,68,21,5,21,10,23,23,22,31,21,21.9,21.0,13.866866985732575
392,L,10,48,57,109,104,81,74,82,73,83,18,92,64,28,48,87,87,90,89,90,70.7,81.5,27.009442793215857
393,L,17,64,30,43,104,2,2,3,2,10,36,45,33,25,28,38,30,28,34,27,30.05,29.0,23.284061071900666
394,L,0,25,116,135,156,32,32,37,30,36,31,85,160,13,117,48,51,52,52,55,63.15,49.5,46.62539544068232
395,D,30,125,146,130,137,5,7,10,8,9,18,144,120,44,70,17,13,15,13,15,53.8,17.5,54.45787362723595
396,V,51,16,45,128,141,8,12,7,9,11,4,137,120,53,50,2,1,2,2,3,40.1,11.5,48.970297119784775
397,A,27,60,48,41,81,3,13,5,2,2,14,62,57,9,13,2,1,5,2,6,22.65,11.0,24.934464100918632
398,P,113,47,121,48,125,15,9,19,2,13,7,109,106,49,38,12,14,19,22,13,45.05,20.5,42.52231766966613
399,L,99,74,107,79,85,0,1,0,0,0,24,153,7,31,5,23,24,23,16,23,38.7,23.0,43.404032070765034
400,S,67,60,68,48,65,15,13,11,13,15,10,56,23,2,74,11,8,7,7,9,29.1,14.0,25.321729798732157
401,L,120,108,123,72,8,0,4,2,0,1,13,28,8,0,2,8,10,15,12,12,27.3,9.0,40.77634117965956
402,G,26,63,4,34,4,0,0,0,0,0,8,48,2,13,15,0,0,0,0,0,10.85,1.0,17.669960384788645
403,L,11,54,6,86,35,6,4,4,3,3,26,100,9,25,8,9,9,4,5,8,20.75,8.5,27.2779672996358
404,E,115,100,61,59,15,59,50,51,52,50,10,101,28,131,119,61,66,63,63,57,65.55,60.0,31.75921126224642
405,T,76,70,60,2,16,18,19,18,25,23,2,77,39,73,36,37,36,40,37,38,37.1,36.5,22.72421615809883
406,A,102,22,81,19,31,66,68,63,67,73,18,34,88,26,69,61,64,62,59,62,56.75,62.5,23.209642392764263
407,G,77,99,44,83,65,16,18,11,13,15,4,19,66,84,97,69,70,68,66,67,52.55,66.0,30.800121753006106
408,G,32,46,47,69,54,14,15,15,15,14,6,0,24,42,65,15,17,19,18,18,27.25,18.0,19.19081811700585
409,V,62,33,48,108,62,14,16,17,17,11,46,2,60,71,64,59,62,60,59,59,46.5,59.0,25.879528589215067
410,M,97,4,34,84,157,22,21,14,11,15,10,92,25,51,109,22,22,22,22,22,42.8,22.0,40.74751526166964
411,T,54,0,60,18,11,30,42,40,41,4,2,62,8,115,99,35,38,34,35,38,38.3,36.5,29.168647551780662
412,A,19,15,50,87,57,37,53,42,42,34,1,32,8,63,56,40,41,40,41,40,39.9,40.5,19.08114252344445
413,L,33,14,98,55,83,8,18,9,10,5,4,71,25,57,65,18,19,18,18,18,32.3,18.0,27.698555919036643
414,I,30,17,125,84,83,1,1,0,0,0,2,90,37,66,60,1,2,1,1,1,30.1,2.0,38.78002062918482
415,K,83,145,56,161,178,76,152,156,150,132,7,173,123,181,144,145,147,146,144,147,132.3,145.5,42.79497634068746
416,R,171,131,71,192,50,100,15,102,16,61,100,203,190,169,115,62,34,40,41,77,97.0,88.5,59.38770916612292
417,N,97,17,53,92,87,48,88,48,91,43,18,103,100,86,11,27,29,30,31,32,56.55,48.0,31.59821988656956
418,S,50,83,55,77,59,14,22,37,23,33,47,112,110,111,2,33,38,31,32,31,50.0,37.5,31.739565214413382
419,T,59,102,58,39,81,46,47,51,43,41,62,112,71,34,22,56,59,60,59,63,58.25,58.5,20.81075443130306
420,I,61,98,114,145,107,17,5,15,7,14,57,105,112,14,16,16,12,16,13,16,48.0,16.0,45.743852045930716
421,P,124,105,43,63,31,85,82,81,67,79,53,115,39,4,78,85,89,90,89,88,74.5,81.5,28.267472472791052
422,T,57,26,107,91,44,19,19,17,16,14,45,70,91,2,6,32,32,31,31,34,39.2,31.5,28.890482862008383
423,K,103,41,151,122,11,131,130,132,138,133,71,124,39,12,11,127,126,130,129,127,99.4,126.5,47.2148281792913
424,Q,15,65,62,100,52,92,86,100,80,89,138,85,48,23,3,85,92,87,86,90,73.9,85.5,31.47999364675921
425,T,87,0,39,70,80,65,73,70,66,64,48,32,12,0,19,63,64,66,68,66,52.6,64.5,25.685404415737743
426,Q,4,29,17,109,138,30,86,79,76,69,159,96,1,1,86,79,82,84,84,82,69.55,80.5,42.48349679581473
427,I,23,127,71,76,155,75,60,65,41,53,16,0,7,6,13,85,86,80,81,76,59.8,68.0,39.866778149230974
428,F,0,34,37,38,178,34,36,25,26,23,31,128,31,0,96,39,39,36,36,36,45.15,36.0,40.997896287492615
429,T,65,25,21,53,48,53,58,55,18,32,2,55,39,0,69,66,68,75,68,73,47.15,54.0,22.755823430497962
430,T,39,11,32,15,23,5,9,8,4,1,0,88,1,6,76,6,6,5,5,5,17.25,6.0,23.83248833000868
431,Y,198,82,83,106,139,98,80,73,70,73,8,71,156,0,156,164,179,159,160,166,111.05,102.0,54.51832260809204
432,S,70,97,18,71,40,52,55,66,66,53,49,92,84,10,64,59,56,57,57,58,58.7,57.5,20.256110189273755
433,D,76,137,32,98,3,44,70,72,75,79,144,139,125,53,136,97,95,97,96,95,88.15,95.0,36.558548931816205
434,N,2,121,22,119,3,147,124,109,120,120,61,64,103,43,126,99,97,95,98,98,88.55,98.5,41.071249067930715
435,Q,54,24,89,133,62,48,47,83,45,52,91,145,49,99,107,42,37,41,41,45,66.7,50.5,32.84524318679952
436,P,2,52,53,59,44,89,81,72,86,72,36,86,95,23,70,96,94,97,95,94,69.8,76.5,26.652579612487795
437,G,39,48,17,13,53,10,13,18,16,13,0,0,39,0,21,8,8,9,10,8,17.15,13.0,15.103890227355334
438,V,136,9,20,32,38,19,26,30,13,15,32,2,12,2,30,24,25,18,13,25,26.05,22.0,27.017540598655536
439,L,106,54,20,15,70,72,76,77,68,77,40,98,130,2,14,88,86,87,94,89,68.15,76.5,33.16666247906171
440,I,7,6,0,120,8,9,10,9,8,8,3,7,9,25,11,8,7,6,12,3,13.8,8.0,24.816526751340525
441,Q,9,14,0,17,119,51,29,28,47,28,13,78,105,95,52,31,32,30,25,28,41.55,29.5,32.18613832071191
442,V,0,2,15,0,8,1,0,1,1,2,39,16,16,0,14,0,0,0,0,0,5.75,1.0,9.663720815503726
443,Y,55,116,24,20,102,22,21,20,22,22,2,1,8,19,163,18,17,16,17,19,35.2,20.0,41.16503370580425
444,E,189,125,71,1,7,5,4,7,0,7,144,5,24,23,3,9,10,20,12,12,33.9,9.5,53.07343968502513
445,G,29,11,19,0,7,1,0,0,2,2,29,10,0,1,10,9,11,10,10,9,8.5,9.0,8.546929273136639
446,E,101,167,131,59,70,40,59,38,61,47,88,31,113,45,105,77,85,90,93,78,78.9,77.5,33.23687710962027
447,R,135,165,137,97,128,29,21,27,23,9,166,102,102,67,30,152,138,171,170,172,102.05,115.0,58.29877786026051
448,A,23,78,41,1,72,18,17,4,4,12,60,31,1,38,11,75,75,74,75,74,39.2,34.5,29.57126984084383
449,M,34,44,76,48,139,10,12,9,13,9,24,46,26,51,62,67,65,66,67,68,46.8,47.0,31.031596800680433
450,T,81,2,17,14,47,3,5,4,4,6,10,21,35,29,6,6,5,5,6,6,15.6,6.0,19.098167451355117
451,K,180,136,118,34,102,155,152,150,152,134,116,22,65,128,62,166,167,166,163,163,126.55,143.0,45.44389397927955
452,D,151,93,63,94,37,56,62,64,61,54,89,42,51,114,68,82,57,90,93,94,75.75,66.0,26.495046706884665
453,N,60,67,8,72,37,16,16,15,14,15,26,4,0,37,73,23,23,22,16,18,28.1,20.0,21.890408858675983
454,N,126,92,135,112,98,18,15,31,40,22,52,34,56,13,25,46,56,75,92,91,61.45,54.0,37.54793602849563
455,L,77,59,3,15,88,61,50,52,50,72,19,8,78,65,54,63,54,53,59,65,52.25,56.5,22.85361021808152
456,L,93,14,22,48,24,6,8,1,0,3,6,8,86,0,14,2,0,9,5,8,17.85,8.0,26.279792617142167
457,G,0,12,26,4,38,16,17,8,9,17,28,5,0,23,6,0,7,1,9,8,11.7,8.5,10.223013254417703
458,R,88,138,1,20,29,171,149,146,129,148,126,113,219,134,25,144,148,150,127,153,117.9,136.0,55.31265677943883
459,F,90,3,69,48,37,20,8,7,29,11,29,145,109,49,79,22,16,17,24,13,41.25,26.5,37.51649637159632
460,E,96,128,0,49,8,122,127,114,117,127,69,45,175,26,104,113,114,112,112,114,93.6,112.5,44.39864862808327
461,L,10,48,18,6,9,2,1,6,11,1,0,3,23,3,126,1,2,3,2,1,13.8,3.0,27.96533568545173
462,S,1,124,8,79,9,85,80,86,80,88,0,49,74,15,51,65,65,63,51,53,56.3,64.0,33.21611054894898
463,G,0,74,41,55,25,24,50,43,39,29,12,56,15,13,55,35,36,48,48,47,37.25,40.0,17.86022116324431
464,I,0,39,32,27,78,3,7,11,8,7,9,98,16,18,165,7,7,9,9,8,27.9,9.0,39.934821897687236
465,P,31,78,91,78,80,54,63,75,66,49,3,70,41,6,60,54,54,54,56,52,55.75,55.0,22.056461638259208
466,P,40,93,79,136,61,73,80,96,78,79,0,118,54,1,111,105,105,105,108,108,81.5,86.5,35.14043255283008
467,A,18,46,56,57,67,23,15,11,22,13,0,80,20,0,36,18,19,20,20,20,28.05,20.0,21.315428684406044
468,P,5,77,31,137,14,73,73,62,68,77,14,92,86,1,44,80,78,80,79,81,62.6,75.0,33.34576434871452
469,R,22,163,177,153,28,50,36,42,35,44,109,228,174,48,185,166,175,165,173,172,117.25,158.0,67.79887535940401
470,G,11,28,64,25,1,44,70,76,15,38,20,72,19,1,45,50,50,42,49,38,37.9,40.0,22.090495693849878
471,V,68,115,122,23,6,84,80,86,76,79,94,129,94,18,89,89,88,91,89,88,80.4,88.0,30.864866758176678
472,P,33,29,30,78,26,1,3,3,3,1,5,47,34,30,70,8,8,5,10,6,21.5,9.0,22.195720308203562
473,Q,43,100,112,118,28,88,75,80,37,26,1,146,92,22,67,101,103,92,98,90,75.95,89.0,36.931659859800504
474,I,5,25,8,27,89,3,5,2,1,1,3,59,24,2,28,2,1,2,2,2,14.55,3.0,22.406416491710587
475,E,22,86,122,13,141,61,65,65,58,59,11,33,46,50,45,56,52,55,58,56,57.7,56.0,30.381079638485527
476,V,22,18,11,86,27,1,1,2,0,1,65,30,19,2,0,2,2,0,0,2,14.55,2.0,22.72548129303316
477,T,35,4,54,122,67,24,25,37,32,27,21,35,19,52,4,10,8,10,10,10,30.3,24.5,27.11291205311595
478,F,160,10,113,80,52,0,0,0,0,0,2,99,6,5,65,0,0,0,0,0,29.6,1.0,46.97914430893778
479,D,5,57,91,154,51,49,53,41,40,49,6,18,19,45,63,62,64,61,61,60,52.45,52.0,31.17767630853846
480,I,54,52,47,36,18,1,5,7,0,5,13,101,21,77,44,6,4,4,6,4,25.25,10.0,27.922884879610844
481,D,97,96,95,85,44,44,48,48,53,88,28,85,59,131,8,48,41,43,47,42,61.5,48.0,28.96981187374195
482,A,109,68,65,59,67,41,33,42,41,34,14,93,66,78,85,49,32,44,41,40,55.05,46.5,23.035787375299332
483,N,108,120,160,117,93,43,28,41,24,30,61,32,128,146,107,47,17,21,23,21,68.35,45.0,46.989653116404256
484,G,31,34,27,20,20,4,9,7,2,5,8,54,25,68,33,16,9,14,10,15,20.55,15.5,16.65975690098748
485,I,84,53,9,144,30,22,17,22,10,24,55,26,121,42,121,29,7,11,8,6,42.05,25.0,41.23648263370677
486,L,89,6,125,145,32,0,0,0,0,0,29,6,95,27,2,2,1,3,2,1,28.25,2.5,44.90197657119339
487,N,35,57,89,19,110,45,54,47,51,53,4,111,56,31,42,44,41,55,42,40,51.3,46.0,25.481561961543882
488,V,87,13,49,27,53,1,1,1,1,0,5,29,24,6,10,0,0,0,0,0,15.35,3.0,22.963612520681497
489,T,40,12,136,7,61,40,44,42,40,42,5,114,18,14,49,43,46,32,42,43,43.5,42.0,31.123142514855406
490,A,21,32,48,94,19,0,0,0,1,0,2,6,5,5,8,0,0,1,0,0,12.1,1.5,22.576315022607204
491,T,7,31,91,76,77,31,43,44,30,40,16,112,11,37,23,32,32,32,31,30,41.3,32.0,26.34406954135978
492,D,96,16,41,104,55,1,1,1,2,1,3,74,47,14,55,1,1,4,1,2,26.0,3.5,33.481338085566414
493,K,60,129,111,69,142,100,103,83,119,92,44,121,99,70,100,99,104,99,94,94,96.6,99.0,22.74510936443261
494,S,67,86,61,95,87,65,75,77,74,69,28,32,75,26,91,87,86,83,87,83,71.7,76.0,20.12486024796197
495,T,120,91,144,141,109,62,63,54,72,63,48,114,109,102,120,57,61,62,69,69,86.5,70.5,29.780026863654776
496,G,74,44,16,48,35,58,52,58,53,55,78,64,54,34,43,54,54,59,53,53,51.95,53.5,13.264520345643863
497,K,198,130,193,173,136,108,106,129,95,110,98,135,118,111,150,109,116,125,89,87,125.8,117.0,30.78733505842946
498,A,25,46,20,73,76,56,58,62,48,58,13,80,46,91,45,59,57,56,56,56,54.05,56.0,18.653350905400348
499,N,55,103,97,54,23,64,60,74,38,62,59,23,74,52,115,61,64,47,54,45,61.2,59.5,22.826738707051433
500,K,148,137,107,60,155,172,173,155,173,171,25,95,103,153,166,165,165,153,167,169,140.6,155.0,40.386136235099286
501,I,13,123,6,54,90,47,49,31,40,49,5,7,122,64,44,34,35,53,16,51,46.65,45.5,32.73724942630336
502,T,30,82,0,24,15,72,68,61,59,62,53,20,99,93,101,48,61,31,52,59,54.5,59.0,27.299267389437397
503,I,17,116,0,9,98,12,12,2,0,6,59,45,52,21,59,3,3,13,1,2,26.5,12.0,33.194125986385
504,T,58,76,1,11,128,73,52,67,50,43,90,32,78,70,57,78,65,97,32,47,60.25,61.5,28.481353549296074
505,N,84,95,1,36,39,0,0,2,0,0,135,11,52,113,52,112,19,138,22,19,46.5,29.0,47.42098691507801
506,D,104,31,24,41,107,25,44,45,22,40,100,90,100,113,65,39,138,28,122,127,70.25,55.0,39.31141691671772
507,K,133,140,163,114,192,96,67,115,76,89,183,132,141,154,146,195,154,174,161,147,138.6,143.5,35.72030235034413
508,G,83,55,17,14,43,8,2,2,4,4,64,54,52,37,46,40,19,17,18,11,29.5,18.5,23.284114756631826
509,R,159,213,97,113,206,5,1,1,0,2,144,204,201,141,214,19,22,43,42,50,93.85,73.5,82.01419084524336
510,L,122,128,51,90,61,9,6,4,8,4,99,23,41,152,117,2,12,14,10,7,48.0,18.5,49.558046773455466
511,S,9,93,41,73,45,6,3,0,1,2,24,76,46,36,44,35,44,40,45,45,35.4,40.5,25.75150481039894
512,K,113,194,72,31,171,1,3,1,1,1,82,115,145,149,167,132,144,150,158,159,99.45,123.5,67.06972118624023
513,E,26,112,21,9,110,2,29,9,26,0,62,60,114,122,131,130,128,128,134,132,74.25,86.0,52.304755997901374
514,E,104,129,62,120,81,16,37,47,65,25,19,47,113,30,4,38,39,39,35,34,54.2,39.0,35.57752099289662
515,I,23,114,25,109,4,0,0,0,0,1,26,101,32,60,35,24,25,28,27,27,33.05,25.5,34.90769972369993
516,E,95,79,35,80,166,6,9,6,1,3,113,100,124,102,111,90,92,105,109,108,76.7,93.5,47.41107465561185
517,R,173,124,28,87,189,92,127,107,127,96,49,65,167,63,55,106,108,105,106,103,103.85,105.5,40.217253760046816
518,M,143,131,22,121,99,30,16,21,15,16,33,108,73,10,14,2,2,1,1,1,42.95,18.5,48.015075757515994
519,V,30,79,11,84,77,32,12,22,9,4,62,75,68,56,58,33,43,35,40,36,43.3,38.0,24.647717947104148
520,Q,101,62,4,48,125,26,39,40,66,35,112,64,119,106,65,127,134,124,113,117,81.35,83.5,39.49211946705317
521,E,113,124,22,145,89,47,50,65,62,67,28,102,129,32,23,66,65,60,56,59,70.2,63.5,34.972274732993846
522,A,22,82,0,87,111,8,13,10,9,10,13,90,110,6,52,20,18,20,20,21,36.1,20.0,36.484106128559596
523,E,101,107,22,127,57,109,112,97,99,105,123,130,93,57,84,127,91,131,131,130,101.65,106.0,28.40118835541922
524,K,143,159,4,93,4,144,133,141,132,146,151,105,132,115,141,125,122,119,120,123,117.6,128.5,40.87590977580805
525,Y,47,183,62,130,90,110,100,107,83,101,44,116,148,68,41,15,13,18,15,14,75.25,75.5,48.306184904212834
526,K,184,151,73,146,45,116,122,120,120,77,75,105,154,5,41,87,71,79,86,84,97.05,86.5,42.06955550038531
527,A,30,102,0,85,37,68,67,66,68,73,58,29,24,28,45,57,56,48,48,49,51.9,52.5,22.83834494879171
528,E,9,184,34,134,69,95,83,83,86,77,59,87,62,61,102,47,46,45,41,47,72.55,65.5,37.36773340731279
529,D,55,152,29,29,87,15,11,11,11,2,23,55,30,28,8,26,26,29,26,31,34.2,27.0,32.94783756181884
530,E,82,187,9,71,43,93,94,87,93,92,87,47,65,56,106,73,72,81,82,87,80.35,82.0,32.749465644495636
531,V,98,143,92,73,42,73,83,67,77,74,37,36,42,104,63,85,85,99,89,100,78.1,80.0,25.60839706033941
532,Q,0,185,51,97,123,38,41,39,40,46,0,107,65,128,57,32,37,25,23,20,57.7,40.5,46.04030842642129
533,R,103,242,66,87,123,97,135,124,116,39,124,123,66,61,84,115,111,138,148,142,112.2,115.5,41.67325281280549
534,E,123,111,21,87,30,97,95,106,96,90,115,38,19,133,74,80,84,96,99,99,84.65,95.5,32.01761234071023
535,R,165,237,92,8,9,24,26,24,24,20,46,129,4,117,132,22,24,31,23,32,59.45,25.0,62.281999807327956
536,V,105,100,30,38,83,6,7,9,6,7,2,82,5,48,92,53,54,48,51,50,43.8,48.0,33.757369565770375
537,S,17,73,77,60,59,74,65,59,50,63,49,40,9,23,65,75,76,77,77,76,58.2,64.0,20.500243900988103
538,A,15,69,29,21,14,5,4,3,4,4,4,41,1,13,26,7,11,9,9,12,15.05,10.0,15.866552870740387
539,K,156,115,23,30,177,35,31,26,25,27,87,98,49,28,112,47,47,46,48,47,62.7,47.0,44.64202056359007
540,N,93,54,92,83,114,44,38,43,16,47,40,142,49,8,120,77,76,74,77,75,68.1,74.5,33.3315166171598
541,A,43,45,6,74,40,31,42,19,30,30,18,6,41,25,40,38,45,36,36,45,34.5,37.0,14.864386970204993
542,L,5,30,14,103,8,0,1,0,1,0,41,8,8,12,18,0,0,0,0,0,12.45,3.0,23.423225653184495
543,E,20,87,36,28,102,29,22,17,18,20,15,58,52,24,118,70,69,65,63,63,48.8,44.0,29.815432245734755
544,S,2,61,15,89,59,60,36,43,29,34,5,37,95,1,46,63,64,62,62,66,46.45,52.5,26.06429550170117
545,Y,121,103,52,12,57,66,15,15,33,38,19,42,77,21,45,44,43,42,40,49,46.7,42.5,27.51199738296004
546,A,2,5,2,7,6,0,0,0,0,0,11,31,0,6,2,0,0,0,0,0,3.6,0.0,7.002856560004639
547,F,17,116,82,88,100,46,42,57,46,32,35,154,94,21,103,90,92,87,88,89,73.95,87.5,34.44920173240593
548,N,44,21,38,78,84,78,72,66,65,62,9,118,102,9,72,102,102,103,100,111,71.8,75.0,32.37375480230861
549,M,42,43,17,7,0,20,10,4,1,16,2,77,7,3,35,26,27,26,25,11,19.95,16.5,18.448509424883085
550,K,16,50,34,106,143,57,53,59,65,56,44,127,87,70,40,56,53,57,60,54,64.35,56.5,29.599451008422434
551,S,45,34,47,136,62,44,54,66,48,52,34,54,75,16,60,74,74,73,76,71,59.75,57.0,23.65982882440192
552,A,23,1,8,26,46,19,10,11,7,7,32,54,36,8,7,35,32,35,34,39,23.5,24.5,15.034959261667456
553,V,36,2,48,5,12,1,0,1,1,1,22,12,5,0,55,4,4,11,4,8,11.6,4.5,15.806327846783388
554,E,114,6,97,49,113,105,95,86,83,107,141,47,95,79,138,94,92,95,96,98,91.5,95.0,29.576172842340505
555,D,96,6,136,87,134,88,89,92,97,83,118,129,129,31,144,90,91,92,92,92,95.8,92.0,32.267011017446286
556,E,108,97,124,192,136,138,157,141,141,147,154,142,114,197,166,139,139,140,135,139,142.3,139.5,23.36257691266098
557,G,75,11,55,81,53,53,43,38,37,54,31,56,34,51,50,48,53,50,52,51,48.8,51.0,14.441606558828555
558,L,88,41,35,101,107,36,33,23,37,43,27,39,105,135,37,42,43,48,42,45,55.35,42.0,31.41221896014352
559,K,90,52,104,69,46,72,80,69,76,82,112,161,44,98,169,138,132,130,144,132,100.0,94.0,37.037818510274064
560,G,69,41,41,47,30,71,73,75,73,68,88,54,66,38,77,80,78,77,81,79,65.3,72.0,16.586440244971193
561,K,137,171,94,194,130,113,98,101,108,113,136,90,163,209,164,151,149,150,143,151,138.25,140.0,32.11055122541499
562,I,61,41,7,48,51,11,3,21,13,12,0,11,17,13,54,14,17,18,20,21,22.65,17.0,17.49935713104913
563,S,14,94,44,53,71,56,55,80,55,55,51,36,90,64,94,54,54,54,57,55,59.3,55.0,18.775249665450524
564,E,71,85,102,135,187,140,130,141,144,142,109,149,104,84,167,143,143,145,148,145,130.7,141.5,28.451889216711077
565,A,73,41,27,56,88,64,64,62,66,67,52,77,74,59,35,72,72,72,72,72,63.25,66.5,14.53229162933362
566,D,59,1,3,24,31,46,46,42,47,48,11,5,32,77,21,62,60,61,64,61,40.05,46.0,22.33713276139084
567,K,101,97,3,58,39,21,42,24,22,29,43,159,14,3,155,40,33,39,43,41,50.3,39.5,43.0744703972086
568,K,21,141,126,130,151,118,108,117,118,116,161,167,124,110,142,132,133,131,131,135,125.6,130.5,28.424285391193216
569,K,16,129,61,95,17,109,111,112,112,112,118,150,137,146,174,119,119,118,122,123,110.0,118.0,37.953919428696686
570,V,10,0,0,62,2,1,0,0,0,0,2,5,1,5,30,0,0,2,0,1,6.05,1.0,14.45155700954053
571,L,48,31,21,3,11,48,36,50,49,40,95,77,50,22,27,39,38,39,41,36,40.05,39.0,19.98368084212716
572,D,101,84,9,97,23,72,70,71,72,72,82,18,78,110,61,91,94,93,94,94,74.3,80.0,27.157135342300005
573,K,35,200,4,32,29,33,38,36,40,40,18,5,72,105,115,29,31,32,29,29,47.6,32.5,44.22148798943789
574,C,57,11,0,12,14,0,0,0,0,0,26,21,10,1,3,0,0,0,0,0,7.75,0.0,13.667022353095058
575,Q,58,127,38,117,169,82,77,89,93,86,103,104,11,68,105,85,87,86,89,86,88.0,86.5,31.327304384514157
576,E,59,101,78,146,1,109,104,109,102,100,91,126,5,108,124,91,86,89,91,91,90.55,95.5,34.249781021197784
577,V,0,1,6,12,4,3,2,3,1,0,16,4,0,7,22,0,0,0,0,0,4.05,1.5,5.903177110675235
578,I,28,23,0,8,3,18,18,11,18,11,26,47,3,14,21,18,16,15,17,14,16.45,16.5,10.022350023821758
579,S,10,70,48,94,5,58,71,60,58,58,47,47,35,62,54,61,60,63,59,60,54.0,58.5,19.172897537930986
580,W,98,110,124,95,14,47,55,47,43,58,115,100,8,143,125,48,50,53,51,48,71.6,54.0,37.62100477127106
581,L,13,1,20,12,0,0,1,1,2,2,7,65,5,16,14,6,5,4,2,5,9.05,5.0,14.040922334376756
582,D,104,80,83,87,0,113,119,117,116,117,102,35,134,50,116,114,114,112,113,117,97.15,113.0,32.565741201452795
583,A,83,71,83,90,6,75,76,74,74,77,54,77,19,44,91,78,79,80,78,78,69.35,77.0,21.63856510954458
584,N,70,26,61,112,27,76,67,78,78,71,36,104,48,138,27,59,59,59,59,59,65.7,60.0,27.66604416970377
585,T,128,121,96,48,33,62,65,64,61,64,86,114,67,101,131,67,65,64,69,67,78.65,67.0,26.648217576415874
586,L,118,116,171,168,140,131,131,134,135,132,111,158,90,143,66,120,124,121,122,124,127.75,127.5,23.278477183870944
587,A,46,44,35,42,18,6,7,7,7,8,37,35,1,40,116,7,8,8,7,7,24.3,8.0,26.19942747466059
588,E,142,91,112,87,142,131,131,132,132,129,3,128,37,185,43,112,112,135,114,132,111.5,128.5,40.900488994631836
589,K,151,170,154,39,55,77,70,69,80,74,65,104,13,135,103,62,62,67,64,68,84.1,69.5,39.31526421124497
590,D,125,50,77,14,19,110,98,77,98,88,123,28,50,118,111,122,118,112,120,110,88.4,104.0,35.92408662721991
591,E,126,12,103,22,8,94,81,91,91,82,32,28,28,134,125,90,91,88,92,90,75.4,90.0,38.09120633427091
592,F,19,72,20,28,0,0,0,0,0,0,39,26,1,29,8,1,0,0,0,0,12.15,0.5,18.54797832649155
593,E,14,70,52,19,0,50,27,33,39,61,98,17,28,79,85,53,63,54,56,58,47.8,52.5,24.86081253700289
594,H,110,136,127,79,45,121,122,123,122,122,90,126,13,120,95,109,111,111,107,112,105.05,111.5,28.973220394012124
595,K,29,114,96,111,1,53,55,64,55,39,1,89,21,13,9,29,29,22,33,32,44.75,32.5,33.683638461425154
596,R,114,77,40,126,23,54,58,31,68,66,75,92,99,57,124,69,82,72,76,79,74.1,73.5,26.959043009721245
597,K,101,176,178,156,105,119,107,95,107,115,87,131,116,115,103,101,104,104,105,104,116.45,106.0,24.508110902311508
598,E,65,143,117,41,72,50,62,58,60,59,38,151,3,135,12,45,47,53,45,45,65.05,55.5,39.435358499701756
599,L,13,24,36,32,0,1,0,0,0,0,0,36,1,15,21,0,0,0,0,0,8.95,0.0,13.089977081721724
600,E,96,80,100,152,93,36,49,39,47,59,73,3,127,53,100,50,40,49,45,41,66.6,51.5,34.67621663330647
601,Q,82,2,176,114,114,144,144,145,143,145,23,123,132,111,146,143,143,144,144,142,123.0,143.0,41.43669871020132
602,V,6,0,34,83,119,46,39,42,40,39,9,36,94,105,10,30,33,29,32,32,42.9,35.0,31.758306000163167
603,C,47,1,18,93,2,2,0,0,0,0,26,32,20,8,14,0,0,0,0,0,13.15,1.5,22.46391550910037
604,N,51,92,134,133,48,65,85,84,78,86,32,163,27,62,96,80,84,81,79,81,82.05,81.0,32.06006082339833
605,P,39,15,95,65,89,83,89,90,89,89,30,74,99,83,70,78,82,80,81,80,75.0,81.5,21.568495543268657
606,I,15,1,66,34,45,12,14,16,14,16,105,89,98,56,55,17,18,17,20,18,36.3,18.0,30.654689690159973
607,I,45,31,59,32,12,13,8,6,9,9,40,116,17,17,106,38,38,47,36,53,36.6,34.0,29.450636665444094
608,S,20,36,104,89,63,33,32,46,58,32,82,27,13,24,62,54,59,54,60,59,50.35,54.0,23.18679581140956
609,G,23,46,15,48,7,36,28,26,35,36,39,21,30,28,56,38,41,41,43,41,33.9,36.0,11.475626344561762
610,L,56,78,69,48,25,0,0,1,2,0,43,83,81,41,87,33,25,40,28,29,38.45,36.5,29.012885068534636
611,Y,78,151,81,125,139,80,77,33,43,25,129,209,53,133,141,186,193,190,189,195,122.5,131.0,58.54528162029798
612,Q,75,181,103,85,142,134,117,149,165,129,149,148,151,175,199,161,161,160,165,160,145.45,150.0,30.3157962125358
613,G,25,70,70,45,53,41,55,49,56,36,61,25,80,60,41,72,71,71,71,68,56.0,58.0,15.868207208125309
614,A,84,54,61,100,95,61,63,64,24,56,79,29,75,41,72,86,83,82,81,86,68.8,73.5,20.106217943710845
615,G,56,71,70,79,75,72,72,30,90,70,57,28,4,91,23,62,59,74,61,58,60.1,66.0,22.04064427370488
616,G,37,42,51,49,32,33,33,61,44,39,42,72,66,18,51,68,68,64,68,63,50.05,50.0,15.134315313221144
617,P,110,93,67,128,91,109,105,118,118,133,118,148,85,51,86,139,136,135,129,131,111.5,118.0,25.09482018265921
618,G,18,34,36,62,23,30,26,23,18,8,31,44,55,24,37,69,70,75,73,68,41.2,35.0,20.975223479143196
619,P,132,89,100,136,127,36,48,59,78,53,141,120,69,76,39,142,137,137,134,135,99.4,110.0,37.78809336285704
620,G,45,29,22,45,67,51,61,49,37,65,37,18,65,2,16,73,75,79,75,73,49.2,50.0,22.466864489732426
621,G,5,6,6,76,44,38,48,45,70,86,49,37,23,0,22,73,70,68,67,76,45.45,46.5,26.893261237715294
622,F,164,35,170,141,218,148,85,64,52,104,80,107,84,47,183,212,221,217,223,226,139.05,144.5,65.86157832909866
623,G,23,7,73,54,37,70,54,37,52,41,49,49,9,58,76,72,70,72,72,71,52.3,54.0,20.70289834781594
624,A,121,74,98,25,78,70,51,77,65,53,31,86,14,49,70,109,102,109,110,111,75.15,75.5,30.318764816529058
625,Q,184,85,148,65,78,69,152,107,83,129,113,143,124,117,219,191,197,182,183,194,138.15,136.0,47.017310641932724
626,G,32,15,75,46,53,44,30,32,73,33,67,54,27,22,44,62,68,57,82,62,48.9,49.5,18.830560267819966
627,P,30,54,48,130,65,98,137,49,128,73,84,109,106,136,120,136,136,135,124,135,101.65,114.5,35.33026323139979
628,K,179,187,184,156,104,108,134,124,135,103,156,160,159,45,172,203,208,195,207,208,156.35,159.5,42.648886269163
629,G,43,82,27,89,55,79,79,48,36,85,76,33,76,11,46,85,87,78,85,79,63.95,77.0,23.43602995389791
630,G,73,54,50,53,83,65,79,92,37,71,77,31,69,47,64,74,68,74,75,73,65.45,70.0,15.157423923609182
631,S,55,71,109,51,128,38,34,68,139,84,113,33,113,77,88,130,120,115,120,121,90.35,98.5,34.01216694066992
632,G,31,68,52,87,76,75,57,76,79,55,22,25,53,75,42,70,85,75,81,74,62.9,72.0,19.385303711832837
633,S,103,139,62,116,104,100,115,70,77,75,64,75,63,57,72,121,118,123,115,120,94.45,101.5,25.249702968549943
634,G,12,29,20,29,41,27,55,10,45,4,40,76,46,48,29,58,65,52,55,58,39.95,43.0,18.974917654630282
635,P,3,69,137,124,115,83,121,83,77,100,40,65,9,153,65,127,134,127,131,129,94.6,107.5,41.86932051036893
636,T,10,43,71,53,72,95,128,117,38,62,88,135,57,61,80,135,137,142,134,137,89.75,84.0,39.67981224753968
637,I,151,32,132,128,38,56,160,64,61,113,110,66,159,136,165,158,164,152,167,160,118.6,134.0,46.36313190456399
638,E,110,116,19,25,163,111,154,125,125,82,45,128,134,28,82,173,178,180,181,179,116.9,125.0,53.14969426064463
639,E,62,169,142,56,167,159,193,122,56,144,20,75,163,145,180,194,194,188,196,193,140.9,161.0,54.82873334302006
640,V,108,111,78,106,57,93,121,98,43,100,19,63,45,36,66,128,132,139,141,140,91.2,99.0,37.12492424234694
641,D,123,135,37,182,100,177,223,214,193,125,41,100,60,120,12,235,236,237,241,236,151.35,156.0,74.20598021723046
