Pos,Res,Q15758_CIT_model1_dssp_acc_ACC,Q15758_CIT_model2_dssp_acc_ACC,Q15758_CIT_model3_dssp_acc_ACC,Q15758_CIT_model4_dssp_acc_ACC,Q15758_CIT_model5_dssp_acc_ACC,Q15758_full_model_499608_1_dssp_acc_ACC,Q15758_full_model_499608_2_dssp_acc_ACC,Q15758_full_model_499608_3_dssp_acc_ACC,Q15758_full_model_499608_4_dssp_acc_ACC,Q15758_full_model_499608_5_dssp_acc_ACC,Q15758_IT_model1_dssp_acc_ACC,Q15758_IT_model2_dssp_acc_ACC,Q15758_IT_model3_dssp_acc_ACC,Q15758_IT_model4_dssp_acc_ACC,Q15758_IT_model5_dssp_acc_ACC,Q15758_ranked_0_dssp_acc_ACC,Q15758_ranked_1_dssp_acc_ACC,Q15758_ranked_2_dssp_acc_ACC,Q15758_ranked_3_dssp_acc_ACC,Q15758_ranked_4_dssp_acc_ACC,mean,median,std
1,M,25,66,150,100,70,30,13,19,80,98,98,52,177,208,96,244,245,245,249,247,125.6,98.0,84.56382205174977
2,V,14,138,90,122,74,31,7,83,39,78,6,134,119,53,109,145,142,143,132,141,90.0,99.5,48.471641193588646
3,A,73,81,103,82,50,24,1,46,13,7,3,94,21,71,4,93,94,87,103,96,57.3,72.0,37.54344150447585
4,D,33,63,46,108,55,71,30,110,75,111,84,52,45,47,120,154,152,158,142,154,90.5,79.5,43.64802401025732
5,P,10,89,100,48,87,28,8,32,11,20,25,79,97,103,99,106,108,108,109,113,69.0,88.0,39.3484434253758
6,P,97,130,65,81,66,28,25,10,34,64,81,113,103,25,75,124,119,123,133,128,81.2,81.0,39.54187653614836
7,R,86,153,211,53,200,182,111,145,135,132,111,102,197,136,251,237,243,250,227,237,169.95,167.5,59.59905620058089
8,D,117,150,102,112,73,72,26,85,52,19,118,143,109,90,94,151,149,146,143,174,106.25,110.5,41.87347012130712
9,S,62,41,109,72,59,122,29,82,95,72,84,63,118,85,54,108,112,121,95,103,84.3,84.5,26.619729525297586
10,K,195,175,126,117,168,172,93,145,137,101,143,189,129,69,180,194,184,199,213,212,157.05,170.0,40.46662204830049
11,G,47,60,42,47,37,51,12,26,45,30,21,62,56,49,41,76,77,76,84,80,50.95,48.0,20.02367348914779
12,L,134,150,94,104,10,48,27,24,27,40,154,154,176,37,39,181,181,186,178,187,106.55,119.0,66.01399472839074
13,A,46,66,19,63,62,20,52,25,29,45,66,45,51,73,42,97,97,94,104,99,59.75,57.0,26.632452008780568
14,A,85,71,91,55,87,15,10,0,11,13,74,43,88,114,97,109,103,110,99,109,69.2,86.0,38.55463655645064
15,A,64,49,67,62,63,1,38,33,50,13,75,56,86,46,73,100,99,98,106,102,64.05,63.5,28.81054494451641
16,E,140,117,158,116,53,73,162,45,17,116,157,48,90,139,106,185,177,185,191,185,123.0,128.0,52.61938806181615
17,P,116,49,46,121,128,59,15,47,3,26,118,57,140,37,113,130,129,129,114,127,85.2,113.5,45.07504853020128
18,T,143,25,98,59,81,54,58,41,3,19,133,45,99,93,60,123,135,135,142,140,84.3,87.0,44.737121051761925
19,A,62,62,99,81,81,83,53,24,1,67,87,69,67,45,81,107,86,96,93,96,72.0,81.0,25.52057993071474
20,N,124,97,126,166,161,28,44,34,6,34,132,137,176,134,155,147,162,157,175,164,117.95,135.5,54.833817120459514
21,G,87,39,66,87,68,6,28,27,0,21,85,35,40,89,83,95,73,97,66,89,59.05,67.0,30.65203908388478
22,G,41,55,50,24,34,8,51,32,0,11,40,48,80,29,12,62,87,65,88,73,44.5,44.5,25.63493709764079
23,L,146,128,139,153,155,11,10,31,56,89,144,109,88,149,143,182,172,182,169,185,122.05,143.5,54.95404898640317
24,A,83,77,35,37,73,43,4,31,12,6,79,75,86,25,24,93,95,87,85,87,56.85,74.0,31.31177893381339
25,L,124,129,91,53,55,55,21,75,44,25,123,110,92,81,21,174,178,179,179,179,99.4,91.5,55.2063402155948
26,A,39,57,48,59,26,17,24,19,27,8,39,54,52,61,40,90,87,86,86,88,50.35,50.0,25.704620207270132
27,S,78,15,95,49,50,24,10,61,42,4,43,21,90,64,37,107,106,107,105,98,60.3,55.5,34.86273081673322
28,I,80,67,112,47,85,90,78,85,81,46,101,72,132,43,88,162,162,167,168,177,102.15,86.5,42.77414522816324
29,E,158,132,124,140,77,95,64,74,121,34,165,113,137,149,140,175,165,176,154,167,128.0,138.5,39.37130935084583
30,D,69,106,145,113,109,66,98,59,57,49,124,137,147,115,114,145,149,156,143,134,111.75,114.5,33.87015648029988
31,Q,87,137,151,60,124,33,99,76,144,41,102,151,165,35,129,199,175,194,179,214,124.75,133.0,54.745661928594856
32,G,42,66,43,52,46,26,38,25,47,24,85,25,59,45,48,52,67,66,61,58,48.75,47.5,15.940122333282138
33,A,66,31,59,82,79,30,54,36,28,35,65,43,66,86,75,111,97,102,92,97,66.7,66.0,25.849758219372188
34,A,83,52,79,80,63,75,92,67,87,74,80,60,80,69,84,97,106,108,109,107,82.6,80.0,16.16601373251922
35,A,63,85,85,82,47,76,90,40,84,50,115,21,84,59,50,93,98,97,88,90,74.85,84.0,22.9592573921719
36,G,36,73,54,54,61,62,22,86,33,63,45,70,51,54,46,95,82,92,95,94,63.4,61.5,21.448543074064496
37,G,40,70,92,70,61,51,64,71,89,60,36,62,85,65,97,60,58,65,62,60,65.9,63.0,15.198355174162764
38,Y,201,221,177,118,227,152,213,141,174,167,218,222,208,129,110,245,236,250,244,232,194.25,210.5,43.74685702996273
39,C,67,47,112,115,63,26,37,14,18,11,62,66,91,130,99,109,131,123,110,96,76.35,79.0,39.49971518884662
40,G,51,49,51,20,66,15,38,27,34,36,72,50,38,39,41,51,37,45,34,29,41.15,38.5,13.536155288707352
41,S,37,90,77,103,41,76,83,92,92,90,45,98,20,94,57,79,91,88,89,90,76.6,88.5,22.837250272307305
42,R,131,215,140,154,156,211,199,198,198,205,70,207,123,144,208,199,204,220,209,212,180.15,199.0,39.769680662534874
43,D,146,130,128,76,60,89,38,77,69,66,127,76,102,50,58,66,100,92,109,100,87.95,83.0,28.772339147173977
44,Q,147,90,144,43,115,61,80,60,106,89,173,98,99,44,137,142,156,135,129,121,108.45,110.5,36.888311156787864
45,V,67,61,29,76,46,87,79,80,80,84,74,30,6,67,64,69,72,74,70,72,64.35,71.0,20.362404082033144
46,R,63,160,113,161,145,147,114,161,139,136,68,137,133,157,173,153,158,160,177,193,142.4,150.0,31.845564840335303
47,R,29,99,195,152,148,63,80,62,80,90,121,92,196,121,104,184,195,185,204,204,130.2,121.0,54.61831194755107
48,C,101,81,42,115,82,54,38,71,73,71,131,78,71,118,86,73,75,72,70,72,78.7,73.0,22.58340098390851
49,L,88,71,101,102,145,86,89,92,89,93,102,51,122,134,110,85,85,84,89,90,95.4,89.5,20.266721491153916
50,R,126,156,33,54,128,197,171,154,188,191,132,132,70,44,53,205,201,194,203,215,142.35,155.0,59.544332223982494
51,A,68,47,90,92,41,76,60,73,75,63,76,34,86,89,46,82,83,77,79,81,70.9,76.0,16.658031096140984
52,N,171,41,102,82,88,25,32,52,59,22,144,43,113,80,128,51,52,55,76,68,74.2,63.5,39.2856207791095
53,L,28,34,149,126,102,91,76,74,74,75,20,65,126,109,84,65,66,69,78,69,79.0,74.5,31.51190251317746
54,L,48,65,37,73,15,33,10,10,11,12,38,81,36,60,11,29,29,32,58,58,37.3,34.5,21.950170842159746
55,V,31,39,14,19,38,16,16,15,15,14,28,34,27,26,13,8,9,7,66,52,24.35,17.5,15.084014717574364
56,L,84,81,91,91,115,71,75,78,75,75,91,87,116,84,94,80,79,70,78,78,84.65,80.5,12.244488556081059
57,L,27,42,28,6,27,80,71,70,70,69,20,31,15,43,12,71,71,70,75,74,48.6,56.0,24.966777925875817
58,T,6,23,4,4,10,0,0,0,0,0,2,11,5,4,2,0,0,0,32,27,6.5,3.0,9.420721840708387
59,V,53,59,41,41,57,58,57,59,68,58,59,40,30,35,51,58,59,50,57,53,52.15,57.0,9.488282247066643
60,V,96,102,85,95,88,93,95,94,96,94,91,104,96,110,81,85,84,83,92,93,92.85,93.5,7.108269831681969
61,A,25,8,7,2,9,8,7,7,7,8,11,5,7,17,1,8,7,8,8,8,8.4,8.0,4.882622246293482
62,V,38,35,34,24,41,6,4,3,5,4,65,19,22,14,64,35,33,36,27,26,26.75,26.5,17.67731597273749
63,V,96,88,87,89,99,86,88,91,92,90,97,84,94,85,106,97,95,95,97,97,92.65,93.0,5.4522930955699715
64,A,76,46,39,39,40,29,30,32,32,43,67,33,40,43,32,37,37,37,37,39,40.4,38.0,11.35077089893017
65,G,10,0,1,0,0,0,0,0,0,0,6,0,0,0,2,0,0,0,0,0,0.95,0.0,2.4794152536434884
66,V,86,27,32,66,46,37,45,37,41,48,88,15,48,50,27,54,51,55,27,26,45.3,45.5,18.406792224611
67,A,38,58,60,61,57,64,62,56,61,65,36,46,56,67,46,63,62,62,61,61,57.1,61.0,8.496469855181033
68,L,9,98,69,54,68,91,89,71,79,68,8,86,72,77,86,62,63,63,64,66,67.15,68.5,22.488385891388468
69,G,12,1,0,0,0,0,0,0,0,0,9,0,0,0,0,0,0,0,0,0,1.1,0.0,3.1764760348537187
70,L,76,59,66,100,75,70,75,84,75,66,68,72,76,76,75,102,105,103,81,82,79.3,75.5,12.919365309487924
71,G,8,46,49,46,51,39,47,55,52,51,7,39,47,44,33,48,48,50,49,49,42.9,47.5,12.774584141959377
72,V,0,12,29,8,1,36,37,18,29,30,0,25,30,22,4,28,27,26,30,28,21.0,26.5,11.954078801814886
73,S,18,7,3,9,46,8,7,17,14,12,18,5,32,18,41,37,36,40,39,37,22.2,18.0,14.137185009753532
74,G,43,55,59,70,71,68,70,67,70,70,35,50,57,65,70,72,72,74,73,72,64.15,70.0,10.631439225241332
75,A,20,74,86,53,67,68,76,71,75,78,16,75,58,61,57,78,79,78,75,76,66.05,74.5,18.017977133962624
76,G,44,46,24,34,46,57,20,45,30,32,51,81,34,37,79,40,39,41,37,38,42.75,39.5,14.982906927562489
77,G,13,13,43,1,58,3,0,72,0,0,9,9,6,1,35,8,7,7,6,5,14.8,7.0,20.013995103427003
78,A,64,56,67,35,78,24,26,48,24,23,67,43,76,52,77,15,25,18,44,44,45.3,44.0,20.5453157678338
79,L,151,165,156,144,113,152,129,10,135,124,145,164,144,155,88,144,155,143,170,170,137.85,144.5,35.14011240733302
80,A,87,97,74,74,7,37,44,39,46,59,93,108,70,70,3,58,56,56,62,66,60.3,60.5,26.113406518491608
81,L,42,72,101,99,77,2,14,4,4,23,24,66,160,100,68,40,40,40,46,56,53.9,44.0,39.20701467849854
82,G,19,1,20,0,7,31,33,29,25,22,12,2,21,0,22,21,23,25,16,19,17.4,20.5,10.101485039339513
83,P,85,44,38,62,96,102,100,95,100,100,78,67,56,57,98,114,116,113,106,111,86.9,97.0,23.876557540818148
84,E,106,115,156,130,101,170,173,168,176,166,107,137,146,116,114,164,164,168,133,160,143.5,151.0,25.42538101976055
85,R,3,98,120,44,4,144,158,150,140,155,26,66,12,54,28,169,173,172,163,165,102.2,130.0,63.101980951472505
86,L,109,51,72,46,52,25,23,27,19,30,86,43,80,37,58,32,30,34,33,31,45.9,35.5,23.45399752707414
87,S,97,60,93,70,51,73,77,77,75,75,82,66,94,45,66,76,74,75,72,70,73.4,74.5,12.45552086425935
88,A,32,75,80,67,55,61,61,59,59,62,19,66,54,66,58,67,66,70,68,64,60.45,63.0,13.313433065892507
89,F,23,42,48,68,81,42,47,29,53,26,52,15,73,94,61,31,30,32,40,39,46.3,42.0,20.035218990567586
90,V,28,15,11,18,18,22,30,45,48,36,34,21,49,14,21,25,25,28,33,37,27.9,26.5,10.830050784737807
91,F,83,108,162,53,73,129,131,120,130,133,63,114,106,28,30,104,103,105,107,106,99.4,106.0,34.01382072040717
92,P,11,42,39,15,29,37,34,30,35,35,16,46,3,29,57,23,22,24,27,27,29.05,29.0,12.220781480740092
93,G,5,6,0,0,0,0,0,0,0,0,1,3,1,0,0,0,0,0,0,0,0.8,0.0,1.7204650534085255
94,E,105,117,105,51,23,64,60,85,62,55,88,71,54,57,32,70,70,62,57,55,67.15,62.0,22.769003052395597
95,L,48,120,93,6,46,70,74,71,71,70,57,109,75,23,64,59,62,59,65,65,65.35,65.0,24.58307344495395
96,L,11,12,7,8,1,11,9,9,7,9,6,10,4,11,19,0,0,0,2,2,6.9,7.5,4.90815647672321
97,L,22,13,14,4,11,29,24,14,14,22,33,11,7,8,9,35,31,30,5,14,17.5,14.0,9.656603957913983
98,R,127,133,150,56,20,158,149,147,147,160,163,137,148,72,1,155,153,155,147,145,126.15,147.0,46.94707126115537
99,L,32,85,44,17,57,68,57,60,55,53,32,97,69,30,65,54,48,47,49,48,53.35,53.5,18.10876859424737
100,L,17,5,13,5,14,2,0,1,1,4,12,17,14,7,0,2,0,1,22,21,7.9,5.0,7.368174807915457
101,R,41,55,95,41,8,55,73,71,72,84,50,39,35,35,7,149,154,164,96,108,71.6,63.0,44.041344212001526
102,M,65,124,93,4,89,113,110,112,117,104,66,96,85,5,69,144,122,121,111,113,93.15,107.0,35.70752721766098
103,I,2,3,1,0,3,17,29,28,20,5,3,15,2,1,5,12,4,4,4,10,8.4,4.0,8.67986175005109
104,I,0,17,2,1,5,4,3,3,2,6,2,14,0,2,2,9,9,7,4,12,5.2,3.5,4.643274706497561
105,L,3,27,70,28,34,25,8,25,8,17,4,23,18,22,41,54,53,55,55,58,31.4,26.0,19.61988786920048
106,P,35,53,42,15,44,44,56,39,40,54,21,60,41,7,10,40,39,38,34,33,37.25,39.5,14.138157588596895
107,L,0,4,4,2,4,0,0,0,1,0,2,1,3,11,12,0,0,0,17,23,4.2,1.5,6.313477647065839
108,V,6,2,0,11,7,2,1,5,0,1,2,5,1,10,19,0,1,2,9,14,4.9,2.0,5.166236541235795
109,V,1,17,33,26,31,18,19,17,16,17,1,18,29,27,24,26,25,27,23,25,21.0,23.5,8.276472678623424
110,C,0,10,12,15,20,8,8,9,7,8,0,14,8,15,11,8,8,8,6,7,9.1,8.0,4.570557952810575
111,S,8,10,9,13,4,0,1,0,0,1,10,3,9,14,6,1,0,0,21,21,6.55,5.0,6.629291063152983
112,L,21,4,11,28,4,0,0,0,0,0,9,3,14,23,9,0,0,0,12,7,7.25,4.0,8.413530768945936
113,I,4,9,3,7,13,4,4,1,2,4,2,7,11,3,9,1,1,1,1,1,4.4,3.5,3.59722114972099
114,G,29,18,29,2,25,0,0,0,0,2,23,19,41,6,18,1,1,2,3,2,11.05,2.5,12.54382318115175
115,G,8,10,11,21,7,0,0,0,0,1,14,15,5,30,2,3,1,3,32,31,9.7,6.0,10.602358228243375
116,A,23,9,9,14,1,0,0,0,0,0,21,8,25,16,2,0,1,1,12,11,7.65,5.0,8.290205063808736
117,A,3,3,9,10,32,1,0,1,1,0,2,7,10,9,0,4,1,4,1,1,4.95,2.5,7.088547100781654
118,S,45,30,70,1,54,22,23,17,4,48,52,45,18,14,26,56,46,53,81,68,38.65,45.0,21.9756114818223
119,L,66,39,50,12,52,11,22,20,2,16,63,38,32,13,12,28,29,21,50,40,30.8,28.5,17.93488221316215
120,D,38,58,2,8,53,81,100,94,74,95,27,57,17,8,51,94,106,95,38,51,57.35,55.0,33.07306305741879
121,P,137,97,125,113,109,58,44,46,38,49,151,116,95,118,107,57,58,62,104,102,89.3,99.5,33.5828825445345
122,G,44,23,42,57,57,58,36,41,37,34,43,27,76,37,21,56,57,57,59,64,46.3,43.5,14.30769023986751
123,A,75,55,22,10,96,42,18,23,7,3,54,80,44,9,50,28,28,24,69,70,40.35,35.0,26.646341212256512
124,L,156,91,139,26,87,12,8,10,7,9,147,115,59,21,134,8,12,13,18,16,54.4,19.5,54.361199398100105
125,G,31,26,36,19,20,48,47,47,45,44,32,22,47,17,30,46,44,45,39,39,36.2,39.0,10.471867073258714
126,R,95,149,230,100,125,112,173,152,126,95,122,223,220,89,167,111,135,133,205,203,148.25,134.0,45.2546958889351
127,L,40,39,104,25,20,3,6,0,0,0,44,68,42,29,54,7,11,12,44,43,29.55,27.0,26.194417344159426
128,G,4,16,2,3,5,14,10,12,14,11,4,22,5,5,13,13,23,22,1,1,10.0,10.5,6.96419413859206
129,A,38,33,52,27,54,58,49,51,47,55,34,34,39,25,51,59,59,60,55,54,46.7,51.0,11.014081895464551
130,W,13,79,95,101,45,54,50,67,62,59,15,98,89,84,43,112,53,55,112,113,69.95,64.5,29.476219228388164
131,A,1,6,0,0,6,1,0,1,0,0,0,5,3,0,1,1,4,2,9,7,2.35,1.0,2.7436289836637897
132,L,18,27,30,26,18,93,90,92,89,90,20,25,16,27,14,90,101,101,50,56,53.65,40.0,33.88550575098444
133,L,21,97,112,107,82,40,110,112,106,111,45,92,101,97,95,86,102,103,83,84,89.3,97.0,24.855784035109416
134,F,17,40,22,23,59,14,10,13,5,14,10,38,24,22,22,18,17,18,24,19,21.45,18.5,11.893170309047122
135,F,8,3,5,0,11,2,2,2,2,1,4,3,10,0,9,2,5,4,5,5,4.15,3.5,3.102821296820041
136,L,65,69,88,72,60,86,83,84,80,85,68,66,60,79,90,91,90,93,90,93,79.6,83.5,11.083320801997928
137,V,13,82,68,74,72,49,74,71,63,73,0,83,78,72,59,69,69,64,65,66,63.2,69.0,20.426942992038725
138,T,5,9,2,5,12,1,0,0,0,0,2,11,6,3,14,0,1,1,1,1,3.7,1.5,4.337049688440289
139,T,0,2,4,2,0,2,2,2,2,2,1,1,1,1,0,3,3,3,4,4,1.95,2.0,1.2439855304624727
140,L,25,76,90,77,68,72,75,73,71,76,23,67,83,72,97,80,75,76,59,63,69.9,74.0,17.377859476932134
141,L,30,91,81,87,90,71,70,70,73,69,28,106,78,75,75,76,76,80,80,79,74.25,76.0,17.360515545340235
142,A,2,2,0,0,0,0,0,0,0,0,1,0,0,0,0,0,0,0,0,0,0.25,0.0,0.6224949798994366
143,S,0,0,0,1,0,0,0,0,0,1,0,0,2,0,0,0,0,0,0,0,0.2,0.0,0.5099019513592785
144,A,33,34,55,44,45,49,50,48,49,49,29,30,53,45,52,46,50,49,44,44,44.9,47.0,7.368174807915457
145,L,69,45,73,47,61,36,37,36,37,36,54,56,59,71,41,41,39,41,41,43,48.15,42.0,12.187185893388184
146,G,1,0,0,0,0,0,0,0,0,0,2,0,0,0,3,0,0,0,0,0,0.3,0.0,0.7810249675906654
147,V,6,7,16,14,25,7,6,6,6,6,7,9,21,20,38,6,7,8,8,7,11.5,7.0,8.327664738688751
148,G,37,37,37,37,29,43,40,40,40,39,39,38,43,37,36,40,40,39,39,39,38.45,39.0,2.836811590500857
149,L,60,30,34,16,41,32,28,31,27,30,76,35,8,14,45,24,24,23,22,22,31.1,29.0,15.13571934200684
150,A,0,1,0,3,0,0,0,0,0,0,0,1,3,4,1,0,0,0,0,0,0.65,0.0,1.194780314534852
151,L,59,85,92,84,93,64,65,58,57,63,52,84,83,83,103,71,68,67,68,67,73.3,68.0,13.664186766873469
152,A,75,65,81,83,74,77,76,79,77,79,81,65,80,79,88,81,78,78,77,76,77.45,78.0,5.132981589680603
153,L,86,79,72,89,71,61,65,62,59,44,72,60,66,81,65,73,75,60,73,75,69.4,71.5,10.239140588936163
154,Q,128,104,83,140,106,82,82,80,82,81,126,106,59,173,58,109,113,106,113,111,102.1,106.0,26.862427291665213
155,P,3,3,1,6,1,3,4,1,2,0,1,5,5,9,1,0,2,0,1,1,2.45,1.5,2.290742237791062
156,G,9,0,3,2,2,0,0,0,0,4,8,0,0,1,0,0,0,0,1,1,1.55,0.0,2.578274616870748
157,A,39,25,58,35,43,40,41,39,36,27,35,39,46,38,12,43,53,40,19,21,36.45,39.0,10.83731977935504
158,A,62,84,58,39,70,59,66,47,55,50,58,85,82,101,81,29,26,31,19,22,56.2,58.0,22.89672465659663
159,S,64,26,8,21,6,1,1,2,1,2,71,8,3,31,6,4,2,4,24,32,15.85,6.0,20.058103100742102
160,A,58,60,52,46,38,8,9,10,5,6,56,58,34,32,48,15,18,22,62,64,35.05,36.0,21.119836647095546
161,A,51,35,26,24,31,55,65,55,55,53,68,40,9,24,18,63,64,65,68,81,47.5,54.0,19.625238852049673
162,I,105,123,88,66,89,57,57,56,58,58,103,111,110,52,107,50,48,52,90,106,79.3,77.0,25.29248900365482
163,N,84,113,103,50,63,19,15,41,26,38,94,78,72,57,62,57,44,55,87,99,62.85,59.5,27.44499043541462
164,A,99,74,97,18,88,52,53,62,64,63,101,90,75,23,79,91,90,89,87,88,74.15,83.0,22.93746934602856
165,S,76,111,89,35,117,107,97,103,106,106,75,114,104,42,99,93,93,94,94,95,92.5,96.0,20.90813238909683
166,V,64,95,57,36,78,104,101,105,105,103,72,97,33,26,103,74,62,86,103,93,79.85,89.5,25.34418079165314
167,G,48,36,4,33,49,53,52,60,50,60,38,33,42,28,14,61,76,46,80,85,47.4,48.5,19.873097393209747
168,A,57,43,45,53,11,43,37,53,36,47,55,38,78,7,14,101,60,98,70,75,51.05,50.0,24.689015776251594
169,A,76,46,78,61,30,45,23,92,55,95,79,45,53,33,20,102,107,86,104,101,66.55,68.5,28.21076922028182
170,G,78,57,76,61,10,73,47,76,71,50,70,55,40,63,3,70,61,67,63,60,57.55,62.0,19.655724357041642
171,S,29,65,45,40,38,65,67,63,93,99,18,44,75,55,57,118,116,127,118,117,72.45,65.0,32.839724420280994
172,A,46,85,46,44,79,66,8,39,65,47,29,78,49,30,59,63,46,38,79,80,53.8,48.0,19.996499693696396
173,E,90,135,177,146,162,142,166,134,146,149,139,129,178,133,139,157,174,181,193,189,152.95,147.5,24.33613568338244
174,N,68,134,86,102,83,153,131,165,142,173,72,135,66,111,59,144,123,141,153,155,119.8,132.5,35.25847415870403
175,A,18,11,3,13,10,13,58,35,42,59,13,7,0,12,4,19,26,26,81,81,26.55,15.5,24.3320262206007
176,P,20,17,64,44,18,109,90,128,109,123,13,31,43,34,24,93,101,100,89,75,66.25,69.5,38.56536658713359
177,S,70,68,74,41,58,81,73,68,79,70,62,71,65,3,83,18,41,27,99,111,63.1,69.0,25.42813402513051
178,K,68,161,7,72,146,63,55,50,91,51,61,158,17,79,108,33,7,13,67,70,68.85,65.0,44.85451482292501
179,E,120,109,136,43,51,94,101,107,49,99,123,97,153,30,67,99,106,103,115,120,96.1,102.0,31.478405296329736
180,V,109,103,125,107,77,15,21,16,23,15,105,100,118,107,129,40,40,47,74,71,72.1,75.5,40.1034911198514
181,L,133,82,90,78,71,116,106,110,138,115,132,122,78,67,103,110,109,108,114,111,104.65,109.5,20.14764254199483
182,D,115,68,174,89,156,5,6,23,8,5,113,53,140,112,163,14,14,14,12,12,64.8,38.0,60.102911743109416
183,S,24,68,23,63,9,13,9,9,18,11,30,72,12,66,33,17,5,15,10,15,26.1,16.0,21.757527433051756
184,F,146,164,185,136,124,63,61,62,63,63,149,170,154,121,130,93,99,87,79,79,111.4,110.0,40.27455772569079
185,L,125,120,154,147,126,65,65,60,67,63,128,122,156,148,140,69,69,66,68,72,101.5,96.0,36.388871925356526
186,D,53,68,61,38,60,14,12,10,18,20,51,66,54,47,42,4,1,4,4,5,31.6,29.0,23.781084920583417
187,L,51,50,74,87,33,36,30,36,31,37,58,66,43,72,68,30,29,28,26,27,45.6,36.5,18.40760712314341
188,A,47,24,70,64,46,51,52,52,53,49,53,53,54,59,69,46,46,44,49,48,51.45,51.5,9.547119984581737
189,R,169,143,137,167,155,124,113,118,99,116,169,148,178,166,149,79,88,87,91,96,129.6,130.5,31.664491153340833
190,N,45,72,88,65,108,21,18,22,21,20,61,75,97,78,93,22,3,17,23,23,48.6,34.0,32.41974706872341
191,I,38,30,70,60,50,34,40,38,43,34,41,35,90,58,82,48,48,47,48,47,49.05,47.0,15.580356221858345
192,F,104,123,89,117,137,143,139,154,134,142,114,136,166,120,123,157,156,155,158,156,136.15,138.0,20.100435318669096
193,P,63,67,10,9,43,7,8,31,4,4,61,49,38,19,56,34,34,35,33,34,31.95,34.0,20.028666955142075
194,S,121,80,56,104,87,101,99,97,97,81,85,86,51,112,113,108,115,115,107,107,96.1,100.0,18.41982627496796
195,N,104,108,53,93,121,74,75,77,71,94,110,105,67,90,66,83,81,80,82,81,85.75,81.5,16.777589218955146
196,L,53,46,46,78,27,49,41,65,57,46,68,47,78,89,80,72,69,69,71,72,61.15,66.5,15.66612587719121
197,V,41,114,25,110,123,95,95,98,93,80,36,107,48,108,93,104,105,102,105,107,89.45,100.0,27.64864372803845
198,S,47,39,17,74,72,39,38,27,41,34,31,57,1,48,22,13,18,27,13,14,33.6,32.5,18.995789007040482
199,A,21,12,27,8,8,0,0,0,0,0,17,12,15,11,17,2,1,3,3,4,8.05,6.0,7.915017372059268
200,A,0,30,14,25,21,10,12,13,11,7,0,32,10,37,32,27,24,20,26,26,18.85,20.5,10.517960828982012
201,F,161,126,36,51,126,116,123,144,112,121,149,115,63,51,126,109,105,139,96,94,108.15,115.5,33.39053009462414
202,R,160,92,118,20,51,106,130,90,105,132,165,94,125,25,127,98,105,115,91,89,101.9,105.0,36.399038448838176
203,S,39,50,78,26,47,22,19,23,25,21,53,56,43,25,78,35,8,20,28,28,36.2,28.0,18.683147486438145
204,Y,194,55,52,169,149,41,43,36,37,39,201,46,107,165,144,78,70,70,71,70,91.85,70.0,55.16636203339858
205,S,69,74,83,72,64,26,19,17,30,16,85,72,87,75,36,32,17,15,32,28,47.45,34.0,26.554613535127938
206,T,69,18,73,79,74,7,3,6,5,4,53,34,64,77,98,6,7,7,5,5,34.7,12.5,33.13774283200351
207,T,3,106,11,60,112,57,56,55,57,55,2,95,8,62,28,47,53,56,50,50,51.15,55.0,29.7846856622661
208,Y,152,89,29,145,114,92,80,42,96,91,150,76,129,139,110,46,49,41,38,48,87.8,90.0,40.07443075079171
209,E,101,189,82,121,27,93,96,96,97,97,107,172,50,127,22,72,87,76,87,88,94.35,94.5,38.64230195006503
210,E,22,69,70,99,45,98,112,97,96,95,35,83,53,108,76,103,127,125,137,114,88.2,96.5,30.557486807654847
211,R,66,81,120,164,127,116,116,114,115,111,74,76,197,167,126,115,125,116,126,130,119.1,116.0,30.828396001089647
212,N,1,100,65,59,72,90,118,120,90,102,0,117,79,57,80,121,119,114,118,117,86.95,95.0,35.779148955781494
213,I,9,79,100,96,174,110,89,76,112,103,10,76,124,122,169,82,80,78,86,84,92.95,87.5,38.94030688117391
214,T,4,143,121,67,120,128,146,162,129,113,2,136,133,71,98,140,139,139,138,137,113.3,131.0,43.301385659121806
215,G,4,47,71,27,46,75,75,74,74,65,2,48,77,25,35,75,74,64,76,79,55.65,68.0,24.393185523830216
216,T,2,83,97,24,82,85,95,98,83,90,1,87,101,27,133,82,81,81,87,86,75.25,84.0,33.31197232227476
217,R,1,123,124,16,90,164,160,162,163,155,0,150,95,18,60,184,193,199,180,184,121.05,152.5,66.16077009829918
218,V,1,83,74,0,16,51,50,53,52,58,0,73,80,1,32,56,56,57,59,63,45.75,54.5,26.892145693491994
219,K,53,116,135,9,0,134,145,122,134,136,41,112,137,6,6,117,107,119,86,120,91.75,116.5,50.34270056323955
220,V,15,55,77,33,31,32,30,33,33,32,16,59,107,26,28,34,37,33,26,29,38.3,32.5,20.969263220246912
221,P,0,104,63,35,0,72,68,69,65,69,0,102,35,62,0,66,67,64,71,71,54.15,65.5,31.158104884604263
222,V,4,139,67,18,61,44,47,37,45,48,2,122,100,11,47,27,38,26,33,38,47.7,41.0,35.219454850976895
223,G,2,36,60,1,0,52,58,48,51,49,1,34,36,6,3,35,38,36,36,35,30.85,36.0,20.27874503020342
224,Q,84,81,114,143,6,93,86,86,89,84,41,106,157,103,52,87,112,87,89,92,89.6,88.0,31.542669512899504
225,E,71,115,196,133,57,74,89,91,72,72,71,125,161,142,60,82,78,91,83,83,97.3,83.0,35.733877483419015
226,V,44,53,44,3,10,53,54,50,52,45,43,56,60,4,3,65,47,64,34,37,41.05,46.0,19.630269993049
227,E,176,42,163,114,6,139,179,186,139,183,196,43,108,112,1,178,175,172,133,129,128.7,139.0,59.3852675332864
228,G,18,5,19,21,3,31,35,37,30,19,25,11,20,22,1,27,34,32,21,12,21.15,21.0,10.379185902564807
229,M,66,95,18,1,10,23,34,43,43,16,58,88,2,4,6,49,50,43,27,26,35.1,30.5,26.574235642817648
230,N,16,39,50,52,85,5,5,5,9,16,7,26,71,59,67,9,3,11,11,11,27.85,13.5,25.782309826700946
231,I,17,4,13,6,3,4,5,12,1,1,15,6,4,6,3,14,25,12,2,2,7.75,5.5,6.323567031351846
232,L,47,41,48,40,40,9,11,11,10,9,33,50,69,39,41,28,14,16,12,12,29.0,30.5,17.541379649275026
233,G,1,0,12,1,4,0,0,0,0,0,2,0,13,1,10,0,1,0,0,0,2.25,0.0,4.0972551787751765
234,L,7,9,3,10,2,2,1,3,2,0,7,5,7,11,5,7,8,8,8,8,5.65,7.0,3.1348843678834477
235,V,17,20,12,11,20,7,7,7,4,6,12,24,24,13,49,4,4,4,12,11,13.4,11.5,10.346013725102052
236,V,81,37,50,23,57,35,35,36,30,33,84,44,33,25,47,40,41,38,40,41,42.5,39.0,15.393180308175435
237,F,60,10,10,12,81,40,44,66,59,39,60,8,42,13,70,69,69,75,67,66,48.0,59.5,24.298148077579903
238,A,3,0,0,1,1,0,0,0,1,0,2,0,3,0,0,0,0,0,0,0,0.55,0.0,0.973396116696589
239,I,92,50,67,60,50,34,34,38,32,34,92,40,76,66,35,36,39,37,69,66,52.35,45.0,19.238697980892574
240,V,53,89,63,65,79,82,81,94,89,84,51,100,78,62,72,94,95,94,96,95,80.8,83.0,14.73295625460145
241,F,25,80,83,56,62,92,95,57,86,98,28,77,100,52,50,63,62,62,64,67,67.95,63.5,20.551094861344982
242,G,0,2,0,1,1,0,0,0,0,0,1,0,0,1,0,0,0,0,0,0,0.3,0.0,0.5567764362830021
243,V,82,48,32,61,16,28,27,27,25,29,90,32,39,58,35,28,30,30,81,83,44.05,32.0,22.57980292208061
244,A,47,63,48,37,49,48,48,44,46,47,42,58,46,41,53,45,46,45,38,49,47.0,46.5,5.856620185738529
245,L,6,35,4,14,15,15,15,6,2,13,8,46,29,13,15,4,4,6,5,7,13.1,10.5,11.139569111954017
246,R,107,93,69,67,83,104,114,68,81,103,103,109,87,54,74,79,88,80,86,72,86.05,84.5,16.0731919667501
247,K,180,147,154,190,160,153,162,157,156,161,178,163,89,189,141,164,164,163,188,189,162.4,162.5,22.034972203295375
248,L,82,107,104,106,119,88,91,79,88,89,79,94,140,103,102,93,87,96,86,94,96.35,93.5,14.153709761048516
249,G,75,22,53,54,44,31,29,44,31,30,76,24,36,38,34,34,34,34,34,31,39.4,34.0,14.413188405068462
250,P,109,105,115,86,109,111,109,112,112,119,110,119,126,106,120,124,124,112,111,115,112.7,112.0,8.509406559801924
251,E,103,152,148,157,158,172,170,171,169,170,112,156,137,154,154,156,157,147,157,153,152.65,156.0,17.47648420020457
252,G,7,1,4,5,6,0,0,1,0,0,6,1,1,8,3,1,1,1,0,0,2.3,1.0,2.6095976701399777
253,E,121,128,104,48,112,84,87,88,85,75,109,81,119,41,112,71,61,76,90,87,88.95,87.0,23.13109379169087
254,L,118,133,91,114,98,108,101,134,136,103,119,121,124,94,101,131,133,140,137,138,118.7,120.0,15.975293424535277
255,L,52,65,65,96,61,78,77,74,74,78,56,61,45,89,62,71,72,66,73,75,69.5,71.5,11.655470818461174
256,I,36,41,63,33,65,25,24,28,27,14,33,13,50,28,45,15,10,16,25,25,30.8,27.5,15.157836257197134
257,R,146,138,153,94,187,143,145,115,146,142,154,170,171,150,153,154,151,152,154,156,148.7,151.5,18.652345696989425
258,F,137,112,107,128,125,97,90,107,104,99,130,110,123,129,138,116,118,110,108,109,114.85,111.0,12.989515002493357
259,F,22,40,44,33,44,47,46,27,28,49,23,41,25,35,59,29,31,25,30,29,35.35,32.0,10.001374905481745
260,N,50,41,87,12,76,35,19,22,35,42,63,52,75,20,73,55,48,57,66,59,49.35,51.0,20.570063198736165
261,S,45,52,42,54,51,77,77,82,77,74,46,49,57,51,48,78,79,79,80,81,63.95,65.5,14.837368365043716
262,F,53,97,116,100,98,101,97,70,67,105,51,86,91,98,120,88,89,87,87,86,89.35,90.0,17.48506505564106
263,N,21,31,31,27,32,0,0,1,4,0,16,30,28,18,23,1,0,1,28,22,15.7,19.5,12.779280104919838
264,E,106,87,111,110,105,64,57,66,104,114,121,124,110,122,111,70,69,72,127,125,98.75,108.0,23.080023830143677
265,A,50,52,41,32,40,54,55,53,53,62,45,51,47,30,63,57,56,56,57,56,50.5,53.0,8.709190547921201
266,T,3,3,7,2,1,12,13,4,5,19,1,7,8,5,17,4,4,4,4,3,6.3,4.0,4.970915408654627
267,M,24,49,72,45,63,3,2,1,15,29,23,40,54,71,24,11,8,11,41,31,30.85,26.5,22.147855426654743
268,V,101,92,87,90,91,98,61,57,99,68,95,93,60,57,58,71,72,71,71,70,78.1,71.5,15.35545505675426
269,L,76,44,77,28,84,90,78,70,100,63,65,87,52,27,41,68,66,66,66,64,65.6,66.0,18.924587181759076
270,V,1,1,3,1,0,1,0,0,0,3,3,1,2,9,2,1,0,0,7,9,2.2,1.0,2.7856776554368237
271,S,56,60,46,64,71,30,34,12,23,40,60,53,39,33,35,26,28,29,66,68,43.65,39.5,16.93598240433663
272,W,62,130,149,157,168,124,158,162,149,161,70,147,182,143,162,176,177,177,173,168,149.75,159.5,31.729914906913947
273,I,6,9,9,1,20,9,34,25,13,26,5,13,11,10,12,15,13,14,14,14,13.65,13.0,7.485151969065156
274,M,19,42,14,19,7,0,1,1,0,1,14,42,19,20,35,12,14,12,45,38,17.75,14.0,14.716912040234527
275,W,21,122,71,89,93,154,123,121,129,125,15,100,120,107,75,161,166,167,150,153,113.1,121.5,42.32599673959256
276,Y,30,48,91,52,63,116,162,168,118,161,22,59,27,102,147,62,64,60,59,61,83.6,62.5,45.605262854192596
277,A,18,6,3,5,4,0,0,0,0,1,12,16,2,4,1,0,0,0,5,8,4.25,2.5,5.290321351298048
278,P,12,16,31,0,27,19,17,17,18,19,10,21,1,3,0,13,12,15,4,5,13.0,14.0,8.555699854482976
279,V,26,18,31,24,69,79,77,80,78,79,27,29,8,41,31,67,66,68,66,66,51.5,66.0,24.088378940891808
280,G,1,0,6,2,0,4,2,4,2,2,0,1,0,5,4,0,0,0,0,0,1.65,1.0,1.9045996954740907
281,I,14,1,10,5,8,0,0,0,0,0,10,9,4,3,4,0,0,0,4,8,4.0,3.5,4.2895221179054435
282,M,65,31,35,21,44,44,45,46,42,40,74,37,15,25,23,46,44,43,45,45,40.5,43.5,13.414544345597431
283,F,10,26,41,32,27,54,56,58,39,56,11,39,7,41,36,43,41,44,46,47,37.7,41.0,14.690473103341498
284,L,5,18,12,9,20,2,1,10,8,3,8,12,7,17,20,6,5,6,5,7,9.05,7.5,5.6167161224331075
285,V,26,5,10,10,13,1,4,5,4,1,41,1,4,5,11,3,3,3,6,7,8.15,5.0,9.371632728612449
286,A,0,1,1,3,0,0,3,0,0,0,2,0,0,6,8,0,0,0,0,0,1.2,0.0,2.181742422927143
287,G,26,13,6,4,4,0,0,3,2,0,13,12,2,13,16,0,0,1,3,2,6.0,3.0,6.935416353759881
288,K,110,41,36,29,42,59,83,55,90,82,103,42,22,24,23,63,74,65,23,25,54.55,48.5,27.543556415248922
289,I,30,4,5,13,4,12,33,25,29,33,34,0,2,5,1,24,23,28,1,1,15.35,12.5,12.803417512523756
290,V,6,12,13,6,12,0,0,0,1,0,10,7,21,9,19,1,1,1,8,7,6.7,6.5,6.245798587850876
291,E,4,110,60,64,65,92,120,98,119,109,4,79,98,55,106,86,84,84,117,115,83.45,89.0,33.02495268732417
292,M,53,21,51,56,30,20,28,25,21,38,73,13,41,54,58,39,36,44,38,40,38.95,38.5,14.991580970664835
293,E,130,113,108,40,145,149,120,144,114,130,154,110,149,115,124,138,149,148,200,203,134.15,134.0,33.348575681728896
294,D,91,80,67,52,121,93,93,89,95,94,87,82,52,60,52,111,116,111,88,90,86.2,89.5,20.284476823423375
295,V,139,65,49,81,15,29,38,49,30,29,137,53,24,63,11,60,49,59,23,23,51.3,49.0,34.13956648816736
296,G,25,46,28,34,33,55,57,55,58,58,23,56,47,39,41,54,54,55,51,49,45.9,50.0,11.39254141971843
297,L,99,72,82,22,81,52,55,45,54,55,94,63,41,92,47,93,78,90,33,41,64.45,59.0,22.511052840771356
298,L,27,15,4,9,2,26,30,27,30,30,36,19,6,15,5,57,43,56,4,6,22.35,22.5,16.429470472294597
299,F,175,104,134,96,138,138,134,148,145,131,187,77,163,92,127,88,91,90,102,97,122.85,129.0,30.742926015589344
300,A,52,38,47,37,59,61,60,59,62,61,59,45,57,37,54,71,68,66,52,53,54.9,58.0,9.663850164401351
301,R,137,69,51,27,6,48,42,44,44,47,125,56,8,29,28,105,88,76,18,20,53.4,45.5,35.869764426324295
302,L,33,12,10,9,22,6,1,2,4,4,35,10,34,8,31,14,10,10,14,13,14.1,10.0,10.63437821407533
303,G,39,29,19,19,43,16,12,13,12,29,39,41,28,16,35,17,16,15,39,38,25.75,23.5,11.017599557072312
304,K,126,87,57,116,84,85,87,83,88,74,119,90,86,104,67,115,120,82,103,102,93.75,87.5,18.23698165815824
305,Y,1,0,1,8,3,0,0,0,0,0,2,0,1,4,3,1,1,0,0,0,1.25,0.5,1.9461500456028564
306,I,20,39,65,16,51,28,20,22,24,32,29,42,35,13,46,5,5,4,31,34,28.05,28.5,15.545015278217003
307,L,107,104,118,123,94,103,115,104,117,87,106,100,130,118,93,111,109,108,110,110,108.35,108.5,10.105815157620883
308,C,6,0,1,7,6,1,2,1,3,0,11,0,13,9,4,0,0,0,0,0,3.2,1.0,3.9949968710876362
309,C,0,0,0,0,0,0,0,0,0,0,0,1,0,0,9,0,0,0,0,0,0.5,0.0,1.9621416870348585
310,L,63,90,42,68,21,68,60,64,59,70,81,97,58,59,105,59,61,61,64,64,65.7,63.5,17.6411450875503
311,L,78,69,117,102,92,87,79,87,79,72,77,56,85,93,69,70,70,70,69,73,79.7,77.5,13.517026300188958
312,G,9,0,1,0,1,0,0,0,0,0,7,0,1,6,3,0,0,0,0,0,1.4,0.0,2.634387974463898
313,H,9,3,20,6,39,7,11,11,4,10,12,12,10,4,10,9,9,9,9,9,10.65,9.0,7.397803728134453
314,A,43,42,48,45,33,43,43,45,42,45,58,45,54,36,52,43,41,42,43,44,44.35,43.0,5.424711973920827
315,I,68,63,60,58,87,53,42,49,40,53,47,44,63,74,38,53,47,48,47,47,54.05,51.0,11.947698523146622
316,H,8,4,0,1,8,0,0,0,0,0,7,0,1,3,10,0,0,0,0,0,2.1,0.0,3.2848135411313684
317,G,11,5,2,3,0,3,2,3,3,2,15,0,1,2,2,2,2,2,2,2,3.2,2.0,3.4871191548325386
318,L,141,88,98,97,71,124,120,90,106,123,126,85,67,99,99,105,94,101,89,86,100.45,98.5,18.285171587928836
319,L,76,92,109,123,118,117,116,117,112,117,67,92,77,136,101,104,105,101,104,104,104.4,104.5,16.59337217083978
320,V,2,13,34,35,37,27,27,27,27,29,3,15,26,34,10,34,34,28,37,36,25.75,27.5,10.82993536453473
321,L,1,5,1,3,11,0,1,0,0,0,4,6,3,4,7,2,4,3,2,1,2.9,2.5,2.7367864366808017
322,P,37,43,6,24,14,20,17,9,7,15,35,25,29,19,39,3,2,2,3,3,17.6,16.0,13.196211577570283
323,L,25,80,92,99,81,99,95,95,88,91,36,86,92,96,77,102,97,104,99,102,86.8,93.5,20.220286842673623
324,I,12,10,44,31,24,17,18,22,12,23,10,10,44,33,11,24,23,28,20,19,21.75,21.0,10.054227966383097
325,Y,2,1,8,6,9,13,16,1,4,10,5,5,13,8,0,14,14,13,16,15,8.65,8.5,5.2751777221246305
326,F,165,173,102,124,152,52,69,78,110,76,132,171,98,128,103,107,93,106,112,112,113.15,108.5,32.471949433318585
327,L,31,116,105,83,87,58,99,93,97,72,87,127,120,93,82,118,97,124,109,108,95.3,97.0,22.792762009023832
328,F,45,107,142,193,101,51,68,97,90,82,55,116,85,181,61,112,121,111,120,125,103.15,104.0,38.38394846807712
329,T,18,31,9,64,8,0,4,4,13,0,18,33,31,64,5,6,7,9,5,5,16.7,8.5,18.520529150107993
330,R,199,154,196,14,108,58,167,151,194,11,184,157,179,12,69,202,186,206,200,195,142.1,173.0,68.14242437718225
331,K,22,48,29,149,61,62,112,76,41,47,28,57,37,139,34,98,114,117,108,113,74.6,61.5,39.30826885020504
332,N,107,99,79,22,51,94,109,77,77,94,111,106,63,29,68,99,76,83,98,98,82.0,88.5,24.669819618310953
333,P,55,32,34,33,14,21,19,16,11,20,28,12,53,59,20,7,7,7,6,7,23.05,19.5,16.267990041796807
334,Y,207,203,188,171,185,168,165,116,125,164,189,166,179,176,201,123,129,121,124,124,161.2,167.0,30.367087446773688
335,R,122,112,151,161,193,190,107,172,124,174,136,167,180,154,159,207,196,205,210,210,166.5,169.5,32.41218906522668
336,F,9,8,10,11,60,7,6,2,4,12,10,12,24,10,0,12,11,11,13,16,12.4,10.5,11.980818002123229
337,L,65,52,52,64,8,24,24,14,17,21,76,27,51,67,52,16,16,17,16,16,34.75,24.0,21.600636564694106
338,W,183,165,172,165,222,137,58,176,173,135,177,162,178,159,181,134,132,126,211,211,162.85,168.5,35.541911878794586
339,G,2,11,2,8,22,13,1,14,14,12,3,32,5,7,5,7,9,7,12,12,9.9,8.5,7.147726911403372
340,I,2,8,3,0,18,0,0,0,0,0,6,10,9,0,1,1,0,0,0,0,2.9,0.0,4.75289385532646
341,V,68,67,67,67,73,24,45,43,46,23,80,57,53,65,69,29,28,30,68,73,53.75,61.0,18.242464197580325
342,T,48,83,41,79,70,35,27,36,35,30,53,85,62,80,70,1,2,1,84,83,50.25,50.5,28.299955830354225
343,P,0,0,0,3,19,0,0,0,0,0,1,10,6,0,0,0,0,0,0,1,2.0,0.0,4.626013402488151
344,L,40,8,40,41,12,19,18,18,16,19,33,12,63,40,29,26,27,27,26,24,26.9,26.0,12.790230646864819
345,A,64,73,60,49,48,7,8,9,11,7,64,61,54,50,52,13,12,13,63,63,39.05,49.5,24.446830060357517
346,T,62,27,17,43,29,1,1,1,0,1,61,50,33,46,50,0,0,0,46,48,25.8,28.0,23.009997827031622
347,A,0,0,0,0,0,0,0,0,0,0,0,0,0,1,0,0,0,0,0,0,0.05,0.0,0.21794494717703364
348,F,109,91,116,111,123,62,58,48,61,57,122,86,110,110,96,67,62,80,99,102,88.5,93.5,24.019783512762974
349,G,37,23,27,49,48,0,0,2,0,0,39,21,34,55,31,2,1,2,60,47,23.9,25.0,21.016422150309026
350,T,44,25,75,65,60,0,0,1,0,0,35,21,49,68,61,11,19,21,60,60,33.75,30.0,26.23523394216259
351,S,3,13,4,20,0,5,1,5,1,4,2,15,9,17,3,4,27,26,17,10,9.3,5.0,8.216446920658589
352,S,21,9,13,14,20,5,4,6,3,10,20,7,11,9,22,12,35,40,15,14,14.5,12.5,9.468368391650168
353,S,2,6,2,3,15,6,2,3,1,2,4,9,9,3,2,2,11,14,3,4,5.15,3.0,4.114304315434142
354,S,71,50,41,50,69,0,5,4,0,1,69,60,66,39,76,7,20,13,59,59,37.95,45.5,27.67214303229874
355,A,61,14,64,57,54,1,1,2,2,3,58,26,83,65,64,2,0,1,61,60,33.95,40.0,29.766550018435122
356,T,3,1,4,1,0,0,0,0,0,0,2,3,19,0,2,0,3,2,1,1,2.1,1.0,4.0730823708832595
357,L,21,34,35,52,45,3,0,0,1,2,20,33,43,35,12,1,5,6,33,35,20.8,20.5,17.31357848626332
358,P,86,52,84,79,61,1,0,0,2,6,83,68,88,73,77,1,0,0,91,89,47.05,64.5,38.47268511554659
359,L,51,50,94,34,75,17,14,12,14,11,54,62,75,41,109,0,0,0,55,57,41.25,45.5,31.506943679132064
360,M,0,3,2,1,3,4,0,0,0,2,2,3,5,1,0,0,4,4,4,4,2.1,2.0,1.7
361,M,44,46,32,27,41,0,0,0,0,0,44,44,44,34,36,0,0,0,38,37,23.35,33.0,19.563422502210596
362,K,106,126,124,141,131,54,48,67,69,99,105,133,154,153,99,20,18,18,111,108,94.2,105.5,43.0123238153904
363,C,12,19,5,8,40,14,10,11,14,7,16,35,11,4,17,2,1,2,11,11,12.5,11.0,9.718538984847465
364,V,10,2,10,0,29,0,0,0,0,0,16,1,15,0,0,0,0,0,0,0,4.15,0.0,7.689440811918642
365,E,66,36,43,24,29,16,7,19,27,34,64,23,45,16,77,19,23,21,36,31,32.8,28.0,17.853851125177446
366,E,141,116,105,177,106,76,73,124,74,62,122,113,160,190,124,119,119,121,130,129,119.05,120.0,32.017924667285975
367,N,47,48,79,66,181,95,44,105,65,50,32,81,78,74,36,82,89,85,94,96,76.35,78.5,31.904976100915665
368,N,35,29,34,55,53,42,36,10,8,45,42,46,62,57,1,39,38,37,38,37,37.2,38.0,15.40973718140579
369,G,49,67,59,64,52,11,19,16,2,41,43,63,45,60,55,58,56,58,55,56,46.45,55.0,18.621157321713387
370,V,60,6,26,11,15,5,7,5,2,5,33,5,12,18,18,7,8,8,6,6,13.15,7.5,13.195737948292248
371,A,10,41,1,24,68,5,0,29,1,0,10,33,0,16,30,28,29,29,28,29,20.55,26.0,17.08647125652339
372,K,121,159,94,188,156,63,18,35,21,81,120,168,34,190,158,92,92,95,119,123,106.35,107.0,52.36341757372222
373,H,126,112,82,139,121,54,4,25,1,24,112,119,85,140,158,61,61,68,116,121,86.45,98.5,46.0570027248843
374,I,4,10,14,12,28,0,3,3,0,0,5,14,3,20,13,0,0,3,0,0,6.6,3.0,7.729165543575839
375,S,5,3,0,0,0,0,0,0,0,0,9,2,0,0,1,0,0,0,0,0,1.0,0.0,2.23606797749979
376,R,167,123,128,122,71,20,7,6,5,22,179,84,106,116,80,9,10,14,145,140,77.7,82.0,59.4836952449997
377,F,56,78,59,69,90,5,5,4,6,7,59,98,64,77,92,8,6,7,64,61,45.75,59.0,34.199232447527244
378,I,1,9,0,0,6,0,0,0,0,0,0,18,7,2,7,0,2,0,2,2,2.8,0.5,4.467661580737735
379,L,4,1,0,0,1,2,0,0,0,1,4,1,0,0,1,0,1,1,1,1,0.95,1.0,1.16081867662439
380,P,42,31,37,32,44,0,0,0,0,0,43,31,46,39,58,0,0,0,46,47,24.8,31.5,21.082219996954777
381,I,46,29,55,12,45,11,9,11,11,9,43,32,50,19,6,19,27,28,40,42,27.2,27.5,15.632018423735305
382,G,0,0,2,0,0,0,0,0,0,0,0,2,0,0,0,0,0,0,0,0,0.2,0.0,0.6000000000000001
383,A,10,8,12,6,18,1,1,0,0,1,9,11,12,2,21,0,4,5,4,4,6.45,4.5,5.928532702111038
384,T,66,82,61,52,89,0,1,0,0,0,71,85,80,53,71,9,6,2,63,63,42.7,57.0,34.304664405879265
385,V,4,8,13,16,4,19,17,17,10,19,15,6,5,18,0,14,21,19,20,14,12.95,14.5,6.208663302193154
386,N,5,3,3,1,6,0,0,0,0,0,8,3,1,3,4,0,1,1,0,0,1.95,1.0,2.290742237791062
387,M,7,11,18,16,5,22,15,4,14,4,19,12,9,17,1,5,31,23,7,5,12.25,11.5,7.667300698420534
388,D,8,6,0,2,3,0,0,0,0,0,5,0,1,1,1,0,0,0,0,0,1.35,0.0,2.286372673034736
389,G,1,0,0,0,0,0,0,0,0,0,0,0,0,0,0,0,0,0,0,0,0.05,0.0,0.21794494717703355
390,A,1,3,6,10,3,10,6,11,5,13,1,6,5,9,0,3,5,3,3,3,5.3,5.0,3.5227829907617076
391,A,0,0,0,0,0,0,0,0,0,0,0,0,0,0,0,0,0,0,0,0,0.0,0.0,0.0
392,L,10,0,0,0,2,0,0,0,0,0,8,0,0,2,3,0,0,0,0,0,1.25,0.0,2.7363296585024255
393,F,3,8,5,9,11,1,0,0,1,1,4,5,3,5,2,2,5,4,3,2,3.7,3.0,2.8827070610799153
394,Q,1,0,7,1,7,0,0,0,0,0,1,0,2,0,1,0,0,0,0,0,1.0,0.0,2.073644135332772
395,C,0,0,0,0,0,0,0,0,0,0,1,0,2,0,1,0,0,0,0,0,0.2,0.0,0.5099019513592785
396,V,0,0,0,5,0,0,0,0,0,0,0,0,5,7,6,0,0,0,0,0,1.15,0.0,2.329699551444349
397,A,0,0,3,0,0,0,0,0,0,0,0,0,0,0,1,0,0,0,0,0,0.2,0.0,0.6782329983125264
398,A,4,0,7,3,0,0,0,0,0,0,6,1,8,1,2,0,0,0,0,0,1.6,0.0,2.5377155080899043
399,V,5,5,2,1,7,0,0,0,1,0,7,8,7,5,18,0,1,0,0,0,3.35,1.0,4.430293444005714
400,F,2,0,2,1,1,0,0,0,0,1,4,0,1,3,6,0,0,0,2,2,1.25,1.0,1.5771810295587503
401,I,0,0,2,2,12,0,0,0,0,0,4,0,0,4,3,0,0,0,0,0,1.35,0.0,2.797766966707556
402,A,7,0,2,4,1,0,1,0,1,0,19,0,11,3,28,1,1,1,0,1,4.05,1.0,7.151748038067336
403,Q,64,48,26,46,42,16,22,17,9,36,58,57,16,45,4,33,37,29,28,28,33.05,31.0,16.267990041796804
404,L,4,0,7,1,16,3,0,2,6,6,8,5,10,6,3,19,17,19,16,19,8.35,6.0,6.6126772187972405
405,S,37,10,3,23,28,26,3,13,21,21,28,12,5,28,21,38,38,30,27,32,22.2,24.5,10.92977584399607
406,Q,134,88,72,96,156,116,115,137,132,136,142,52,48,17,66,152,171,146,152,150,113.9,133.0,42.085508194626804
407,Q,69,37,2,12,42,91,75,83,100,82,73,44,30,7,119,62,66,71,67,69,60.05,68.0,30.254710377063606
408,S,28,80,53,75,84,91,101,92,92,88,40,75,37,51,35,101,102,103,102,101,76.55,86.0,25.36626697013181
409,L,142,24,26,37,48,32,33,29,22,14,134,26,36,31,124,32,31,32,35,36,46.2,32.0,37.30227875076803
410,D,58,61,52,60,90,93,93,93,89,114,60,64,84,69,94,75,84,82,52,57,76.2,78.5,17.22091751330341
411,F,152,152,151,164,171,163,157,153,151,133,131,151,169,164,143,154,157,157,119,124,150.8,152.5,13.90898989862312
412,V,82,81,95,76,68,90,93,94,94,76,84,88,52,69,85,92,93,94,11,9,76.3,84.5,24.611176322963516
413,K,19,42,47,31,45,48,52,51,55,42,24,36,43,26,89,47,47,53,52,52,45.05,47.0,14.284519592901963
414,I,25,24,9,30,20,21,19,30,33,23,35,37,29,31,43,40,42,39,36,36,30.1,30.5,8.67121675429694
415,I,61,59,97,73,73,69,66,65,67,84,56,68,67,76,62,74,71,72,50,50,68.0,67.5,10.597169433391164
416,T,25,49,56,52,30,41,44,43,45,46,27,45,43,52,21,42,42,41,12,13,38.45,42.5,12.399495957497628
417,I,5,3,7,5,0,0,0,0,0,0,9,4,14,5,9,0,0,0,1,0,3.1,0.5,3.973663297261106
418,L,17,23,30,36,26,37,31,29,29,40,20,25,30,41,41,28,30,28,41,39,31.05,30.0,6.989098654333046
419,V,80,89,94,91,103,74,74,75,73,76,78,85,89,91,100,87,88,88,69,70,83.7,86.0,9.60260381354974
420,T,8,14,18,12,10,4,3,4,4,4,7,19,26,15,7,18,28,27,6,6,12.0,9.0,8.031189202104505
421,A,0,0,0,0,0,0,0,0,0,0,0,0,0,0,0,0,0,0,0,0,0.0,0.0,0.0
422,T,34,21,15,16,16,9,9,8,7,9,38,17,8,15,32,9,10,10,9,10,15.1,10.0,9.04930936591296
423,A,30,22,24,30,23,29,29,31,30,33,14,28,37,29,26,29,49,38,19,18,28.4,29.0,7.505997601918083
424,S,1,4,0,7,6,7,8,10,9,9,0,3,3,9,15,8,5,3,10,7,6.2,7.0,3.736308338453881
425,S,1,2,1,4,1,0,0,0,0,0,3,1,0,2,0,0,0,0,0,0,0.75,0.0,1.1346805717910218
426,V,24,23,26,14,12,33,33,32,42,32,38,28,20,20,17,46,54,44,59,52,32.45,32.0,13.268289264257092
427,G,0,1,1,10,5,37,40,37,31,37,0,5,2,14,5,38,8,19,22,12,16.2,11.0,14.651279807579952
428,A,4,5,6,3,4,6,3,11,12,11,3,5,2,2,4,4,8,1,4,3,5.05,4.0,3.0573681492420897
429,A,31,14,15,9,8,4,6,9,11,13,20,14,9,20,19,53,6,19,36,31,17.35,14.0,11.89653310843121
430,G,3,10,5,4,14,4,1,2,4,6,11,7,8,2,9,6,24,39,7,5,8.55,6.0,8.610894262502589
431,I,39,27,17,23,3,45,15,33,25,37,27,31,28,29,22,87,18,49,62,53,33.5,28.5,18.3180239108917
432,P,10,15,21,14,8,35,30,17,27,28,11,23,15,21,2,58,68,123,72,66,33.2,22.0,29.056152532639278
433,A,18,6,9,7,6,52,55,51,52,50,9,21,6,6,0,28,90,37,19,17,26.95,18.5,23.485048435121442
434,G,4,7,1,2,0,9,12,9,10,11,7,3,2,3,3,6,10,4,6,5,5.7,5.5,3.4655446902326914
435,G,6,19,15,31,13,6,3,4,5,4,11,16,16,31,1,5,21,9,8,6,11.5,8.5,8.517628778010932
436,V,4,5,8,3,21,38,36,36,28,33,3,10,12,0,5,7,11,7,6,2,13.75,7.5,12.688084961884517
437,L,2,8,1,6,10,112,119,113,118,113,8,4,2,8,3,100,34,58,16,22,42.85,13.0,47.46922687383902
438,T,3,2,3,0,5,7,6,7,7,9,0,5,1,1,10,19,1,9,6,8,5.45,5.5,4.398579316097415
439,L,0,0,3,1,0,0,0,0,0,0,0,0,1,0,2,0,0,0,0,0,0.35,0.0,0.7921489758877431
440,A,13,4,15,8,2,28,24,26,22,25,7,3,8,4,11,2,6,3,4,9,11.2,8.0,8.71550342780037
441,I,0,10,0,2,3,34,37,34,21,35,0,6,9,2,0,5,12,5,9,8,11.6,7.0,12.705904139414873
442,I,5,0,2,2,0,0,0,0,0,0,6,0,1,3,11,0,0,0,0,0,1.5,0.0,2.7838821814150108
443,L,5,0,13,1,0,0,0,0,0,0,10,0,5,1,9,0,0,0,0,0,2.2,0.0,3.9064049969249215
444,E,15,45,81,14,14,17,33,35,23,45,8,23,40,16,7,51,65,58,35,53,33.9,34.0,20.12187863992823
445,A,22,31,26,36,17,17,21,23,24,20,18,27,25,36,25,33,44,41,30,33,27.45,25.5,7.632004979034014
446,V,25,5,33,40,10,4,4,4,3,4,34,5,9,35,32,3,3,4,9,8,13.7,6.5,13.130498848101697
447,N,4,38,44,28,54,137,135,134,114,141,2,31,50,33,36,133,132,137,105,115,80.15,79.5,50.211826296202375
448,L,5,5,17,6,0,2,2,10,6,9,8,6,16,4,35,9,9,8,5,5,8.35,6.0,7.343534571308287
449,P,4,48,54,33,15,16,5,16,24,15,6,58,55,50,21,43,47,37,34,37,30.9,33.5,17.478272225823694
450,V,33,97,32,15,8,37,23,36,39,47,57,70,34,13,13,24,29,37,4,11,32.95,32.5,21.894006029048228
451,D,18,18,81,96,37,68,110,85,106,82,45,40,67,107,46,84,86,60,65,70,68.55,69.0,26.99717577821799
452,H,7,4,17,20,1,40,19,29,40,37,13,3,21,17,8,48,55,44,29,32,24.2,20.5,15.676734353812341
453,I,9,17,6,8,8,19,15,13,18,21,25,10,9,9,5,13,3,11,4,6,11.45,9.5,5.894701010229442
454,S,5,19,3,15,34,87,89,86,86,88,10,12,3,17,19,52,43,46,1,2,35.85,19.0,32.92001670716465
455,L,17,8,5,10,7,16,21,17,16,16,30,10,8,10,21,59,48,59,4,4,19.3,16.0,16.550226584551645
456,I,0,0,1,7,1,0,0,0,0,0,1,0,0,3,4,1,1,0,0,0,0.95,0.0,1.7457090250096092
457,L,13,8,6,2,10,74,82,64,81,93,10,26,5,4,2,95,88,102,33,30,41.4,28.0,37.136774227172715
458,A,14,6,15,1,13,37,47,15,28,53,29,5,4,4,8,51,52,47,10,9,22.4,14.5,18.227451824103117
459,V,1,7,14,12,12,2,17,11,9,6,1,11,4,9,12,1,0,3,20,19,8.55,9.0,6.070214164261422
460,D,16,6,17,16,12,5,4,7,31,3,9,9,6,12,3,4,30,10,5,5,10.5,8.0,7.915175298121956
461,W,54,26,23,53,14,59,31,74,18,26,11,46,29,42,9,80,74,92,113,110,49.2,44.0,31.4350123270216
462,L,65,94,84,64,64,46,49,45,44,35,99,58,58,51,79,30,28,31,56,58,56.9,57.0,19.717758493297357
463,V,0,3,2,5,7,1,0,1,0,1,0,2,0,1,11,0,0,0,0,0,1.7,0.5,2.8124722220850464
464,D,5,23,16,21,18,19,16,15,11,15,7,23,13,13,0,12,54,31,14,13,16.95,15.0,10.76789208712643
465,R,58,75,67,47,9,0,8,13,16,15,43,56,52,52,29,20,13,21,66,43,35.15,36.0,22.60591736691966
466,S,10,4,25,14,19,19,18,18,15,16,14,5,30,19,24,21,16,19,18,18,17.1,18.0,5.932115979985557
467,C,10,10,8,16,9,7,7,4,6,3,11,5,4,11,2,5,9,5,4,3,6.95,6.5,3.4420197558991434
468,T,1,0,2,7,0,12,11,7,13,7,4,1,0,8,0,4,5,5,4,4,4.75,4.0,3.960744879438715
469,V,20,15,9,18,23,24,27,28,23,27,20,17,13,14,19,34,31,30,28,28,22.4,23.0,6.598484674529448
470,L,9,11,3,13,6,6,6,5,6,6,9,2,6,15,3,4,3,4,3,4,6.2,6.0,3.4438350715445134
471,N,1,3,1,0,6,2,1,5,1,5,2,6,1,0,0,5,5,5,6,6,3.05,2.5,2.2907422377910613
472,V,1,5,1,1,7,0,0,0,0,0,1,6,11,1,0,0,1,2,4,5,2.3,1.0,2.9681644159311658
473,E,18,19,16,13,5,24,22,22,23,25,21,20,7,17,13,12,10,12,9,9,15.85,16.5,5.943694137487224
474,G,6,2,1,2,4,0,0,0,0,0,5,0,1,0,18,0,0,0,0,0,1.95,0.0,4.09237095092808
475,D,2,2,1,0,8,5,0,0,0,4,1,2,1,0,2,0,7,7,4,4,2.5,2.0,2.539685019840059
476,A,6,1,11,1,2,0,0,0,0,0,8,5,6,0,0,0,0,0,0,0,2.0,0.0,3.22490309931942
477,L,10,4,1,0,5,0,1,2,0,0,4,1,6,2,5,2,2,1,2,2,2.5,2.0,2.4596747752497685
478,G,1,0,0,0,11,0,0,0,0,1,0,0,1,0,8,0,0,0,4,3,1.45,0.0,2.923610781208744
479,A,5,0,2,0,1,0,0,0,0,0,3,0,1,0,1,0,0,0,0,0,0.65,0.0,1.2757350822173072
480,G,5,0,3,6,16,2,1,0,1,1,6,0,6,5,2,3,5,5,4,5,3.8,3.5,3.5014282800023193
481,L,1,3,27,19,7,5,0,3,1,2,1,9,14,29,1,19,6,3,26,23,9.95,5.5,9.846192157377388
482,L,2,3,2,0,1,3,4,0,1,0,0,3,4,2,5,5,0,1,10,5,2.55,2.0,2.4387496796514396
483,Q,13,13,8,33,53,4,8,10,0,16,21,30,20,28,13,26,29,31,29,27,20.6,20.5,12.228654872879519
484,N,35,13,36,62,18,11,43,5,20,29,30,2,58,75,37,14,19,20,17,18,28.1,20.0,18.886238376129853
485,Y,35,110,126,88,17,15,69,60,31,47,38,121,152,107,53,65,75,75,93,84,73.05,72.0,36.66807194276787
486,V,8,2,37,13,11,11,26,16,3,5,4,4,43,14,15,30,20,21,22,22,16.35,14.5,11.132272903589815
487,D,29,77,74,108,94,2,36,62,46,55,34,70,7,118,61,68,65,71,54,68,59.95,63.5,28.575295274064974
488,R,138,150,176,86,172,103,78,147,164,42,128,139,187,94,157,125,111,118,117,128,128.0,128.0,35.273219303034985
489,T,42,83,6,124,3,34,35,62,48,54,28,72,19,114,6,37,47,49,72,72,50.35,47.5,32.03478578046059
490,E,174,105,54,46,32,53,55,87,13,75,177,102,74,57,60,103,116,125,117,125,87.5,81.0,42.71475155025486
491,S,13,31,66,51,3,47,34,60,59,45,35,29,45,77,10,81,69,68,84,78,49.25,49.0,23.72946480643843
492,R,132,70,116,125,147,153,50,161,81,133,152,74,146,88,173,201,196,199,214,213,141.2,146.5,48.732535333183726
493,S,1,50,7,12,73,84,44,34,74,85,3,51,25,9,85,80,93,97,93,92,54.6,62.0,34.176600181995866
494,T,101,68,76,66,39,65,131,8,112,64,97,69,50,68,58,109,104,109,102,109,80.25,72.5,29.40046768335497
495,E,117,113,70,80,66,159,151,108,54,174,121,99,113,69,64,163,157,152,162,162,117.7,115.0,39.28371163726768
496,P,41,61,60,49,48,123,109,59,71,74,45,61,75,46,48,105,92,88,80,112,72.35,66.0,24.48729262290954
497,E,44,70,108,47,17,96,100,89,158,52,43,61,73,31,19,183,192,202,178,181,97.2,81.0,61.102045792264605
498,L,117,95,70,123,42,139,83,40,37,17,118,108,63,162,51,146,131,138,158,158,99.8,112.5,45.06950188320256
499,I,94,104,110,48,106,54,107,33,17,81,93,109,131,66,108,146,140,157,134,140,98.9,106.5,37.949835309260564
500,Q,14,89,146,70,93,156,53,124,96,138,3,102,135,68,106,168,158,178,176,170,112.15,115.0,50.72304702992516
501,V,64,39,115,38,22,41,71,43,85,33,66,29,82,47,55,125,119,131,138,116,72.95,65.0,37.29808976341818
502,K,155,180,139,48,174,168,162,201,151,164,171,167,160,47,171,177,192,195,194,172,159.4,169.5,40.21367926464824
503,S,30,86,113,22,57,54,52,52,71,55,27,82,123,24,59,111,84,103,108,98,70.55,65.0,31.252959859827673
504,E,92,131,141,34,187,206,151,159,197,165,74,117,170,57,157,176,189,178,183,165,146.45,162.0,47.057916443463576
505,L,148,108,107,27,29,50,52,171,125,67,125,135,104,53,28,129,143,159,159,166,104.25,116.5,48.6064553325996
506,P,92,62,129,74,122,113,114,71,88,115,81,82,76,112,123,110,118,104,114,102,100.1,107.0,19.567575220246376
507,L,68,55,162,72,65,47,78,35,63,53,31,66,130,77,100,164,172,171,172,165,97.3,74.5,50.46196587530058
508,D,30,142,106,90,88,144,84,36,108,90,23,160,93,158,94,145,144,150,144,157,109.3,107.0,42.59706562663678
509,P,84,94,127,106,137,102,130,52,71,108,69,104,126,107,131,122,123,125,127,115,108.0,111.5,22.928148638736623
510,L,15,80,56,134,121,118,47,35,48,46,14,55,121,142,128,165,163,164,164,171,99.35,119.5,53.83518830653423
511,P,39,95,100,112,46,119,112,41,96,107,52,30,98,115,47,117,115,115,119,120,89.75,103.5,32.01386418413122
512,V,93,117,74,34,26,76,124,95,15,106,75,96,93,40,65,132,132,138,133,127,89.55,94.0,37.36639533056406
513,P,86,44,105,87,72,116,67,17,55,62,98,27,76,117,38,115,115,112,119,120,82.4,86.5,32.56900366913302
514,T,133,95,80,80,71,48,122,131,33,107,132,66,121,46,85,133,135,135,138,135,101.3,114.0,34.18932581961802
515,E,158,162,100,111,167,154,55,38,1,36,160,160,201,191,104,184,193,193,196,191,137.75,160.0,60.64146683582118
516,E,36,160,155,99,166,141,186,100,37,161,31,148,150,96,65,199,195,197,201,197,136.0,152.5,56.822530742655246
517,G,46,11,49,37,12,15,72,70,16,22,41,28,56,39,7,67,69,66,72,76,43.55,43.5,23.457354923349737
518,N,41,33,134,158,42,25,46,57,69,33,11,33,103,143,71,118,101,126,142,153,81.95,70.0,47.88577554973919
519,P,11,69,71,118,18,2,49,89,63,73,5,92,97,123,12,122,121,122,120,104,74.05,81.0,42.96681859295612
520,L,18,47,153,71,35,13,44,55,68,62,11,134,111,89,6,152,154,153,149,158,84.15,69.5,54.740547129161946
521,L,16,131,85,103,66,107,60,3,1,23,8,90,114,104,50,132,135,141,176,177,86.1,96.5,54.42508612763052
522,K,4,27,175,181,67,50,89,82,8,106,24,123,184,142,133,206,189,189,199,179,117.85,128.0,67.90675592310384
523,H,50,139,130,139,66,119,40,43,3,83,74,129,125,140,15,161,183,169,202,159,108.45,127.0,56.258754874241575
524,Y,21,120,179,44,89,62,104,83,5,64,27,83,153,53,57,224,230,224,218,215,112.75,86.0,74.91453463781244
525,R,118,238,205,184,174,223,131,93,22,190,149,209,162,230,197,248,239,248,247,250,187.85,201.0,59.40056817910078
526,G,52,52,38,21,7,14,29,33,6,55,51,42,32,24,23,56,67,61,71,59,39.65,40.0,19.298380761089774
527,P,133,120,49,89,32,87,91,116,21,145,111,102,65,89,85,132,129,131,135,130,99.6,106.5,34.821545054750224
528,A,109,92,34,72,62,110,73,50,53,56,111,62,31,74,75,111,115,111,109,107,80.85,74.5,27.470484160276463
529,G,33,19,32,39,27,81,84,25,46,82,30,25,37,34,50,68,67,74,63,76,49.6,42.5,21.779348015953094
530,D,92,145,121,93,20,46,47,9,48,99,113,147,120,102,46,163,153,168,162,169,103.15,107.5,50.59473786867563
531,A,62,84,62,64,62,97,18,21,63,59,64,53,60,65,78,81,109,86,84,96,68.4,64.0,21.97817098850585
532,T,54,41,75,72,77,129,116,105,150,78,53,26,67,70,108,132,128,138,123,129,93.55,91.5,35.47460359186555
533,V,32,48,101,62,35,34,49,31,77,100,44,63,64,64,14,135,148,143,142,132,75.9,63.5,42.59565705562012
534,A,88,41,80,42,41,48,0,11,25,50,81,42,47,43,9,86,87,94,78,91,54.2,47.5,28.893944002160733
535,S,96,53,79,52,66,24,35,82,7,60,82,38,61,54,59,102,117,112,108,92,68.95,63.5,29.55414522533176
536,E,80,29,114,103,126,108,104,120,51,109,98,40,114,107,80,137,188,176,139,185,110.4,108.5,41.83586977702269
537,K,44,138,140,159,127,153,47,59,11,58,80,142,134,158,23,167,195,207,162,180,119.2,139.0,58.23280862194438
538,E,203,149,212,164,147,20,73,61,63,126,193,146,138,161,123,173,186,187,170,180,143.75,155.0,51.14965786786848
539,S,44,64,63,90,96,59,104,101,18,80,39,50,95,92,101,117,112,121,99,107,82.6,93.5,28.21240861748603
540,V,65,55,146,110,117,111,89,92,97,72,58,117,125,110,93,102,127,126,117,129,102.9,110.0,24.547708650707094
541,M,50,185,180,201,192,120,168,145,149,173,56,192,186,198,140,261,260,256,253,256,181.05,185.5,59.49325592031419
