Pos,Res,Q5W9E8_CIT_model1_dssp_acc_ACC,Q5W9E8_CIT_model2_dssp_acc_ACC,Q5W9E8_CIT_model3_dssp_acc_ACC,Q5W9E8_CIT_model4_dssp_acc_ACC,Q5W9E8_CIT_model5_dssp_acc_ACC,Q5W9E8_full_model_501148_1_dssp_acc_ACC,Q5W9E8_full_model_501148_2_dssp_acc_ACC,Q5W9E8_full_model_501148_3_dssp_acc_ACC,Q5W9E8_full_model_501148_4_dssp_acc_ACC,Q5W9E8_full_model_501148_5_dssp_acc_ACC,Q5W9E8_IT_model1_dssp_acc_ACC,Q5W9E8_IT_model2_dssp_acc_ACC,Q5W9E8_IT_model3_dssp_acc_ACC,Q5W9E8_IT_model4_dssp_acc_ACC,Q5W9E8_IT_model5_dssp_acc_ACC,Q5W9E8_ranked_0_dssp_acc_ACC,Q5W9E8_ranked_1_dssp_acc_ACC,Q5W9E8_ranked_2_dssp_acc_ACC,Q5W9E8_ranked_3_dssp_acc_ACC,Q5W9E8_ranked_4_dssp_acc_ACC,mean,median,std
1,M,236,184,223,84,14,119,149,144,94,138,186,86,195,84,20,240,247,242,245,234,158.2,166.5,74.29441432570823
2,E,121,56,181,144,89,144,159,142,160,153,174,69,194,144,88,194,169,192,188,173,146.7,156.0,40.898777487841855
3,A,83,94,53,111,82,63,60,44,55,10,70,104,80,111,100,84,98,93,100,65,78.0,82.5,25.0
4,V,106,136,133,115,107,4,22,12,25,52,68,50,98,115,121,146,108,142,137,87,89.2,106.5,45.28310943387169
5,L,111,119,131,61,68,72,88,90,90,106,108,19,89,61,86,157,106,106,102,68,91.9,90.0,28.854635676091977
6,S,74,87,90,100,68,77,75,81,75,71,77,62,116,100,68,65,64,73,75,63,78.05,75.0,13.803894378036947
7,R,171,52,157,21,183,133,126,29,176,123,191,71,139,21,185,256,190,221,226,183,142.7,164.0,68.67321166219037
8,Q,70,95,25,135,130,41,66,92,35,114,114,104,42,135,109,171,160,165,163,165,106.55,111.5,46.30386053019769
9,A,57,95,84,59,46,63,76,60,63,49,50,73,70,59,53,75,34,35,38,34,58.65,59.0,16.538666814468453
10,A,71,57,53,56,4,57,77,56,46,51,82,48,44,56,4,98,20,51,49,19,49.95,52.0,23.307670411261615
11,T,44,119,113,11,24,22,67,36,5,86,61,127,48,11,5,127,39,81,77,58,58.05,53.0,39.787529453335
12,A,52,67,81,64,70,61,44,69,53,49,62,71,15,64,58,82,58,62,61,58,60.05,61.5,13.865334471263216
13,E,82,72,80,142,72,109,119,115,109,69,123,98,62,142,45,195,22,86,82,76,95.0,84.0,37.573927130391894
14,A,13,27,28,7,6,8,22,23,16,26,12,34,29,7,14,100,25,49,46,41,26.65,24.0,20.95298308117486
15,I,123,115,89,71,107,36,32,48,16,117,122,114,20,71,103,167,77,98,110,85,86.05,93.5,38.677480528079904
16,G,57,56,6,19,52,25,29,25,34,18,48,54,23,19,56,61,18,44,55,24,36.15,31.5,16.95368691465075
17,R,170,131,154,43,57,101,130,149,163,73,134,103,162,43,57,241,55,184,180,58,119.4,130.5,55.48909802835148
18,F,45,111,178,11,67,0,34,12,52,131,40,138,130,11,18,211,82,174,133,90,83.4,74.5,62.447097610697654
19,Q,130,97,78,149,142,88,38,89,74,136,174,137,47,149,115,174,134,151,176,122,120.0,132.0,39.63079610605873
20,D,65,37,41,118,114,95,109,113,77,92,75,46,88,118,113,137,90,157,130,72,94.35,93.5,31.62637348796096
21,S,101,67,90,41,98,1,50,43,31,57,112,100,129,41,45,115,61,92,120,68,73.1,67.5,33.97631527991227
22,S,111,46,15,89,61,63,1,22,41,55,121,84,54,89,48,82,66,109,73,63,64.65,63.0,30.796550131467647
23,T,63,144,89,45,85,109,94,48,111,20,51,144,95,45,76,91,110,125,153,85,89.15,90.0,35.68371477298853
24,S,80,32,83,16,18,35,104,12,21,97,53,48,53,16,27,117,81,116,108,110,61.35,53.0,37.435644778739956
25,V,78,34,121,21,63,39,91,55,41,40,96,28,115,21,61,89,126,130,148,110,75.35,70.5,39.32845661858599
26,G,46,73,16,16,7,26,26,32,29,25,46,48,45,16,13,35,37,69,65,59,36.45,33.5,18.98282118126808
27,L,137,117,16,52,117,108,82,81,138,10,111,55,62,52,115,105,173,174,169,181,102.75,109.5,49.85967809763717
28,V,48,33,32,47,93,85,88,68,57,51,62,43,42,47,93,75,137,142,129,129,75.05,65.0,34.801544505955476
29,A,35,90,14,105,82,31,35,84,99,85,32,91,21,105,74,104,105,101,101,105,74.95,87.5,32.17370821027629
30,G,29,76,8,57,76,45,66,38,81,35,12,75,9,57,79,67,78,72,76,66,55.1,66.0,24.316455333785807
31,S,60,80,0,109,33,80,29,124,49,89,61,77,0,109,39,113,119,110,120,118,75.95,80.0,39.33633816206079
32,P,47,91,0,111,82,88,89,48,35,2,46,111,9,111,63,127,116,123,120,109,76.4,88.5,41.10766351910554
33,S,22,77,0,39,66,41,13,45,70,48,7,58,2,39,86,118,111,118,121,118,59.95,53.0,40.34659217331744
34,T,13,33,12,89,108,40,2,67,91,52,13,33,4,89,117,137,149,126,127,124,71.3,78.0,48.79866801460876
35,R,159,80,1,50,33,115,174,213,90,162,120,87,5,50,59,230,246,243,248,248,130.65,117.5,83.82856016895434
36,I,13,16,0,101,66,17,83,80,85,9,7,8,4,101,78,161,162,143,148,113,69.75,79.0,55.796841308446844
37,R,60,47,3,165,48,16,36,30,179,31,54,28,7,165,60,184,248,245,238,251,104.75,57.0,89.7089042403261
38,R,176,42,105,119,209,40,56,119,59,95,162,18,95,119,224,219,233,241,247,212,139.5,119.0,74.16838949309874
39,Q,153,7,18,160,16,62,112,123,159,38,150,9,11,160,29,199,197,173,177,187,107.0,136.5,71.65193647069142
40,A,48,57,20,51,63,4,9,15,30,5,58,58,17,51,75,92,85,90,81,93,50.1,54.0,29.842754564550507
41,D,69,131,143,123,25,0,0,6,60,6,35,109,150,123,25,162,145,125,141,141,85.95,116.0,58.337359384874446
42,N,13,110,36,114,0,44,16,55,18,10,10,98,33,114,1,148,151,150,147,156,71.2,49.5,58.20360813557867
43,V,19,46,61,94,8,16,92,73,62,59,12,44,53,94,10,131,121,110,110,108,66.15,61.5,39.0170155188733
44,V,104,97,99,24,2,9,21,1,47,23,118,99,101,24,6,104,113,116,111,120,66.95,98.0,46.10908261937121
45,L,36,24,18,20,23,81,0,65,34,131,31,37,40,20,22,116,111,121,147,151,61.4,36.5,48.203111932737286
46,K,121,111,13,79,6,148,111,139,163,30,120,128,61,79,18,197,186,188,186,188,113.6,120.5,61.677710722756245
47,S,12,20,16,0,3,17,59,43,97,89,10,21,6,0,9,105,111,104,105,102,46.45,20.5,42.927234944729435
48,T,26,5,8,3,4,48,81,34,4,60,15,8,5,3,22,134,123,138,139,132,49.6,24.0,52.39503793299515
49,S,6,16,9,0,31,93,8,83,75,24,3,18,8,0,41,122,123,95,101,102,47.9,27.5,44.141703637263475
50,Q,7,0,7,0,49,165,78,173,195,166,3,0,6,0,80,167,159,164,148,147,85.7,79.0,75.64793453888878
51,A,7,9,8,0,1,21,2,23,22,51,4,7,14,0,6,113,114,104,97,100,35.15,11.5,42.32643972743278
52,G,5,2,6,11,8,63,9,8,6,62,4,3,8,11,12,36,33,40,33,33,19.65,10.0,18.759730808303193
53,D,31,0,0,62,13,45,90,104,81,46,26,0,2,62,12,54,51,43,39,42,40.15,42.5,29.72419048519236
54,T,0,6,3,86,28,15,23,36,12,11,0,10,0,86,20,60,63,59,54,59,31.55,21.5,28.262121293349516
55,L,0,10,13,13,19,3,7,8,8,4,0,9,14,13,18,2,2,1,0,1,7.25,7.5,6.040488390850528
56,N,22,40,29,0,16,84,64,73,66,74,14,22,41,0,13,82,83,76,70,76,47.25,52.5,29.527741193663967
57,D,14,14,40,0,4,50,68,114,96,48,13,17,24,0,4,68,72,77,75,81,43.95,44.0,34.633040582657486
58,V,1,15,19,0,13,0,1,4,0,1,2,17,15,0,10,2,2,1,1,1,5.25,1.5,6.525909898244075
59,I,7,14,6,4,25,44,42,7,34,41,10,2,13,4,20,14,14,19,22,19,18.05,14.0,12.804198530169705
60,Q,63,73,27,40,59,156,148,105,153,151,52,98,34,40,77,149,145,150,127,134,99.05,101.5,46.45909491154557
61,D,49,83,28,51,24,54,55,74,60,62,37,79,54,51,43,59,61,60,62,62,55.4,57.0,14.482403115505383
62,P,66,37,130,59,3,72,73,72,73,72,84,46,117,59,31,66,73,73,72,71,67.45,72.0,26.340985175197986
63,T,94,63,74,120,6,103,106,105,108,99,74,49,51,120,11,107,112,111,111,111,86.75,104.0,33.537851749925785
64,R,83,23,26,72,71,81,88,109,102,78,76,24,11,72,78,62,66,68,72,70,66.6,72.0,25.427150843144023
65,R,70,4,50,33,28,22,24,19,20,25,77,3,58,33,30,25,24,27,23,28,31.15,26.0,18.523701034080634
66,N,130,45,90,100,91,57,50,42,59,50,127,43,108,100,83,53,51,52,50,51,71.6,55.0,28.297349699220952
67,K,136,211,142,96,116,116,108,112,106,115,103,209,160,96,117,89,88,97,95,94,120.3,110.0,34.83259967329455
68,L,10,45,50,5,67,6,5,8,4,7,7,46,107,5,36,7,8,5,5,5,21.9,7.0,27.257842908051252
69,I,12,14,24,5,64,0,3,4,0,2,9,18,37,5,62,1,1,1,1,1,13.2,4.5,19.012101409365563
70,N,3,95,28,11,71,61,68,67,71,73,4,76,28,11,18,75,78,82,82,80,54.1,69.5,30.187580227636662
71,D,101,4,77,31,25,54,42,51,39,54,97,1,91,31,5,65,64,57,57,57,50.15,54.0,28.19091165606391
72,N,36,7,55,97,34,7,5,5,4,5,18,8,63,97,31,9,9,9,7,8,25.7,9.0,29.11030745285937
73,N,101,0,29,80,29,48,48,46,54,46,105,0,46,80,8,51,51,58,54,59,49.65,49.5,27.662745706093602
74,L,74,8,120,141,38,1,0,0,2,1,69,7,145,141,37,4,4,4,3,3,40.1,5.5,53.03857087064093
75,L,89,85,110,79,62,2,2,2,0,2,100,31,91,79,55,3,3,2,2,1,40.0,17.0,41.15944606041243
76,K,22,140,121,151,79,41,40,40,29,43,28,151,132,151,83,41,44,44,49,45,73.7,44.5,46.57370502762261
77,G,2,43,6,4,32,0,0,0,0,0,15,46,7,4,31,0,0,0,0,0,9.5,1.0,14.984992492490612
78,I,76,106,128,9,89,0,0,1,0,0,62,124,122,9,78,4,3,3,2,3,40.95,6.5,49.08001120619269
79,I,10,22,28,13,53,22,30,29,26,24,13,31,59,13,40,36,33,37,36,31,29.3,29.5,12.337341690980272
80,M,128,125,182,119,3,0,0,1,3,0,127,105,178,119,5,0,0,0,6,1,55.1,4.0,67.69556854034096
81,G,29,26,14,24,6,17,18,20,18,13,28,37,36,24,12,22,21,19,33,19,21.8,20.5,7.846018098373213
82,R,166,127,152,103,209,166,164,133,156,167,153,109,203,103,217,157,155,103,133,132,150.4,154.0,32.88981605299732
83,D,165,143,156,147,108,117,97,141,119,117,163,122,177,147,120,142,142,145,140,138,137.3,141.5,19.84212690212418
84,G,17,34,52,19,21,1,2,0,5,1,25,30,48,19,15,0,0,2,2,1,14.7,10.0,15.943964375273797
85,P,88,111,27,70,110,6,6,7,14,7,74,109,46,70,100,27,26,18,17,17,47.5,27.0,38.54542774441607
86,V,42,18,51,14,42,73,70,74,80,76,39,18,37,14,40,73,71,82,78,79,53.55,60.5,24.09040265333894
87,P,17,25,1,27,115,51,49,53,41,52,10,32,6,27,119,49,49,47,46,45,43.05,45.5,29.326566454326016
88,S,5,4,7,1,42,6,3,2,2,2,1,3,4,1,45,1,0,2,1,1,6.65,2.0,12.42286198909092
89,S,7,9,9,2,68,104,106,104,110,106,1,9,6,2,74,98,99,71,78,74,56.85,72.5,43.59389292091267
90,R,77,176,85,99,208,101,102,99,99,100,115,134,89,99,213,114,96,125,122,128,119.05,101.5,36.96007981593114
91,E,58,101,75,23,135,66,67,56,65,68,89,53,71,23,170,83,81,87,84,83,76.9,73.0,32.14482851097514
92,L,16,25,9,0,104,0,0,0,0,0,6,23,11,0,101,0,0,0,0,0,14.75,0.0,30.26032881513352
93,I,6,29,46,8,10,2,0,0,0,2,9,26,41,8,17,1,1,3,4,3,10.8,5.0,13.526270735128735
94,V,135,36,93,40,26,65,57,63,62,60,120,43,103,40,33,68,64,65,65,64,65.1,63.5,27.736077588584873
95,R,152,130,137,8,0,68,64,96,63,63,215,109,128,8,3,68,68,72,70,72,79.7,69.0,53.26734459309943
96,P,57,111,45,33,1,14,37,26,30,17,46,93,34,33,2,40,41,38,36,38,38.6,36.5,25.293082058143884
97,D,53,180,48,87,94,141,145,148,145,142,63,176,36,87,91,144,148,138,135,141,117.1,139.5,42.160289372820955
98,T,10,56,44,71,27,67,66,76,85,66,4,31,50,71,28,85,83,102,109,110,62.05,66.5,29.950751242665017
99,L,33,37,6,31,17,5,4,4,4,3,45,37,16,31,11,10,10,12,15,15,17.3,13.5,12.973434394947239
100,R,104,153,92,3,131,115,140,121,133,116,155,139,91,3,152,97,94,109,109,97,107.7,112.0,40.398143521701584
101,A,47,22,55,23,27,20,19,30,26,26,66,36,59,23,36,30,30,31,33,27,33.3,30.0,12.938701635017324
102,I,107,74,35,19,108,83,78,76,76,75,91,80,40,19,101,82,83,90,89,83,74.45,81.0,25.332735738565624
103,I,88,111,129,136,109,62,68,56,32,27,95,116,135,136,126,75,76,70,82,81,90.5,85.0,32.63357167090357
104,N,62,42,107,53,16,41,23,66,17,24,47,39,86,53,11,57,64,56,60,58,49.1,53.0,23.27853088147961
105,N,82,108,104,43,117,45,13,41,3,17,84,107,99,43,133,99,96,93,96,97,76.0,94.5,37.1012129181783
106,R,106,73,90,38,181,86,160,168,43,66,92,80,47,38,150,162,139,186,188,180,113.65,99.0,53.33411197348279
107,A,54,52,52,55,71,0,14,5,12,7,57,65,49,55,56,48,45,49,41,48,41.75,49.0,20.849160654568326
108,T,59,10,25,14,66,17,73,54,16,4,46,14,29,14,49,51,34,36,38,37,34.3,35.0,19.557862868933306
109,I,69,7,49,49,109,6,39,9,2,20,68,20,51,49,148,45,43,48,47,33,45.55,46.0,34.23810012252432
110,E,27,7,53,2,69,39,44,61,66,56,27,7,71,2,51,81,39,70,72,60,45.2,52.0,24.850754515708367
111,T,55,32,30,34,37,32,33,23,25,31,48,33,26,34,44,32,8,28,29,4,30.9,32.0,11.170944454252739
112,T,1,13,7,10,30,10,8,13,15,24,8,11,9,10,36,7,8,25,26,9,14.0,10.0,8.916277250063503
113,T,28,26,49,41,15,28,26,25,27,26,82,31,53,41,23,45,35,43,41,20,35.25,29.5,14.645391766695761
114,M,76,56,62,52,94,27,27,23,28,27,69,82,44,52,90,28,3,20,28,3,44.55,36.0,26.751588737867515
115,E,14,48,2,10,108,51,69,73,73,70,17,66,9,10,109,65,17,70,89,22,49.6,58.0,33.54906854146624
116,A,54,65,50,5,59,43,32,27,26,27,33,64,46,5,51,35,32,22,6,29,35.55,32.5,17.909424893055615
117,E,82,63,81,53,9,25,44,43,54,18,83,78,93,53,45,43,45,48,32,10,50.1,46.5,23.82414741391599
118,F,2,5,3,1,14,26,31,39,37,49,2,31,3,1,6,26,27,41,83,37,23.2,26.0,20.920325045275945
119,T,4,21,4,5,20,0,6,3,1,0,2,29,1,5,9,0,0,0,7,2,5.95,3.5,7.877023549539508
120,E,93,95,85,61,87,21,29,29,15,56,92,110,76,61,73,87,79,75,74,50,67.4,74.5,26.094827073579165
121,T,26,13,49,24,9,30,41,23,8,33,26,19,55,24,4,35,38,33,44,34,28.4,28.0,13.301879566437218
122,L,2,1,5,3,4,0,0,0,0,0,2,4,2,3,6,0,0,0,15,0,2.35,1.5,3.453621287865825
123,M,0,52,18,17,18,0,0,3,0,5,0,66,14,17,11,3,2,1,3,3,11.65,3.0,17.254781945883874
124,E,29,93,58,117,118,51,43,43,41,34,25,63,74,117,111,28,32,28,24,22,57.55,43.0,33.98157589047336
125,S,72,98,14,3,17,49,48,51,40,49,77,99,11,3,15,50,49,45,45,47,44.1,47.5,27.329288318578662
126,N,127,69,11,52,32,10,16,5,14,7,95,56,21,52,16,2,3,7,5,2,30.1,15.0,33.836223193494874
127,Y,84,11,171,65,26,7,6,10,8,9,134,14,199,65,25,7,8,6,9,8,43.6,10.5,57.674431076517784
128,N,27,82,104,8,110,18,20,17,23,26,19,60,112,8,118,26,20,26,26,28,43.9,26.0,37.29061544142172
129,S,0,9,25,4,59,49,47,50,52,53,5,13,41,4,49,72,13,42,51,12,32.5,41.5,22.197972880423112
130,A,0,5,9,2,18,52,53,54,46,55,0,12,7,2,11,45,45,52,52,49,28.45,31.5,22.352796245660183
131,S,13,61,15,0,45,0,0,0,0,0,13,43,26,0,31,0,0,0,1,1,12.45,0.5,18.298838760970593
132,V,0,17,23,0,23,4,2,2,3,3,0,12,6,0,16,0,1,0,7,2,6.05,2.5,7.5728132157078845
133,K,0,155,156,138,139,135,134,135,124,125,0,125,146,138,199,88,56,138,152,83,118.3,135.0,48.85601293597339
134,V,28,5,89,16,104,17,22,28,24,20,54,33,63,16,124,50,49,74,73,69,47.9,41.0,32.03107865807831
135,S,9,104,96,64,19,0,0,0,0,0,15,127,93,64,19,0,0,0,0,0,30.5,4.5,42.08622102303793
136,A,0,7,16,33,2,18,21,13,18,14,0,3,28,33,3,18,15,13,33,21,15.45,15.5,10.528413935631523
137,P,3,50,35,36,0,15,8,3,24,23,7,32,7,36,0,32,30,38,32,39,22.5,27.0,15.22990479287379
138,F,23,2,43,4,30,53,44,47,30,47,30,13,34,4,25,57,59,55,53,72,36.25,38.5,19.613452016409553
139,I,1,29,4,3,1,1,2,1,8,4,1,48,9,3,0,2,2,4,27,10,8.0,3.0,12.087183294713455
140,T,51,35,32,13,25,13,13,4,13,0,55,37,26,13,18,13,13,6,36,39,22.75,15.5,15.1158029889252
141,A,3,9,68,3,10,23,20,19,21,22,4,17,23,3,16,9,10,23,22,11,16.8,16.5,13.797101144805746
142,N,106,45,5,1,13,28,14,34,20,32,131,34,4,1,16,43,43,25,44,52,34.55,30.0,32.167491353849776
143,S,6,5,3,8,8,7,22,9,9,14,5,16,5,8,4,15,16,8,21,58,12.35,8.0,11.778263878857528
144,E,96,109,68,23,93,94,84,99,26,105,125,123,16,23,116,111,112,97,127,137,89.2,98.0,36.9643071083444
145,Y,57,181,162,8,114,32,9,27,79,52,70,139,93,8,115,24,24,25,25,66,65.5,54.5,51.577611422011394
146,S,17,2,1,2,17,35,85,35,26,48,17,11,1,2,8,48,48,40,41,34,25.9,21.5,21.621517060557988
147,E,11,10,22,6,8,146,133,85,117,96,8,26,17,6,8,168,171,106,179,186,75.45,55.5,68.02681456602242
148,S,19,66,89,1,42,100,113,73,94,111,26,65,81,1,39,104,105,107,100,91,71.35,85.0,36.32943021848815
149,S,54,61,90,33,46,38,46,36,38,62,76,52,69,33,63,43,45,39,43,28,49.75,45.5,15.67123160444003
150,S,70,72,49,110,8,95,98,104,81,29,65,83,30,110,4,77,78,77,86,69,69.75,77.0,30.35107082130711
151,F,3,58,36,65,15,14,10,59,12,28,5,78,36,65,13,7,10,25,21,19,28.95,20.0,22.84398170197131
152,K,13,31,12,166,55,90,89,91,96,91,14,18,6,166,48,88,87,87,95,84,71.35,87.0,45.39633795803358
153,N,33,75,8,91,11,44,83,61,31,36,59,66,26,91,22,76,86,94,30,62,54.25,60.0,27.524307439061932
154,T,55,40,0,10,15,52,50,54,53,40,49,39,6,10,16,50,51,57,56,66,38.45,49.5,20.083513138890815
155,E,2,42,74,14,49,59,71,40,50,72,2,45,97,14,53,104,97,131,47,108,58.55,51.5,35.204367626759044
156,T,3,1,27,56,57,68,72,70,93,96,3,9,22,56,86,93,93,92,82,92,58.55,69.0,34.052129155164444
157,E,52,16,93,122,100,76,81,70,72,105,43,27,83,122,120,66,63,84,75,65,76.75,75.5,28.381111676606327
158,K,142,39,7,88,121,56,31,46,44,30,143,23,9,88,135,17,4,19,13,8,53.15,35.0,47.221049331839296
159,S,64,2,27,55,75,2,3,1,2,6,62,0,40,55,81,0,1,0,0,0,23.8,2.5,29.355749011054037
160,M,33,5,41,57,107,1,2,1,1,2,34,4,6,57,114,0,0,0,9,4,23.9,4.5,34.37280902108525
161,Y,25,0,69,20,120,9,0,6,6,6,48,0,41,20,63,14,13,4,3,2,23.45,11.0,30.10394492421218
162,T,52,35,10,32,63,0,1,0,0,0,53,48,22,32,110,1,0,0,3,2,23.2,6.5,29.148927939119815
163,S,29,42,47,21,15,0,0,4,0,13,31,28,26,21,19,2,3,0,2,2,15.25,14.0,14.590664823783733
164,S,31,21,11,15,7,0,0,0,0,1,36,11,4,15,1,0,0,0,0,0,7.65,1.0,10.692403845721506
165,R,36,6,86,31,93,1,0,5,1,18,40,21,59,31,75,9,9,2,4,6,26.65,13.5,28.991852303707674
166,Y,21,14,0,35,27,0,1,4,31,0,34,1,0,35,27,38,47,71,41,69,24.8,27.0,21.81192334481304
167,L,3,0,14,29,25,2,2,3,2,4,13,3,15,29,13,7,7,5,6,6,9.4,6.0,8.8
168,F,0,14,1,4,4,0,0,5,5,2,1,24,1,4,12,18,19,18,20,20,8.6,4.5,8.218272324521742
169,P,3,0,0,1,2,6,5,13,5,2,3,1,0,1,2,7,6,8,8,8,4.05,3.0,3.4420197558991434
170,Q,12,13,5,1,7,8,2,9,4,11,12,13,4,1,1,5,5,5,11,13,7.1,6.0,4.253234063627348
171,G,0,6,9,5,6,3,2,3,2,2,0,8,10,5,11,0,0,0,0,0,3.6,2.5,3.59722114972099
172,R,14,33,10,6,22,79,58,67,52,60,21,39,14,6,15,62,60,68,65,68,40.95,45.5,24.597713308354496
173,I,15,29,28,14,54,2,3,1,2,2,13,34,31,14,43,0,0,0,0,0,14.25,8.0,16.20763708873073
174,D,5,2,10,0,5,19,24,25,18,17,5,2,7,0,3,9,12,17,19,14,10.65,9.5,7.805606959103182
175,F,25,53,63,19,65,8,8,10,7,7,30,48,69,19,98,11,13,16,15,11,29.75,17.5,25.918863786825224
176,T,8,4,11,3,5,18,60,25,39,25,3,1,3,3,9,9,10,5,11,7,12.95,8.5,14.249473674490575
177,T,5,8,39,27,27,15,31,25,30,22,5,10,20,27,53,34,35,30,31,25,24.95,27.0,11.71099910340702
178,P,10,17,5,30,12,101,78,103,56,114,4,35,23,30,11,45,46,41,46,42,42.45,38.0,32.355022793995985
179,D,32,25,0,4,44,176,180,90,181,147,19,38,0,4,48,115,116,114,113,111,77.85,69.0,62.099335745239664
180,S,20,6,1,4,3,55,39,99,110,45,16,9,3,4,7,39,42,44,43,43,31.6,29.5,30.243015722642472
181,G,15,11,0,1,14,72,58,64,25,90,8,8,3,1,5,74,74,74,74,71,37.1,20.0,32.78093958384964
182,F,28,68,38,10,43,73,142,133,107,108,23,55,55,10,18,112,111,128,126,134,76.1,70.5,45.472958997628474
183,D,37,58,55,50,55,79,130,113,105,88,32,51,61,50,65,172,174,173,172,173,94.65,72.0,51.06982964530036
184,D,93,84,62,120,53,121,49,109,135,33,103,91,63,120,50,80,81,88,78,92,85.25,86.0,27.07004802359981
185,V,56,39,13,45,16,39,79,39,39,62,62,51,12,45,8,46,55,37,46,40,41.45,42.5,17.74394262840139
186,I,130,136,146,130,129,16,42,35,16,24,143,140,149,130,118,24,25,25,20,22,80.0,80.0,55.72880763124221
187,K,127,118,164,145,134,109,133,110,103,163,121,113,151,145,123,155,149,157,153,154,136.35,139.5,19.126617578652006
188,L,22,38,48,10,6,24,14,24,24,23,16,23,52,10,26,24,17,25,25,25,23.8,24.0,11.174077143102243
189,S,25,33,66,39,36,8,11,8,12,11,53,28,69,39,38,5,5,8,10,9,25.65,18.5,19.81987638710191
190,P,120,72,37,109,109,83,75,82,87,87,106,7,44,109,94,84,79,76,78,78,80.8,82.5,26.1698299574147
191,Q,57,32,16,66,43,112,110,112,116,115,37,24,19,66,38,123,110,122,122,121,78.05,88.0,40.31807907130497
192,F,50,3,141,21,29,0,0,0,0,0,52,4,125,21,22,0,0,0,0,0,23.4,1.5,39.99424958665933
193,T,67,18,64,70,31,24,24,25,22,23,67,2,81,70,20,45,46,49,50,48,42.3,45.5,21.764879967507287
194,S,73,25,82,107,98,67,68,68,69,66,70,25,76,107,92,67,67,75,75,74,72.55,71.5,20.28909805782406
195,G,61,37,19,38,57,16,21,17,24,17,60,35,29,38,52,20,20,21,21,21,31.2,22.5,14.938540758722052
196,V,19,32,9,6,10,0,0,0,0,0,20,37,3,6,11,3,2,1,1,1,8.05,3.0,10.622970394385932
197,Q,99,30,89,45,32,100,95,100,97,101,105,39,60,45,78,133,133,101,98,100,84.0,97.5,30.515569796417044
198,A,68,16,40,78,57,51,49,55,54,54,68,23,36,78,66,54,53,60,59,59,53.9,54.5,15.400973995173164
199,A,13,24,26,59,2,3,3,3,4,2,17,12,28,59,2,2,3,4,4,4,13.7,4.0,17.265862272125304
200,L,15,16,20,15,13,23,22,20,12,14,12,16,10,15,20,21,23,14,14,16,16.55,15.5,3.8272052466519226
201,A,77,53,63,14,32,80,81,80,79,80,46,57,64,14,38,82,84,84,83,83,63.7,78.0,22.902183302034764
202,K,22,112,160,177,111,104,93,98,97,98,35,115,156,177,71,98,97,101,103,100,106.25,100.5,38.44330240757159
203,A,50,71,42,25,42,84,90,81,91,92,52,70,47,25,47,95,94,94,85,93,68.5,76.0,24.00937316966022
204,T,122,95,92,105,131,66,67,62,65,65,121,92,116,105,116,67,68,68,69,69,88.05,80.5,23.391184236801692
205,G,20,22,34,28,2,10,25,23,15,39,25,23,32,28,1,33,16,31,34,17,22.9,24.0,10.13360745243272
206,T,2,28,5,134,49,57,57,63,58,58,2,38,3,134,49,69,69,61,67,57,53.0,57.0,35.34119409414458
207,E,109,171,87,142,90,106,88,89,86,90,102,163,96,142,92,91,94,88,91,90,105.35,91.5,25.92156438180381
208,K,160,120,74,62,120,44,67,57,44,57,172,120,81,62,117,63,62,62,60,61,83.25,62.5,36.758502417808046
209,R,149,133,181,147,57,27,37,31,25,27,194,143,224,147,42,30,6,23,25,5,82.65,39.5,70.37419626539261
210,E,84,40,112,57,31,62,62,54,76,41,84,30,130,57,35,19,17,34,18,37,54.0,47.5,29.9833287011299
211,A,0,6,7,19,2,18,22,16,21,21,4,5,25,19,2,24,24,23,22,22,15.1,19.0,8.705745229444748
212,L,1,31,3,18,0,0,1,0,1,0,0,34,4,18,1,0,0,0,0,0,5.6,0.5,10.408650248711405
213,Q,90,48,3,63,110,44,33,42,62,48,37,28,18,63,110,41,38,39,14,45,48.8,43.0,27.570999256465115
214,N,78,90,41,66,60,85,86,82,63,85,82,71,58,66,62,105,104,100,100,98,79.1,82.0,17.317332358074093
215,L,4,15,0,9,2,28,17,24,14,25,3,8,1,9,4,14,14,22,23,23,12.95,14.0,8.794742747801097
216,F,29,20,9,46,33,5,0,4,3,6,17,8,13,46,32,9,9,13,10,11,16.15,10.5,13.43605224759118
217,Q,117,135,106,132,150,55,46,87,56,57,150,124,145,132,118,71,75,62,50,78,97.3,96.5,36.170568145938766
218,E,99,93,74,75,40,93,93,88,93,92,88,112,99,75,29,68,76,84,85,87,82.15,87.5,18.892524976826152
219,Y,25,22,6,99,49,23,19,21,23,19,16,28,7,99,37,4,4,6,8,12,26.35,20.0,26.661348428014666
220,G,12,6,4,7,11,0,0,0,0,0,8,6,11,7,11,0,0,0,0,0,4.15,2.0,4.54175076374739
221,H,1,10,23,5,11,11,1,10,16,18,15,10,12,5,8,12,15,15,14,21,11.65,11.5,5.712048669260444
222,V,2,4,9,1,12,0,0,0,0,0,1,5,9,1,10,0,0,0,4,0,2.9,1.0,3.8845849199110063
223,F,4,21,11,8,77,0,2,2,2,4,1,26,16,8,75,2,2,0,0,1,13.1,3.0,22.133458834985554
224,R,1,9,1,1,25,13,12,16,11,13,0,11,2,1,17,28,28,25,23,25,13.1,12.5,9.741149829460586
225,T,32,6,24,11,3,0,19,15,10,13,29,6,28,11,1,0,0,0,0,0,10.4,8.0,10.584894897919394
226,K,106,74,42,17,72,37,44,37,46,42,94,62,56,17,67,47,50,58,56,53,53.85,51.5,21.352458874799407
227,V,3,2,5,1,2,0,0,0,0,1,2,2,10,1,0,0,0,1,1,0,1.55,1.0,2.3124662159694354
228,H,5,22,4,0,15,26,25,34,28,16,5,24,5,0,6,29,29,30,30,28,18.05,23.0,11.530286206335036
229,I,7,8,7,3,1,2,3,4,2,3,4,4,6,3,2,0,0,0,0,0,2.95,3.0,2.4591665254715878
230,G,1,1,0,0,4,0,0,0,0,0,1,1,0,0,10,0,0,0,0,0,0.9,0.0,2.2781571499789033
231,G,0,0,9,0,2,0,0,0,0,0,0,0,13,0,3,0,0,0,0,0,1.35,0.0,3.3656351555092834
232,V,0,1,0,1,2,2,1,0,1,0,0,2,2,1,4,0,0,0,1,0,0.9,1.0,1.044030650891055
233,L,1,14,1,5,42,0,9,0,0,1,1,16,16,5,47,0,0,2,3,3,8.3,2.5,13.153326575433306
234,S,0,0,1,0,4,4,8,0,3,3,0,6,2,0,6,0,0,0,0,0,1.85,0.0,2.4753787588973126
235,A,3,2,4,7,15,0,0,0,0,0,8,7,6,7,19,0,0,0,0,0,3.9,1.0,5.281098370604358
236,H,1,7,8,2,13,2,2,3,2,6,4,12,6,2,14,9,8,1,1,1,5.2,3.5,4.166533331199931
237,T,2,1,0,4,15,3,2,4,4,5,8,0,0,4,12,9,7,3,2,3,4.4,3.5,3.903844259188627
238,M,0,6,0,8,23,65,68,32,63,74,1,20,1,8,15,42,41,48,39,35,29.45,27.5,24.276480387403772
239,E,0,5,3,0,10,9,63,12,13,25,1,1,0,0,2,28,27,28,34,28,14.45,9.5,16.10737408766556
240,T,8,6,17,4,21,54,51,65,33,49,12,13,0,4,9,41,42,52,50,42,28.65,27.0,20.59678372950495
241,F,46,24,38,32,32,4,4,4,5,7,42,22,46,32,26,7,7,5,7,6,19.8,14.5,15.390256658028807
242,S,25,12,0,20,8,29,55,33,39,44,34,6,26,20,6,42,41,44,41,39,28.2,31.0,15.210522673465237
243,R,117,72,73,144,113,165,155,179,147,109,126,114,100,144,110,101,83,91,63,86,114.6,111.5,31.834572401714464
244,S,5,46,13,7,16,104,123,97,107,105,1,45,17,7,18,108,109,106,93,110,61.85,69.5,45.908904365057545
245,E,30,90,70,75,72,56,61,54,79,90,39,128,84,75,67,73,71,63,68,69,70.7,70.5,19.56041921841145
246,N,85,70,41,98,81,74,80,103,85,79,99,91,35,98,76,96,95,77,78,80,81.05,80.5,17.1478132716682
247,E,75,89,122,166,177,57,56,65,44,69,39,82,140,166,173,66,51,57,53,53,90.0,67.5,46.784612855083026
248,T,70,60,68,55,48,77,93,82,90,72,37,59,80,55,52,87,105,82,82,84,71.9,74.5,16.91715106038839
249,E,71,74,113,125,149,33,114,39,93,64,70,55,112,125,160,93,90,94,94,94,93.1,93.5,32.451348200036314
250,V,4,6,10,7,26,1,0,0,2,1,2,4,14,7,28,0,0,2,3,4,6.05,3.5,7.838845578272352
251,K,81,54,74,68,110,54,51,51,48,45,66,61,60,68,119,60,37,57,68,46,63.9,60.0,19.84918134331993
252,Q,92,89,90,93,169,37,123,35,121,46,100,71,80,93,136,102,104,126,122,123,97.6,96.5,32.676291099205244
253,D,25,6,7,5,33,2,10,3,7,13,31,7,19,5,20,12,15,6,7,7,12.0,7.0,8.87130204648675
254,V,5,0,7,0,19,1,4,0,1,0,16,1,7,0,4,0,0,0,4,3,3.6,1.0,5.2
255,K,95,70,120,62,2,58,77,53,73,71,95,87,102,62,0,71,11,93,93,41,66.8,71.0,31.924285426615267
256,A,50,41,28,16,10,16,57,34,15,56,45,23,27,16,1,45,47,56,53,55,34.55,37.5,17.62519503438189
257,G,9,10,4,20,2,12,14,12,9,15,8,7,4,20,3,17,19,14,16,15,11.5,12.0,5.527205442174192
258,L,16,7,6,26,8,0,0,0,0,0,17,5,7,26,15,0,0,0,0,0,6.65,2.5,8.545612909557747
259,E,45,69,100,27,2,3,56,22,35,60,54,72,78,27,3,54,56,39,40,29,43.55,42.5,25.472485155555592
260,G,13,36,26,66,10,49,32,43,22,28,18,30,18,66,15,44,42,41,41,40,34.0,34.0,15.508062419270823
261,A,43,50,2,88,38,15,9,10,17,12,48,48,2,88,36,19,20,12,12,12,29.05,18.0,24.84647862374063
262,V,9,10,15,33,30,1,3,0,0,2,9,11,28,33,29,0,0,2,3,3,11.05,6.0,12.051867075270952
263,K,79,49,116,188,109,12,63,134,87,73,67,42,61,188,115,131,138,132,135,121,102.0,112.0,45.41365433435191
264,G,30,42,39,46,23,16,0,16,21,14,30,49,34,46,41,13,12,46,47,40,30.25,32.0,14.439096232105388
265,W,127,163,126,191,117,7,38,3,24,8,126,165,113,191,112,1,1,31,23,2,78.45,75.0,68.62541438854849
266,G,74,70,30,11,51,5,0,24,15,0,62,52,28,11,47,5,5,45,41,44,31.0,29.0,23.40726382984564
267,G,70,77,22,38,32,35,0,37,57,8,75,74,22,38,45,31,32,76,68,72,45.45,38.0,23.448827262786516
268,G,38,24,69,47,95,23,3,32,37,42,42,11,69,47,87,34,31,42,67,71,45.55,42.0,23.50420175202723
269,A,56,86,74,83,39,37,4,85,80,61,64,82,73,83,38,86,87,117,94,98,71.35,81.0,25.40526520231584
270,T,137,118,126,155,115,125,42,41,88,81,133,122,128,155,129,67,69,61,46,57,99.75,116.5,37.517829094978296
271,A,60,64,67,49,32,39,44,70,70,53,61,47,53,49,48,86,84,57,57,12,55.1,55.0,16.573774464496616
272,G,55,66,51,73,27,2,3,19,1,2,43,69,50,73,35,18,18,38,28,26,34.85,31.5,23.816538371476238
273,H,190,161,180,127,171,95,133,105,97,138,193,160,181,127,193,40,41,99,43,145,130.95,135.5,48.97394715560509
274,G,56,49,68,80,46,24,2,12,15,16,57,75,58,80,54,6,7,24,13,10,37.6,35.0,26.543172380105588
275,N,114,101,114,88,120,104,91,112,115,112,115,94,116,88,123,81,79,110,113,110,105.0,111.0,13.053735097664577
276,T,106,108,107,106,108,21,60,46,52,62,103,107,115,106,82,72,69,38,29,37,76.7,77.0,30.933961918900724
277,Q,145,119,68,76,106,155,135,139,133,129,126,87,68,76,82,153,149,150,160,161,120.85,131.0,32.27115585162701
278,G,32,18,28,6,3,32,25,27,33,28,32,9,26,6,13,30,29,16,18,22,21.65,25.5,9.60351498150547
279,T,83,82,67,62,74,85,87,85,84,83,81,73,71,62,65,86,90,80,73,74,77.35,80.5,8.445560964198883
280,I,20,56,21,28,72,28,28,29,35,32,22,47,14,28,18,24,24,29,23,23,30.05,28.0,13.399533573971892
281,T,20,20,23,26,27,83,82,81,63,87,21,19,21,26,28,83,85,87,88,85,52.75,45.5,30.124533191403977
282,T,35,82,49,60,74,8,9,9,1,9,48,81,71,60,65,9,9,9,8,9,35.25,22.0,29.15626004822978
283,S,1,8,23,57,39,40,84,67,33,103,1,25,23,57,21,102,104,104,106,105,55.15,48.5,37.76145521560312
284,Q,3,7,1,5,4,66,120,105,84,65,7,6,1,5,5,108,110,89,90,98,48.95,36.0,46.241188349781844
285,N,77,85,38,61,80,136,130,131,103,132,87,70,60,61,104,131,131,135,135,135,101.1,103.5,32.00609316989501
286,R,191,117,187,197,222,58,60,45,100,48,162,142,173,197,202,36,36,38,44,35,114.5,108.5,69.08943479288277
287,K,73,17,86,49,123,162,147,160,155,145,38,23,94,49,85,165,164,163,161,159,110.9,134.0,52.6297444417128
288,L,17,79,42,1,46,2,0,3,1,3,22,83,22,1,66,0,1,0,0,0,19.45,2.5,27.46174612074039
289,N,69,64,67,49,51,114,92,99,93,86,73,58,69,49,43,122,126,117,121,119,84.05,79.5,27.677563115274435
290,V,56,57,41,61,43,2,1,0,0,0,53,45,25,61,45,4,4,1,1,2,25.1,14.5,24.782856978161334
291,K,56,70,77,31,106,60,80,69,65,73,62,69,63,31,96,71,70,61,63,63,66.8,67.0,16.708081876744558
292,Y,30,45,42,72,145,16,10,19,0,18,42,74,106,72,146,25,23,6,2,1,44.7,27.5,43.67390525245024
293,I,18,16,28,4,14,31,43,28,43,24,27,15,19,4,13,18,18,16,19,18,20.8,18.0,10.077698149875296
294,V,26,41,34,62,65,13,7,13,18,13,18,39,43,62,53,9,9,22,21,17,29.25,21.5,18.806581294855267
295,N,10,36,16,26,22,76,80,60,81,67,12,30,6,26,15,59,61,49,51,56,41.95,42.5,24.251752513993704
296,G,4,11,10,5,20,8,0,17,1,0,5,7,12,5,7,11,11,10,10,9,8.15,8.5,5.0127337850717755
297,G,5,1,5,9,19,6,9,5,12,8,3,4,7,9,18,11,10,6,6,5,7.9,6.5,4.426059195266146
298,D,84,54,100,79,38,25,30,40,25,36,52,76,101,79,35,23,24,18,28,32,48.95,37.0,26.61291979471625
299,Y,190,130,130,178,230,158,104,166,178,167,185,136,121,178,179,112,113,179,175,174,159.15,170.5,31.749448814113297
300,T,104,130,116,14,84,86,82,84,91,65,110,113,84,14,80,117,121,94,82,89,88.0,87.5,29.629377313740495
301,K,106,68,1,138,13,73,76,75,68,77,92,66,6,138,11,72,71,59,77,77,68.2,72.5,36.68596461863856
302,I,61,15,32,5,101,1,6,4,7,4,61,17,35,5,98,5,4,15,21,15,25.6,15.0,30.00233324259965
303,Q,60,137,113,109,123,133,128,129,111,140,78,88,118,109,158,134,136,132,127,97,118.0,125.0,22.709029041330677
304,N,94,91,74,65,74,67,72,94,100,68,73,83,74,65,59,60,62,58,58,60,72.55,70.0,12.901453406496493
305,T,4,10,4,16,31,5,7,9,2,4,4,10,5,16,37,5,5,38,37,40,14.45,8.0,13.373387753295722
306,E,140,127,124,138,126,89,8,35,162,118,144,86,134,138,150,113,94,131,134,165,117.8,129.0,38.37004039612155
307,E,143,84,116,101,116,109,80,92,106,87,120,93,111,101,121,98,98,99,84,85,102.2,100.0,15.448624534242523
308,W,17,3,30,4,15,0,0,0,1,0,6,3,58,4,16,0,0,1,1,2,8.05,2.5,13.840068641448278
309,V,49,55,99,10,72,3,0,6,24,24,53,44,88,10,74,39,39,45,42,46,41.1,43.0,27.327458718292846
310,A,62,62,66,72,83,39,19,17,46,57,62,67,69,72,85,49,45,55,59,56,57.1,60.5,17.343298417544457
311,S,8,8,56,21,38,16,17,16,11,10,8,24,79,21,40,3,3,3,7,5,19.7,13.5,19.277188591700813
312,T,5,10,29,0,8,2,0,1,0,2,4,8,22,0,27,5,5,4,9,10,7.55,5.0,8.482187217929111
313,N,99,115,61,77,72,15,35,9,11,64,82,89,53,77,109,62,64,70,54,52,63.5,64.0,28.885117275164387
314,Q,159,109,147,151,92,61,85,87,93,82,160,118,136,151,122,75,74,58,50,60,103.5,92.5,36.020133259053885
315,S,38,19,41,19,65,11,19,21,18,12,39,68,47,19,29,23,23,18,19,18,28.3,20.0,15.918856742869446
316,E,16,76,6,12,11,102,98,101,113,110,17,114,2,12,19,101,101,100,80,97,64.4,88.5,43.857040483826545
317,H,72,76,5,64,13,50,50,45,59,43,39,51,5,64,5,38,38,31,36,34,40.9,41.0,20.877978829379057
318,W,1,34,35,13,12,2,1,2,1,0,1,50,40,13,10,0,0,0,0,0,10.75,1.5,15.433324334050653
319,R,1,13,22,2,16,83,73,87,76,86,1,5,22,2,27,78,75,71,70,71,44.05,48.5,33.91087583652183
320,V,10,2,3,4,7,19,21,22,19,21,11,0,4,4,11,21,22,11,12,10,11.7,11.0,7.389857914736926
321,I,4,26,4,0,30,1,0,1,1,0,3,20,10,0,26,1,1,0,1,1,6.5,1.0,9.886859966642595
322,E,58,7,27,6,71,26,26,23,27,16,58,6,35,6,43,13,12,9,6,13,24.4,19.5,19.087692369692046
323,V,54,21,28,16,103,0,1,2,0,0,55,21,20,16,117,3,2,1,1,1,23.1,9.5,33.290989772008885
324,T,105,26,48,58,72,20,18,21,18,19,114,48,52,58,74,27,27,27,27,25,44.2,27.0,28.031410952715174
325,E,0,76,3,19,0,95,92,90,94,97,2,53,5,19,1,65,66,67,66,65,48.75,65.0,36.94573723719693
326,V,1,4,0,1,5,10,9,10,9,9,4,5,3,1,2,7,7,8,4,10,5.45,5.0,3.3537292675468007
327,T,22,14,24,32,12,26,41,40,39,43,25,27,23,32,12,24,24,24,23,22,26.45,24.0,8.80610583629336
328,A,27,18,25,12,34,18,10,13,13,11,18,10,12,12,34,10,10,13,1,10,15.55,12.5,8.255149907784837
329,V,6,18,3,12,18,0,0,0,1,0,3,22,4,12,22,0,0,0,0,0,6.05,2.0,7.883368569336334
330,A,9,6,18,1,18,6,1,1,3,4,5,3,8,1,21,9,9,7,1,6,6.85,6.0,5.824731753480155
331,D,114,15,61,22,53,61,56,53,55,48,116,27,58,22,66,47,49,43,40,39,52.25,51.0,25.097559642323795
332,L,17,24,39,31,35,25,33,35,27,27,29,22,34,31,28,6,4,5,5,7,23.2,27.0,11.360457737256892
333,L,4,16,9,32,24,7,8,7,5,4,6,24,20,32,39,4,3,2,3,3,12.6,7.0,11.36837719289785
334,P,103,86,114,68,70,60,65,64,68,64,99,66,107,68,81,80,78,70,71,73,77.75,70.5,15.507659397858854
335,Q,137,109,180,139,107,146,146,147,145,144,94,111,171,139,131,125,125,125,122,123,133.3,134.0,20.263514009174223
336,P,119,106,108,92,113,92,92,89,89,90,114,98,94,92,112,84,85,85,88,87,96.45,92.0,10.897132650381016
337,I,107,77,26,50,14,13,17,14,21,17,103,98,55,50,28,53,53,32,33,30,44.55,32.5,29.65885196699292
338,R,56,151,130,65,68,97,100,98,82,85,59,166,95,65,94,22,24,20,22,20,75.95,75.0,41.681500692753374
339,G,14,28,46,22,38,34,31,34,36,41,5,19,42,22,32,22,24,22,24,23,27.95,26.0,9.891789524651239
340,Q,121,109,75,70,62,95,104,97,83,82,116,114,131,70,67,93,90,96,95,94,93.2,94.5,18.516479146965278
341,V,3,11,0,12,11,0,0,0,0,0,22,22,5,12,16,0,0,0,0,0,5.7,0.0,7.543871685016919
342,K,7,71,131,65,66,82,83,79,79,86,7,49,79,65,115,93,91,94,69,96,75.35,79.0,28.857018210480444
343,D,63,52,101,106,102,58,47,50,48,30,47,53,92,106,102,65,66,66,68,67,69.45,65.5,22.909550410254674
344,L,115,57,20,64,57,13,18,18,4,8,115,52,47,64,49,26,24,24,25,23,41.15,25.5,30.713637036339414
345,L,11,18,39,5,33,45,50,51,35,51,3,17,24,5,36,48,44,69,41,69,34.7,37.5,19.478449630296556
346,K,20,123,124,92,98,31,38,42,39,51,13,122,104,92,132,45,43,42,42,42,66.75,44.0,38.12856540705406
347,P,61,68,49,78,87,25,23,12,13,26,56,75,86,78,84,15,15,21,15,23,45.5,37.5,28.35401206178766
348,L,108,3,0,40,67,0,0,0,0,0,110,0,5,40,42,0,0,0,0,0,20.75,0.0,35.0996794857161
349,L,58,39,38,1,11,15,21,21,27,18,61,28,13,1,17,46,5,22,13,3,22.9,19.5,17.16071094098377
350,G,3,22,44,6,42,4,2,1,1,4,1,25,45,6,47,6,8,5,6,7,14.25,6.0,16.296855524916456
351,K,176,101,63,133,160,110,110,107,102,118,204,104,125,133,159,77,81,101,56,57,113.85,108.5,38.26130551876138
352,W,174,96,84,80,72,67,71,67,67,68,179,52,59,80,92,64,108,43,96,94,85.65,76.0,34.12956929115865
353,V,42,4,77,2,60,28,28,21,27,27,45,5,47,2,62,29,29,29,35,34,31.65,29.0,19.69333643647008
354,D,66,70,106,68,127,122,122,125,114,126,48,86,62,68,130,93,94,114,117,117,98.75,110.0,25.88991116245863
355,V,91,107,115,24,53,18,21,23,13,20,90,107,98,24,49,23,23,20,20,21,48.0,23.5,36.43624569024641
356,E,112,111,81,41,128,68,68,51,71,68,107,67,74,41,124,96,97,88,89,88,83.5,84.5,24.561148181630273
357,K,160,144,108,4,46,114,105,79,79,97,177,141,150,4,55,106,105,103,103,103,99.15,104.0,44.87123243237254
358,V,105,124,27,14,39,9,7,13,10,9,78,138,36,14,30,16,16,9,10,7,35.55,15.0,40.19511786274548
359,P,51,113,70,5,27,80,87,93,97,89,67,103,66,5,33,108,108,107,105,107,76.05,88.0,33.99922793241047
360,G,71,49,25,3,1,57,56,66,67,47,79,55,51,3,16,57,57,57,59,58,46.7,56.5,23.045823916709942
361,L,105,151,141,21,9,16,13,16,20,17,103,143,163,21,19,35,36,38,34,29,56.5,31.5,52.9834879939024
362,E,103,70,118,78,92,127,132,125,124,137,123,82,141,78,119,135,134,130,129,133,115.5,124.5,22.236231695141154
363,S,53,86,94,39,47,93,88,93,98,107,39,74,94,39,64,88,89,116,115,92,80.4,88.5,24.333926933398978
364,L,48,50,151,10,27,22,16,15,14,17,51,44,88,10,32,19,20,20,20,17,34.55,20.0,32.60747613661628
365,P,47,16,86,90,4,64,62,60,59,57,44,34,107,90,4,55,55,63,60,62,55.95,59.5,26.228753306247704
366,V,89,106,121,56,0,16,16,14,16,21,94,109,134,56,1,30,29,22,18,24,48.6,26.5,42.44690801460102
367,S,56,44,62,112,26,42,45,49,47,35,55,56,89,112,28,36,39,44,46,44,53.35,45.5,23.505903513798398
368,V,68,93,71,72,55,1,0,1,1,0,74,76,107,72,73,1,1,2,1,2,38.55,28.5,38.7485161006199
369,Y,132,127,190,56,73,40,39,39,40,44,128,115,205,56,65,46,46,44,44,45,78.7,51.0,50.76721382939978
370,R,148,192,170,113,70,56,60,64,53,57,105,176,119,113,127,32,32,48,50,47,91.6,67.0,49.26296783589068
371,P,46,80,50,65,57,6,9,9,1,11,42,60,101,65,52,11,10,8,9,7,34.95,26.5,29.401488057579673
372,K,107,204,147,61,120,140,138,124,120,142,141,209,171,61,162,131,130,134,138,136,135.8,137.0,35.26414609770099
373,G,52,14,61,55,58,48,57,60,55,51,51,14,57,55,41,54,53,50,51,49,49.3,52.5,12.566224572241259
374,A,46,84,87,35,99,99,94,70,64,100,59,86,105,35,113,97,98,101,100,100,83.6,95.5,23.16333309349067
375,I,84,107,123,104,143,31,18,32,16,32,71,105,104,104,119,40,38,36,36,38,69.05,55.5,40.04307056158407
376,P,141,122,118,52,138,58,70,54,72,59,146,121,125,52,135,56,54,61,60,58,87.6,65.5,36.093489717676235
377,A,41,46,76,19,83,99,90,100,105,100,51,45,58,19,76,100,100,100,101,97,75.3,86.5,28.358596580225896
378,G,41,63,64,2,25,34,26,37,30,34,40,57,7,2,19,38,39,36,40,38,33.6,36.5,16.7642476717567
379,W,125,93,81,91,97,31,29,28,31,35,123,99,66,91,70,34,12,47,32,15,61.5,56.5,35.26825768307813
380,F,36,58,151,33,20,43,38,45,43,38,29,54,103,33,17,38,37,29,32,36,45.65,37.5,29.665257457166955
381,W,92,27,62,142,18,3,0,2,0,2,142,35,38,142,13,3,2,17,17,13,38.5,17.0,48.899386499218984
382,L,29,4,119,79,14,4,4,3,4,3,29,1,65,79,15,11,10,11,10,7,25.05,10.5,32.39980709819119
383,G,17,3,29,29,11,8,4,5,5,8,21,1,20,29,9,10,8,12,12,11,12.6,10.5,8.534635317340747
384,D,83,16,35,68,42,3,2,3,3,3,80,26,44,68,27,1,0,0,1,0,25.25,9.5,28.647643882176418
385,T,19,56,88,114,87,4,4,1,3,4,20,56,82,114,104,12,11,6,8,7,40.0,15.5,41.4427315702042
386,A,98,53,50,66,67,28,28,27,26,25,89,47,34,66,65,24,24,22,27,27,44.65,31.0,22.852297477496656
387,D,68,77,110,170,116,20,28,25,19,20,54,70,86,170,102,26,27,20,21,23,62.6,41.0,48.21555765518014
388,A,60,74,56,93,97,54,54,55,60,53,65,73,33,93,93,60,61,60,61,59,65.7,60.0,16.232991098377404
389,S,98,111,31,113,72,78,75,76,78,76,92,113,42,113,70,78,76,71,72,72,80.35,76.0,21.209137181884604
390,K,86,73,101,126,104,73,70,66,68,75,85,66,101,126,88,80,79,86,88,91,86.6,85.5,17.21162397916013
391,A,35,23,0,62,17,1,0,0,0,0,24,23,0,62,26,7,5,9,8,8,15.5,8.0,18.696256309753565
392,L,39,100,68,51,19,5,3,1,2,5,62,89,37,51,15,8,8,8,7,7,29.25,11.5,30.25702397791296
393,L,11,72,12,53,9,2,2,0,1,3,11,64,11,53,8,1,1,3,4,3,16.2,6.0,22.754340245324627
394,V,22,40,21,10,11,0,1,0,0,0,5,27,25,10,9,0,0,0,0,0,9.05,3.0,11.551947887694094
395,K,33,17,16,17,22,81,72,84,83,85,102,13,29,17,28,80,48,79,49,52,50.35,48.5,29.28869235729038
396,P,1,11,8,16,2,47,35,40,39,29,3,12,11,16,2,47,47,37,34,39,23.8,22.5,16.599999999999998
397,T,1,39,36,15,29,19,20,15,15,20,1,56,58,15,14,13,10,11,13,11,20.55,15.0,15.249508188790877
398,L,41,20,61,4,53,44,49,21,18,31,38,19,61,4,77,38,38,33,30,36,35.8,37.0,18.3046442194324
399,P,47,76,71,57,101,60,63,74,96,66,60,66,78,57,104,54,53,62,67,62,68.7,64.5,15.339817469578964
400,A,40,34,57,23,55,78,70,32,26,52,50,39,26,23,56,93,93,89,80,93,55.45,53.5,24.57941211664754
401,R,201,25,243,26,218,58,62,83,109,125,174,20,216,26,157,143,145,120,134,130,120.75,127.5,67.69555007531883
402,S,83,12,97,12,21,139,144,114,138,128,101,12,77,12,20,129,134,121,124,132,87.5,107.5,50.61570902397792
403,G,75,9,71,47,60,51,51,67,38,28,51,7,54,47,59,92,84,48,37,73,52.45,51.0,21.485983803400767
404,R,236,121,216,158,160,95,78,67,71,72,218,124,203,158,138,55,55,27,27,41,116.0,108.0,65.40871501566133
405,N,69,71,52,68,146,59,55,43,41,54,84,71,46,68,143,40,40,4,6,20,59.0,54.5,35.15394714679989
406,P,111,20,69,123,88,48,40,39,44,27,126,18,91,123,98,49,48,38,33,41,63.7,48.0,35.65403203005237
407,A,6,56,87,54,29,14,10,4,8,8,19,54,82,54,21,11,11,12,11,11,28.1,13.0,25.62401217608203
408,L,106,79,112,92,17,21,12,13,16,13,127,74,89,92,19,16,18,11,14,17,47.9,18.5,40.988900936717
409,T,28,84,147,100,87,14,11,10,7,13,30,81,139,100,79,5,4,7,5,8,47.95,21.0,47.36610074726438
410,S,26,21,51,77,13,42,38,32,35,54,29,18,44,77,12,51,49,33,46,41,39.45,39.5,17.4999285712828
411,L,18,62,33,52,0,4,1,1,2,7,30,53,36,52,0,4,3,9,16,39,21.1,12.5,20.880373559876748
412,H,30,40,74,39,2,57,72,57,71,73,26,45,73,39,7,75,76,85,126,120,59.35,64.0,31.310182049933854
413,Q,10,130,18,36,42,78,51,89,95,72,12,106,9,36,50,87,90,142,86,108,67.35,75.0,39.13345755232982
414,G,11,96,39,18,7,11,33,13,12,10,7,97,27,18,16,9,10,21,23,27,25.25,17.0,25.24851480780602
415,S,3,63,79,2,23,110,127,120,133,121,4,43,117,2,16,137,139,112,104,130,79.25,107.0,52.08826643304613
416,G,1,86,9,6,10,52,33,28,48,18,0,84,5,6,9,42,41,71,63,54,33.3,30.5,27.57734577511041
417,M,2,99,71,17,9,111,149,150,130,172,1,74,76,17,10,150,159,175,100,204,93.8,99.5,64.9681460409638
418,T,60,115,10,64,25,12,20,14,7,10,43,110,26,64,28,9,9,49,26,31,36.6,26.0,31.183970241135103
419,E,80,129,8,35,54,65,94,94,98,93,82,149,5,35,53,100,98,124,36,62,74.7,81.0,38.011971798369
420,Q,69,79,77,42,103,8,6,3,12,9,39,62,70,42,106,10,10,61,20,26,42.7,40.5,32.73698214557964
421,P,82,46,40,108,83,0,0,3,2,1,79,54,52,108,83,1,0,16,9,21,39.4,30.5,38.17905184783928
422,F,113,20,85,159,49,75,78,85,69,81,71,31,107,159,56,59,62,95,97,97,82.4,79.5,34.33132680220792
423,V,19,4,114,26,83,16,17,29,34,21,12,7,125,26,86,29,28,27,42,53,39.9,27.5,33.83622319349487
424,D,111,28,165,113,119,88,91,84,101,95,121,36,133,113,124,68,64,78,55,54,92.05,93.0,33.62956288743581
425,L,84,1,59,122,85,61,56,42,41,49,97,1,40,122,84,60,60,39,45,20,58.4,57.5,32.584352072735776
426,P,83,0,48,99,134,86,108,104,114,82,58,1,13,99,118,34,33,56,25,49,67.2,70.0,39.93444628387878
427,Q,65,95,117,23,20,16,53,18,37,38,27,73,175,23,14,32,31,47,41,53,49.9,37.5,38.96267444619273
428,Y,53,116,40,18,35,16,9,7,11,15,32,161,61,18,36,6,7,8,6,6,33.05,17.0,39.24726105093195
429,Q,37,51,41,28,99,51,73,70,56,46,9,59,49,28,95,72,69,76,31,59,54.95,53.5,22.20692459572014
430,Y,11,11,71,20,81,11,16,16,22,10,11,11,30,20,100,21,20,14,12,31,26.95,18.0,25.118668356423672
431,L,22,9,21,12,6,3,2,3,2,1,6,9,25,12,4,1,1,3,2,3,7.35,3.5,7.275128864838065
432,S,8,8,12,27,9,0,0,2,0,3,8,1,23,27,17,6,6,6,1,3,8.35,6.0,8.45739321540627
433,T,15,4,45,12,14,6,2,2,4,3,19,1,49,12,13,2,2,13,0,2,11.0,5.0,13.251415018781957
434,Y,55,9,60,54,28,22,13,20,12,11,43,12,46,54,18,15,15,33,31,30,29.05,25.0,16.72565394835132
435,F,34,101,69,67,105,9,2,4,20,5,44,103,41,67,109,14,13,17,15,2,42.05,27.0,37.59850395959924
436,G,2,33,23,66,5,32,34,38,20,37,10,23,7,66,5,41,39,24,17,17,26.95,23.5,17.727027387579678
437,S,53,105,66,63,73,76,75,81,77,65,84,104,73,63,67,70,74,112,114,108,80.15,74.5,17.836129064345773
438,F,215,192,157,163,194,3,6,1,2,0,212,195,191,163,176,1,1,50,60,97,103.95,127.0,86.13563432169059
439,A,81,35,91,39,84,34,27,28,28,19,82,31,87,39,84,22,23,48,43,43,48.4,39.0,24.952755358877702
440,H,109,82,121,93,89,94,48,67,75,99,70,124,155,93,124,116,116,191,168,191,111.25,104.0,38.577033322950065
441,D,152,136,65,104,123,124,142,146,150,130,154,85,70,104,138,112,111,113,136,134,121.45,127.0,25.30903988696529
442,T,31,109,102,14,80,81,50,65,67,58,32,102,88,14,77,67,66,62,84,82,66.55,67.0,26.616677102899224
443,P,100,20,23,108,67,97,98,87,60,90,115,30,63,108,67,110,111,86,78,59,78.85,86.5,28.850086654982512
444,P,127,86,24,126,120,23,28,30,15,30,102,89,66,126,98,38,38,27,6,17,60.8,38.0,42.35870630696835
445,G,47,16,27,24,45,2,0,1,0,2,51,11,40,24,34,1,1,6,37,10,18.95,13.5,17.58259082160533
446,S,123,101,19,128,78,41,50,37,36,49,121,101,57,128,97,34,33,48,98,72,72.55,64.5,35.6068462518095
447,T,47,55,18,74,73,24,17,25,19,33,56,59,33,74,37,36,34,46,35,39,41.7,36.5,17.874842656650156
448,L,63,4,4,9,24,0,0,0,1,0,42,4,10,9,29,7,8,6,1,0,11.05,5.0,16.07630243557268
449,R,83,47,9,95,26,53,38,49,48,35,103,20,9,95,26,48,47,49,37,34,47.55,47.0,26.526354819311305
450,G,26,5,5,5,7,0,0,0,0,0,36,5,9,5,7,0,0,0,0,0,5.5,2.5,9.140568910084317
451,L,17,26,3,8,18,1,1,1,0,1,17,32,4,8,13,1,1,1,0,0,7.65,2.0,9.38229716007759
452,R,28,31,24,59,3,11,15,18,33,16,23,26,26,59,4,34,32,21,4,40,25.35,25.0,15.146864361972748
453,P,41,50,48,6,52,15,23,15,24,12,47,52,66,6,47,18,15,30,9,29,30.25,26.5,18.03850049200321
454,D,67,52,108,31,90,5,6,3,2,12,90,58,89,31,53,8,7,16,19,27,38.7,29.0,33.76107225785343
455,H,31,16,53,12,2,3,3,0,0,6,38,35,16,12,3,0,0,0,0,0,11.5,3.0,15.26597523907333
456,V,49,2,22,0,28,11,10,13,6,12,26,1,16,0,28,16,17,11,12,14,14.7,12.5,11.49826073804208
457,L,78,59,61,0,67,30,21,23,31,41,94,47,69,0,60,49,47,47,47,44,45.75,47.0,23.233327355331607
458,P,42,89,66,3,104,65,89,94,86,76,80,91,53,3,105,79,25,93,85,59,69.35,79.5,29.645024877709243
459,G,7,11,20,2,19,7,16,14,16,16,10,8,33,2,18,0,0,6,5,9,10.95,9.5,7.97793833017027
460,R,110,195,61,70,188,109,116,112,95,99,118,149,91,70,173,65,52,101,120,96,109.5,105.0,39.352890618098186
461,Y,93,22,38,30,48,84,60,59,105,69,94,23,67,30,41,64,63,104,52,35,59.05,59.5,25.701118652696813
462,E,79,101,17,68,72,80,80,73,85,78,85,121,12,68,132,55,55,62,64,61,72.4,72.5,27.304578370668906
463,M,2,65,5,26,11,99,98,100,88,99,11,90,2,26,9,118,99,97,105,66,60.8,77.0,42.16942019995058
464,H,87,89,61,139,108,79,77,79,63,76,89,126,41,139,109,73,72,68,69,59,85.15,78.0,25.88488941448273
465,G,26,62,51,39,54,37,39,38,29,38,19,54,43,39,42,27,25,27,27,35,37.55,38.0,11.011244253035168
466,D,103,158,112,131,108,165,168,167,158,169,100,148,120,131,109,173,173,157,157,149,142.8,153.0,25.170617791385254
467,T,127,126,141,110,107,68,69,69,69,68,131,126,142,110,114,70,85,65,64,57,95.9,96.0,29.173446830979707
468,I,90,47,87,19,144,95,92,94,83,94,106,46,96,19,147,114,114,66,65,88,85.3,91.0,33.43516113315442
469,S,127,112,120,53,106,61,68,69,47,69,124,98,119,53,116,71,64,56,60,87,84.0,70.0,27.314831136216092
470,T,142,106,84,3,109,40,34,38,61,50,140,93,99,3,96,33,37,68,69,39,67.2,64.5,39.426640739479694
471,A,30,27,25,0,11,0,1,1,0,0,30,23,26,0,6,3,2,0,0,1,9.3,1.5,11.83680700189033
472,V,26,48,50,6,49,0,0,0,0,0,34,20,45,6,41,0,0,1,0,0,16.3,3.5,19.877374072044823
473,Y,28,65,69,24,66,57,41,41,65,33,10,54,62,24,96,55,42,1,14,34,44.05,41.5,23.035787375299332
474,V,10,6,0,11,33,10,10,8,6,11,3,5,0,11,17,8,6,4,4,1,8.2,7.0,7.068238818828918
475,T,8,1,10,31,7,0,0,2,1,0,19,16,0,31,10,3,3,7,5,4,7.9,4.5,9.26768579527813
476,R,124,42,27,106,99,85,87,80,80,80,115,42,28,106,146,56,56,58,58,44,75.95,80.0,32.243565249519165
477,P,33,19,12,9,16,13,13,18,11,9,28,12,12,9,10,32,33,22,27,19,17.85,14.5,8.253938453853408
478,V,65,22,20,25,54,51,57,56,64,56,58,30,17,25,53,63,46,71,71,38,47.1,53.5,17.461099621730586
479,D,25,39,90,16,17,120,120,131,117,122,29,51,96,16,22,126,53,136,137,99,78.1,93.0,46.087850893700825
480,V,126,141,82,43,143,49,63,59,67,65,138,123,83,43,148,69,23,50,51,51,80.85,66.0,38.997788398831034
481,P,53,104,76,16,77,116,111,110,114,111,76,100,73,16,62,103,103,110,110,109,87.5,103.0,30.132208681077465
482,F,177,173,93,135,13,161,179,173,174,194,145,137,106,135,9,97,187,114,114,115,131.55,136.0,50.46134659320934
483,P,35,94,67,10,83,55,79,72,69,79,54,74,68,10,79,60,58,91,93,90,66.0,70.5,23.68754947224385
484,E,153,116,156,52,81,125,118,120,122,127,136,134,166,52,78,116,130,108,105,109,115.2,119.0,29.773478130712235
485,D,66,131,27,15,3,29,28,29,20,22,75,121,20,15,4,58,59,53,50,54,43.95,29.0,34.04038043265674
486,E,21,34,65,43,89,94,109,108,137,118,48,63,71,43,72,116,113,79,81,78,79.1,78.5,30.81217291915648
487,C,7,37,13,22,2,28,27,35,15,23,13,21,14,22,2,17,16,15,14,17,18.0,16.5,9.044335243676011
488,F,8,17,19,183,8,34,23,31,29,23,9,1,28,183,5,11,19,11,23,26,34.55,21.0,50.29758940545759
489,D,30,10,19,82,2,48,51,46,48,48,52,13,16,82,4,57,61,59,61,66,42.75,48.0,24.045529730076648
490,L,72,103,30,88,1,14,7,11,8,14,110,84,27,88,2,15,16,19,20,19,37.4,19.0,36.280022050709945
491,K,69,121,27,195,39,80,74,82,84,82,85,121,49,195,50,58,57,52,49,54,81.15,71.5,44.596272265739884
492,S,40,7,47,73,73,3,3,5,4,2,38,7,30,73,74,6,5,10,10,8,25.9,9.0,27.097785887411536
493,L,19,29,17,118,64,0,0,0,0,0,27,25,22,118,67,0,0,0,0,0,25.3,8.5,36.71525568479675
494,V,12,17,72,14,75,0,0,0,4,0,10,15,74,14,68,0,0,1,0,9,19.25,9.5,27.153038504005405
495,R,159,25,131,160,103,64,49,37,59,50,84,10,183,160,126,61,73,93,66,57,87.5,69.5,48.69445553653927
496,V,28,16,75,50,61,19,11,11,27,12,17,12,70,50,53,21,18,26,11,13,30.05,20.0,20.826605580362827
497,K,26,28,94,124,7,113,118,121,140,121,34,14,98,124,11,131,133,120,104,57,85.9,108.5,46.630354920373485
498,L,32,58,13,39,15,25,22,19,15,24,23,63,12,39,12,23,26,120,110,100,39.5,24.5,32.69633006929065
499,P,116,52,25,111,103,55,88,75,93,68,99,27,25,111,85,94,90,105,66,98,79.3,89.0,28.490524740692297
500,G,50,33,72,37,34,43,23,31,18,49,54,21,51,37,25,52,52,79,81,69,45.55,46.0,18.424101063552598
501,S,57,84,114,72,86,81,78,93,104,75,71,87,114,72,61,86,98,48,83,68,81.6,82.0,16.98940846527624
502,G,40,28,41,76,31,45,54,41,16,61,43,26,38,76,43,47,48,57,71,72,47.7,44.0,16.547205202087753
503,N,151,153,109,116,135,37,49,41,41,37,147,143,135,116,118,41,40,100,57,38,90.2,104.5,45.38127367097579
504,P,71,133,73,48,97,30,29,26,20,38,83,127,85,48,54,6,8,46,105,31,57.9,48.0,36.5032875231807
505,P,12,93,21,20,20,83,78,79,94,66,17,123,8,20,27,92,97,18,13,98,53.95,46.5,37.95322779422061
506,K,158,176,192,83,178,38,39,33,43,24,197,175,165,83,192,60,59,103,27,103,106.4,93.0,63.59119435896765
507,P,54,91,51,91,122,14,15,14,14,5,28,101,65,91,119,4,4,67,67,10,51.35,52.5,39.8914464515891
508,R,191,52,95,169,213,85,127,106,100,76,187,65,178,169,193,106,58,64,29,66,116.45,103.0,55.62146617988418
509,S,44,33,73,9,32,9,6,12,2,13,25,29,67,9,35,12,13,12,9,13,22.85,13.0,19.25947818607763
510,A,17,95,79,15,37,2,0,4,1,1,41,106,79,15,26,7,5,7,7,6,27.5,11.0,33.40134727821619
511,L,64,80,56,29,27,0,1,0,0,0,63,94,51,29,23,1,0,0,0,0,25.9,12.0,30.46621079162947
512,K,107,167,113,169,2,12,16,22,24,15,114,202,106,169,3,15,14,17,14,20,66.05,21.0,67.08835591963779
513,K,162,100,153,187,4,86,87,85,88,81,197,117,134,187,7,77,86,75,85,82,104.0,86.5,51.56743158234662
514,S,77,79,98,118,22,43,46,41,53,58,89,66,88,118,16,58,57,40,32,39,61.9,57.5,28.572539264125613
515,M,35,85,59,95,4,27,25,27,22,14,58,62,55,95,11,20,21,28,4,31,38.9,27.5,27.795503233436875
516,V,15,5,5,70,9,6,5,5,4,3,15,11,8,70,20,4,4,4,4,4,13.55,5.0,19.345477507676055
517,L,24,5,8,67,43,29,16,20,10,17,27,6,14,67,41,29,18,29,22,26,25.9,23.0,16.98499337650739
518,F,21,15,21,37,153,83,91,74,74,86,29,64,17,37,146,28,57,24,90,49,59.8,53.0,39.30852324878155
519,D,40,30,0,62,101,100,86,88,102,101,57,26,1,62,107,138,162,126,97,162,82.4,92.5,46.11442290650507
520,S,48,39,7,8,92,60,64,49,42,48,36,30,3,8,67,133,46,79,134,43,51.8,47.0,35.71498285033888
521,G,78,21,19,0,81,58,63,70,52,65,80,21,18,0,83,76,74,66,42,72,51.95,64.0,27.607019035020787
522,E,82,44,143,3,78,164,112,145,79,153,84,63,98,3,64,87,63,86,125,50,86.3,83.0,43.678484405940644
523,K,131,101,223,5,55,222,237,208,209,161,131,76,178,5,45,216,227,223,273,223,157.45,193.0,81.08420006388421
