Pos,Res,Q72I44_CIT_model1_dssp_acc_ACC,Q72I44_CIT_model2_dssp_acc_ACC,Q72I44_CIT_model3_dssp_acc_ACC,Q72I44_CIT_model4_dssp_acc_ACC,Q72I44_CIT_model5_dssp_acc_ACC,Q72I44_full_model_500947_1_dssp_acc_ACC,Q72I44_full_model_500947_2_dssp_acc_ACC,Q72I44_full_model_500947_3_dssp_acc_ACC,Q72I44_full_model_500947_4_dssp_acc_ACC,Q72I44_full_model_500947_5_dssp_acc_ACC,Q72I44_IT_model1_dssp_acc_ACC,Q72I44_IT_model2_dssp_acc_ACC,Q72I44_IT_model3_dssp_acc_ACC,Q72I44_IT_model4_dssp_acc_ACC,Q72I44_IT_model5_dssp_acc_ACC,Q72I44_ranked_0_dssp_acc_ACC,Q72I44_ranked_1_dssp_acc_ACC,Q72I44_ranked_2_dssp_acc_ACC,Q72I44_ranked_3_dssp_acc_ACC,Q72I44_ranked_4_dssp_acc_ACC,mean,median,std
1,M,185,170,157,71,46,99,201,209,196,80,178,121,146,146,129,244,236,238,239,241,166.6,174.0,59.663556715971936
2,R,165,167,58,212,164,192,133,156,138,214,92,201,142,186,193,246,242,249,249,252,182.55,189.0,52.4485223814742
3,K,19,13,199,143,94,144,138,20,173,169,83,22,180,117,100,205,203,203,203,206,131.7,143.5,68.09486030531232
4,L,82,122,94,5,101,7,19,109,29,22,90,113,162,9,84,171,168,172,173,172,95.2,97.5,60.76067807389907
5,V,83,103,57,0,72,53,100,12,51,105,89,86,51,6,78,132,121,123,119,125,78.3,84.5,39.31297495738525
6,P,26,17,15,0,100,83,93,70,84,113,90,15,67,27,104,115,114,118,105,108,73.2,87.0,39.67442501158649
7,V,6,40,109,37,110,44,50,4,49,9,9,36,89,9,114,141,137,135,131,135,69.7,49.5,50.692307108672814
8,L,8,134,125,42,60,39,12,39,3,62,51,133,122,26,57,155,149,151,141,140,82.45,61.0,53.70984546617129
9,A,53,18,101,20,31,49,45,78,40,1,56,12,93,11,49,96,93,97,90,95,56.4,51.0,33.19397535698308
10,L,53,43,34,84,140,95,98,43,100,89,118,8,21,100,148,139,137,146,135,137,93.4,99.0,44.23279326472612
11,G,84,11,50,16,60,0,0,38,5,52,74,25,53,32,53,77,74,72,70,75,46.05,52.5,27.523580799016685
12,L,152,168,183,91,139,23,7,47,19,11,159,164,181,98,134,144,141,149,149,143,115.1,142.0,58.60622833795057
13,S,48,110,37,123,101,82,60,48,66,119,60,113,44,112,90,116,107,111,105,112,88.2,103.0,28.641927309453184
14,L,109,120,106,40,104,73,96,164,98,81,123,117,66,28,110,149,139,145,141,148,107.85,109.5,35.56441339316593
15,A,22,95,103,86,58,2,6,40,2,57,22,81,101,88,61,98,91,92,88,83,63.8,82.0,34.68083043988422
16,L,148,152,102,48,30,102,95,10,90,63,170,153,131,58,33,141,132,141,128,141,103.4,115.0,46.77435194633914
17,A,44,45,90,42,90,89,96,82,75,64,40,27,47,38,100,104,102,97,88,89,72.45,85.0,25.301136338117306
18,Q,177,85,73,127,86,135,117,144,154,163,189,45,90,125,90,115,97,106,113,113,117.2,114.0,35.075062366302355
19,G,19,1,27,22,48,28,16,32,30,35,30,0,13,36,26,35,33,31,30,38,26.5,30.0,11.582314103839526
20,K,84,87,29,15,125,93,97,107,103,92,99,71,21,22,110,91,91,101,92,93,81.15,92.0,31.56940765994826
21,I,7,1,3,0,1,0,0,0,0,1,2,0,6,2,3,0,0,0,0,1,1.35,0.5,1.9817921182606415
22,T,8,33,4,2,41,35,31,30,32,37,25,40,23,4,14,33,31,28,30,29,25.5,30.0,11.977061409210524
23,V,6,11,1,3,2,0,0,0,0,0,4,9,0,25,4,0,0,0,0,0,3.25,0.0,5.906564145084687
24,W,0,46,26,2,53,28,22,25,27,26,9,46,32,4,54,31,29,30,27,28,27.25,27.5,14.86564832087723
25,T,0,31,1,8,0,0,4,1,3,1,0,18,3,19,2,0,0,0,0,0,4.55,1.0,8.176032044946988
26,H,26,11,18,4,15,45,60,45,82,55,31,6,20,31,10,37,35,44,42,40,32.85,33.0,19.404316530091958
27,F,121,50,99,104,37,10,18,11,59,11,72,70,112,82,62,5,5,3,3,3,46.85,43.5,40.40331050792744
28,G,40,20,77,37,22,51,38,51,45,23,36,19,80,27,25,36,38,36,35,35,38.55,36.0,16.05763058486525
29,G,17,53,28,32,50,27,34,26,29,50,11,46,19,24,44,26,27,29,30,30,31.6,29.0,11.164228589562292
30,P,15,27,71,0,50,85,85,76,83,85,11,26,69,19,56,29,30,30,32,29,45.4,31.0,27.54342026691674
31,E,0,23,23,9,2,20,17,21,5,37,1,28,11,11,1,6,7,9,10,9,12.5,9.5,9.790301323248432
32,L,15,31,72,8,17,20,17,15,20,19,3,30,73,6,30,9,9,9,9,8,21.0,16.0,18.894443627691185
33,E,126,142,183,158,116,91,97,127,97,98,64,146,168,144,157,100,97,100,101,100,120.6,108.5,30.434191298603615
34,W,14,95,18,83,3,18,48,12,18,22,12,87,3,55,5,12,12,23,26,19,29.25,18.0,27.872701698974215
35,L,6,15,3,11,5,3,8,1,4,2,1,18,3,34,7,0,0,0,0,0,6.05,3.0,8.11464725049709
36,K,89,107,118,63,116,63,71,89,64,68,6,117,130,72,119,56,57,63,60,60,79.4,69.5,29.83856564917288
37,E,95,92,105,73,108,110,101,109,110,68,86,93,108,92,113,101,102,69,70,67,93.6,98.0,15.6377747777617
38,Q,14,58,5,5,12,13,11,9,18,0,32,34,4,10,5,18,19,26,25,26,17.2,13.5,13.257450735341239
39,A,7,2,6,1,22,4,6,6,6,5,2,6,4,6,14,4,4,4,4,5,5.9,5.0,4.493328387732195
40,R,144,93,119,108,127,129,135,145,136,125,108,88,112,114,128,126,128,118,115,116,120.7,122.0,14.453719244540485
41,T,41,52,31,33,37,75,77,66,69,37,61,50,23,46,48,43,43,45,46,44,48.35,45.5,14.203080651745944
42,F,19,11,9,3,10,10,5,7,11,0,23,9,12,4,13,14,14,18,16,13,11.05,11.0,5.499772722576815
43,E,42,57,71,45,24,75,80,70,68,52,38,38,63,55,36,80,79,80,82,79,60.7,65.5,17.891618149289904
44,R,151,183,162,192,162,207,204,208,208,193,163,176,183,185,167,196,193,182,180,180,183.75,183.0,16.339752140102984
45,T,116,113,105,92,111,111,90,106,106,47,118,113,106,105,114,110,108,111,111,111,105.2,110.5,14.95526663085617
46,S,44,38,55,58,45,20,12,32,17,8,29,44,46,68,43,30,31,36,33,35,36.2,35.5,14.736349615830914
47,G,39,22,34,80,22,51,37,59,50,50,39,19,32,76,36,37,45,48,34,27,41.85,38.0,15.856465558250994
48,T,5,16,21,12,7,3,0,7,1,3,5,15,19,20,4,4,1,3,2,2,7.5,4.5,6.7786429320329304
49,K,83,110,62,116,61,131,128,107,108,119,65,70,18,94,66,110,112,118,115,115,95.4,109.0,28.692159207699934
50,V,13,10,25,15,24,15,23,19,21,13,8,11,16,18,31,12,12,12,12,13,16.15,14.0,5.807538204781781
51,E,10,57,35,22,77,83,83,78,84,83,49,86,37,33,91,75,74,77,73,72,63.95,74.5,23.538213611062332
52,V,28,27,36,24,39,28,32,25,26,28,22,30,50,32,29,28,29,32,32,31,30.4,29.0,5.911006682452661
53,V,0,53,37,30,61,47,38,48,44,44,18,55,48,23,59,52,51,45,50,49,42.6,47.5,14.53753761818005
54,E,40,87,40,53,87,114,119,113,110,116,7,88,38,61,88,112,113,114,114,112,86.3,99.0,33.33631653317445
55,V,30,6,33,19,35,7,6,7,9,6,24,3,26,6,36,12,8,11,11,12,15.35,11.0,10.808677069836067
56,P,67,80,70,76,62,81,69,81,63,81,44,78,65,81,63,72,72,73,73,73,71.2,72.5,8.84081444212014
57,F,62,132,94,110,38,73,75,72,61,83,31,139,114,98,16,94,97,90,91,97,83.35,90.5,30.51602038274322
58,A,58,66,44,75,60,66,64,68,65,67,55,83,49,86,101,92,90,89,90,93,73.05,67.5,15.954544807044794
59,E,90,126,67,52,75,85,82,82,74,83,97,129,67,0,83,81,82,80,78,80,79.65,81.5,25.046506742458117
60,I,5,24,0,2,16,0,0,0,0,0,3,24,2,1,18,0,0,0,0,0,4.75,0.0,8.13557004763649
61,K,43,59,51,8,0,41,52,44,44,49,32,41,89,26,21,43,46,42,38,34,40.15,42.5,18.006318335517676
62,Q,112,125,130,92,84,112,110,112,120,112,116,79,150,111,123,131,132,134,131,97,115.65,114.0,17.292411630538986
63,K,11,72,82,17,135,92,92,93,104,95,90,70,66,81,129,92,91,98,101,101,85.6,92.0,28.91608548887626
64,F,18,18,0,2,6,0,0,0,0,0,14,14,1,4,13,0,0,0,0,0,4.5,0.0,6.5612498809297
65,I,62,51,71,30,45,40,35,38,38,36,62,34,62,53,74,31,33,43,38,29,45.25,39.0,13.750909060858486
66,L,130,93,103,92,132,119,120,123,118,120,138,117,128,88,122,100,100,99,99,95,111.8,117.5,14.91174034108695
67,G,0,4,1,0,30,9,10,10,10,9,1,4,0,12,35,4,5,5,6,6,8.05,5.5,8.963676700997198
68,A,0,1,4,12,2,0,1,0,1,0,0,0,4,3,11,0,0,0,0,0,1.95,0.0,3.442019755899144
69,P,40,54,68,79,80,73,74,71,76,73,29,57,79,65,92,64,64,68,68,69,67.15,68.5,13.730531672153122
70,Q,157,128,107,152,166,138,133,136,136,134,147,143,126,168,172,129,125,127,126,124,138.7,135.0,16.519987893458033
71,G,34,17,22,15,65,41,45,38,38,34,53,4,71,17,50,66,65,66,65,68,43.7,43.0,20.464847910502538
72,Q,112,137,84,36,144,142,143,143,144,144,158,146,83,72,111,134,134,133,131,135,123.3,134.5,30.445196665484033
73,A,13,13,10,7,8,15,19,15,19,12,31,14,25,5,2,15,14,18,17,18,14.5,14.5,6.445928947793328
74,A,3,22,0,6,1,0,0,0,0,0,1,15,0,3,2,1,1,0,1,0,2.8,1.0,5.546169849544818
75,D,5,10,2,8,51,15,18,14,13,11,12,6,13,6,44,16,18,17,19,20,15.9,13.5,11.670047129296437
76,L,0,7,0,11,7,0,0,0,0,0,4,8,0,19,12,0,0,0,0,0,3.4,0.0,5.35163526410386
77,V,6,11,0,0,3,0,0,1,0,1,2,14,0,6,7,0,0,0,0,0,2.55,0.0,4.0183952020676115
78,V,4,15,7,2,4,3,10,3,5,3,4,25,9,4,6,1,1,3,3,2,5.7,4.0,5.523585791856591
79,T,8,25,8,1,1,6,1,3,18,1,7,17,6,0,6,0,0,1,1,0,5.5,2.0,6.830080526611674
80,V,11,4,0,11,1,3,0,7,3,1,6,9,7,19,4,0,0,0,0,0,4.3,3.0,5.000999900019995
81,P,16,36,36,30,22,15,8,30,21,11,23,33,67,16,43,2,3,3,4,3,21.1,18.5,16.336768346279506
82,H,4,5,4,6,2,2,0,1,0,0,0,11,4,9,1,1,1,3,4,3,3.05,2.5,2.923610781208743
83,D,5,4,33,5,44,19,25,21,43,25,7,10,21,6,25,10,10,8,10,9,17.0,10.0,12.058192235986288
84,W,19,31,110,13,61,34,26,46,34,33,32,23,79,29,87,17,13,18,19,17,37.05,30.0,26.160036314959505
85,V,1,7,0,4,0,0,0,1,1,0,0,4,0,0,0,0,0,0,0,0,0.9,0.0,1.8411952639521971
86,G,6,3,0,1,0,0,0,0,0,0,2,3,0,0,0,0,0,0,0,0,0.75,0.0,1.5451537140362444
87,E,56,52,60,48,74,69,66,70,70,72,66,53,57,41,77,49,43,29,39,41,56.6,56.5,13.35440002396214
88,M,6,8,11,0,6,0,0,0,0,0,16,2,11,5,15,0,1,0,0,0,4.05,0.5,5.295989048327044
89,A,19,18,10,13,26,20,19,18,18,19,25,12,12,27,25,19,19,10,8,10,17.35,18.5,5.623833212320578
90,Q,115,118,79,83,107,127,126,129,129,127,134,115,80,108,106,124,126,144,136,129,117.1,125.0,18.030252355416437
91,A,58,74,79,74,75,48,50,48,48,49,50,72,81,84,87,40,41,43,44,43,59.4,50.0,16.144348856488453
92,G,17,48,40,50,44,34,35,34,34,35,6,42,42,46,42,37,38,36,36,36,36.6,36.5,9.748846085563153
93,V,143,4,8,9,4,3,3,3,3,3,147,0,15,12,8,0,0,1,1,1,18.4,3.0,42.39386748104023
94,L,38,30,4,0,9,11,10,9,10,10,27,30,4,0,17,7,7,6,6,5,12.0,9.0,10.469001862641921
95,E,10,32,4,86,30,32,25,27,17,24,13,33,5,71,18,13,14,13,13,12,24.6,17.5,20.08830505542964
96,P,82,41,50,58,105,29,31,33,55,52,69,59,49,72,107,36,37,37,35,37,53.7,49.5,22.521323229330907
97,V,26,5,3,11,0,4,1,1,5,0,31,19,2,26,4,3,2,1,2,2,7.4,3.0,9.536246641105715
98,G,39,15,54,28,32,42,42,41,38,28,37,21,50,34,32,35,36,36,36,37,35.65,36.0,8.545612909557747
99,K,215,124,108,120,153,170,165,155,130,141,188,149,111,140,172,145,144,145,144,143,148.1,144.5,24.85336999281989
100,Y,29,169,89,16,33,53,62,57,36,66,33,142,83,30,24,66,69,57,59,63,61.8,58.0,36.92641331079963
101,V,28,6,74,28,26,12,11,12,6,0,44,4,69,82,32,24,24,23,22,21,27.4,23.5,22.64155471693585
102,T,33,69,7,75,88,32,34,45,32,57,31,60,9,62,112,86,85,78,80,76,57.55,61.0,27.764140541352976
103,Q,185,112,0,146,127,150,136,144,141,168,187,130,0,148,137,142,142,144,144,147,131.5,143.0,46.987764364779046
104,T,104,96,9,104,81,62,24,93,50,114,101,94,6,102,91,114,117,115,116,114,85.35,98.5,34.98753349408901
105,Y,80,66,113,84,28,7,8,3,23,23,96,69,114,15,33,43,41,36,40,34,47.8,38.0,33.70252216081165
106,L,81,27,114,81,15,37,51,56,18,46,101,37,108,91,17,44,43,46,47,48,55.4,46.5,29.54048070021881
107,A,54,56,85,68,58,62,58,67,58,59,70,77,79,73,52,58,58,59,59,59,63.45,59.0,8.840107465410135
108,D,20,57,33,101,37,19,29,17,88,84,18,76,47,53,45,47,47,40,43,41,47.1,44.0,23.368568633957878
109,L,10,5,33,18,19,5,5,4,4,4,13,11,74,16,22,3,4,4,4,3,13.05,5.0,16.066969222600758
110,Q,80,64,32,75,67,41,38,37,36,40,69,70,41,84,84,51,52,65,62,68,57.8,63.0,16.821414922651424
111,G,49,58,37,46,34,50,49,48,50,47,49,64,37,51,36,43,42,43,44,56,46.65,47.5,7.391041875135061
112,V,67,96,64,89,84,33,36,31,31,32,70,92,46,91,69,69,68,39,56,57,61.0,65.5,21.79678875430966
113,A,4,5,6,26,7,0,0,0,0,0,1,3,10,22,1,0,0,0,0,0,4.25,0.5,7.196353243136415
114,V,25,33,41,27,28,36,29,32,30,30,45,31,42,23,39,39,40,40,39,40,34.45,34.5,6.224748990923249
115,E,142,133,70,147,60,115,131,114,130,124,147,136,13,151,60,132,134,136,135,131,117.05,131.5,35.7372005059154
116,A,17,14,10,8,9,1,2,2,2,1,17,18,3,11,6,6,6,7,7,7,7.7,7.0,5.273518749374084
117,F,2,0,1,2,0,0,0,0,0,0,0,2,2,2,1,0,0,0,0,0,0.6,0.0,0.8602325267042626
118,T,39,49,33,67,25,41,47,39,47,44,40,55,38,70,33,45,44,45,45,44,44.5,44.0,10.200490184299968
119,F,76,87,85,26,15,41,43,41,38,38,66,76,82,17,26,53,53,53,54,46,50.8,49.5,21.4909283187116
120,G,82,57,67,74,47,54,52,47,51,53,78,69,69,70,61,70,71,70,68,68,63.9,68.0,10.094057657849987
121,G,70,77,88,81,46,51,53,53,61,55,61,73,82,76,49,75,76,74,75,74,67.5,73.5,12.286171087853205
122,R,171,150,102,142,175,161,165,163,162,162,204,98,113,163,160,163,163,135,132,135,150.95,161.5,25.088792318483566
123,L,46,18,19,25,13,17,15,19,13,14,37,15,30,28,20,17,18,15,16,15,20.5,17.5,8.446892919884801
124,M,19,11,0,0,12,13,13,12,13,11,3,3,0,4,12,13,13,2,2,3,7.95,11.0,5.774729430891114
125,G,2,1,0,0,0,0,0,0,0,0,0,0,0,4,0,0,0,0,0,0,0.35,0.0,0.9630680142129109
126,L,11,6,0,8,4,0,3,1,5,2,3,5,0,14,5,4,4,4,3,4,4.3,4.0,3.4219877264537346
127,P,3,6,1,3,5,0,1,1,0,1,5,1,3,7,0,0,0,0,0,0,1.85,1.0,2.219797288042311
128,A,10,10,1,5,9,6,5,3,5,2,2,2,3,10,5,1,1,2,2,1,4.25,3.0,3.1444395367060247
129,F,4,28,11,11,4,5,4,4,2,3,4,19,6,18,6,3,3,5,6,4,7.5,4.5,6.599242380758567
130,A,1,6,0,9,0,1,1,1,1,1,7,9,5,13,3,10,10,4,10,11,5.15,4.5,4.257640191467569
131,E,36,32,24,21,22,25,27,21,24,26,11,28,30,20,18,10,10,11,10,11,20.85,21.5,7.8884409105982405
132,S,3,12,19,2,1,4,3,2,1,1,4,8,9,1,6,0,0,0,0,0,3.8,2.0,4.791659420284375
133,V,3,18,11,14,9,7,7,0,0,0,11,26,8,5,22,1,1,1,1,0,7.25,6.0,7.58864282991366
134,A,2,0,0,0,2,0,0,0,0,0,0,1,0,0,1,0,0,0,0,0,0.3,0.0,0.6403124237432848
135,L,3,2,1,2,0,0,0,0,0,1,2,0,0,6,2,0,0,0,0,0,0.95,0.0,1.499166435056495
136,I,3,2,1,3,5,0,0,0,0,0,7,0,0,0,4,0,0,0,0,0,1.25,0.0,2.021756661915573
137,Y,35,26,4,30,40,27,27,27,26,27,35,30,15,33,28,21,20,24,23,22,26.0,27.0,7.556454194925025
138,N,0,15,12,2,8,6,5,3,4,5,6,5,15,0,11,7,8,8,8,7,6.75,6.5,4.085033659592048
139,K,115,112,120,104,123,89,90,110,87,83,147,149,129,106,98,64,66,61,64,61,98.9,101.0,26.786003807959112
140,K,166,175,175,146,157,156,152,131,151,150,175,140,151,132,153,134,134,144,140,140,150.1,150.5,13.747363383572866
141,Y,97,62,132,93,79,92,92,93,93,92,80,76,136,79,93,58,56,55,55,60,83.65,86.0,22.385877244369944
142,V,9,52,19,6,19,3,3,3,2,6,8,68,31,4,15,4,3,3,3,4,13.25,5.0,17.389292682567625
143,K,178,143,175,172,174,200,197,198,196,187,180,184,158,174,200,145,148,148,149,151,172.85,174.5,19.75417677353324
144,E,124,37,116,147,147,117,115,117,115,159,136,27,137,119,141,151,152,139,140,134,123.5,135.0,33.39236439667009
145,P,26,104,78,47,47,20,19,18,19,32,25,106,91,44,37,34,34,25,25,24,42.75,33.0,27.836801181170227
146,P,12,47,10,14,32,11,11,11,7,10,15,52,4,15,11,14,13,9,8,9,15.75,11.0,12.461440526680693
147,R,156,119,161,169,176,154,154,152,153,185,139,128,165,152,137,201,201,197,200,197,164.8,158.5,24.664954895559813
148,T,48,13,38,22,39,58,58,59,58,41,45,16,20,20,48,58,58,56,56,56,43.35,48.0,15.988355137411729
149,W,5,48,9,4,39,3,5,2,3,10,7,51,8,10,65,13,13,12,14,13,16.7,10.0,17.891618149289904
150,E,149,78,110,119,130,153,138,147,154,128,108,85,108,143,152,121,121,126,122,120,125.6,124.0,20.795191751941122
151,E,96,60,69,31,110,89,87,89,83,72,61,61,45,35,105,74,70,96,98,98,76.45,78.5,22.07594845074612
152,F,3,22,0,0,2,0,0,0,0,4,9,15,2,11,0,0,0,0,0,0,3.4,0.0,5.969924622639718
153,L,55,73,24,29,43,17,14,22,23,11,63,89,56,63,30,27,27,27,26,26,37.25,27.0,21.120783602887464
154,A,37,57,46,34,45,45,43,52,50,39,40,35,36,38,30,59,60,58,58,58,46.0,45.0,9.57078889120432
155,L,54,38,25,32,27,45,43,41,51,55,39,19,29,25,35,40,42,41,39,41,38.05,39.5,9.441795380117068
156,A,0,9,8,1,1,0,0,0,0,0,0,10,13,4,0,0,0,0,0,0,2.3,0.0,4.038564101261735
157,Q,106,102,83,118,98,86,88,74,74,90,109,139,106,98,112,89,95,91,93,91,97.1,94.0,14.872457765951127
158,K,149,156,149,150,155,157,158,155,149,151,140,150,153,148,158,166,165,166,166,166,155.35,155.0,7.268252884978618
159,L,17,47,42,24,45,26,27,21,21,29,7,46,60,15,49,28,30,28,28,28,30.9,28.0,12.887590930814028
160,T,42,42,47,54,44,48,48,50,51,53,43,52,67,56,39,42,43,53,49,48,48.55,48.0,6.288680306709827
161,T,131,110,112,122,118,128,126,126,124,125,130,110,127,105,129,84,86,83,80,79,111.75,120.0,18.392593618084426
162,G,31,68,69,67,64,53,53,57,54,57,30,62,70,56,64,89,89,97,93,97,66.0,64.0,18.745666165810164
163,A,115,70,66,90,73,98,96,90,95,95,113,75,69,70,72,80,80,82,82,82,84.65,82.0,13.745090032444313
164,T,13,38,70,12,44,16,16,12,18,20,34,24,74,20,51,29,31,18,16,17,28.65,20.0,17.939551276439442
165,F,79,76,50,47,74,69,70,72,71,72,44,51,66,49,75,66,63,82,87,81,67.2,70.5,12.35556554755791
166,G,4,18,1,0,0,0,0,0,0,0,5,5,2,1,0,0,0,0,0,0,1.8,0.0,4.069397989875162
167,F,1,12,16,4,0,0,0,0,0,2,2,14,16,3,2,0,0,0,0,0,3.6,0.5,5.616048432839589
168,L,21,5,0,0,4,1,3,3,1,1,18,2,2,0,5,1,1,1,1,1,3.55,1.0,5.5360184248248325
169,Y,2,9,2,1,12,1,1,1,0,3,6,9,2,3,19,1,0,0,0,0,3.6,1.5,4.8928519290900265
170,N,18,17,1,15,3,32,35,31,33,31,3,15,8,13,3,24,25,27,27,26,19.35,21.0,11.023951197279494
171,I,1,12,5,10,2,1,0,0,1,1,4,3,3,15,4,2,2,2,2,2,3.6,2.0,3.9547439866570384
172,G,18,41,33,63,18,21,19,22,24,21,21,32,11,63,21,19,20,21,21,23,26.6,21.0,13.613963419959672
173,D,65,40,23,39,65,30,35,35,34,42,61,34,67,68,56,46,47,44,46,44,46.05,44.0,13.03255539025252
174,P,2,16,1,16,11,0,0,0,0,3,1,11,21,12,14,13,13,12,13,12,8.55,11.5,6.644358509291925
175,Y,46,48,78,66,82,72,32,28,31,14,45,65,68,28,143,29,30,26,27,26,49.2,38.5,29.367669298056324
176,F,5,31,25,4,31,7,17,7,7,6,6,36,27,2,18,11,10,9,8,7,13.7,8.5,10.27180607293576
177,N,0,2,0,9,7,0,0,0,0,0,2,0,0,5,2,0,0,0,0,0,1.35,0.0,2.554897258208244
178,F,0,3,2,13,10,1,4,0,0,5,10,2,4,26,9,0,0,0,0,0,4.45,2.0,6.3440917395636705
179,G,0,2,5,7,12,1,0,0,0,0,1,1,9,4,14,1,1,1,1,1,3.05,1.0,4.104570623098109
180,F,3,19,17,7,11,0,4,0,0,0,2,22,6,6,24,0,0,0,0,0,6.05,2.5,7.9023730613025345
181,F,3,10,1,4,2,1,3,1,1,0,5,3,2,1,8,1,0,0,0,0,2.3,1.0,2.6476404589747453
182,K,53,31,32,5,38,29,30,38,17,47,47,34,32,16,47,28,19,42,42,44,33.55,33.0,12.035260695140758
183,A,16,12,7,3,9,0,0,2,0,1,4,19,0,11,13,0,0,0,0,0,4.85,1.5,6.085022596506936
184,F,73,90,57,53,77,38,17,27,28,53,45,77,47,32,110,22,15,11,25,16,45.65,41.5,27.19425490797643
185,G,41,28,27,39,49,27,33,33,36,37,30,27,22,41,34,35,22,28,32,30,32.55,32.5,6.576283144755857
186,A,5,0,79,6,9,2,5,2,1,3,6,0,63,2,11,1,1,0,1,1,9.9,2.0,20.736200230514747
187,E,80,58,25,90,93,104,125,130,66,115,99,55,44,72,107,139,120,151,155,151,98.95,101.5,36.729381971386346
188,N,20,7,12,7,16,31,22,18,51,37,35,4,10,17,22,21,22,24,22,24,21.1,21.5,10.972237693378684
189,V,2,7,5,23,12,0,4,0,5,1,6,25,10,8,12,0,0,0,0,0,6.0,4.5,7.2180329730474355
190,F,27,92,29,80,40,3,2,1,2,1,24,85,38,68,47,2,2,2,2,2,27.45,13.5,30.887659348030883
191,A,61,51,45,87,51,25,23,25,20,21,77,52,35,80,61,21,19,19,20,18,40.55,30.0,22.49105377700209
192,K,180,139,135,126,181,100,145,113,93,126,98,118,131,113,158,150,153,145,147,140,134.55,137.0,23.867289330797494
193,D,42,145,13,139,93,97,71,96,102,62,144,143,3,149,113,58,60,58,58,58,85.2,82.0,42.942519721134204
194,A,93,77,19,105,92,103,113,101,101,113,97,79,48,104,106,116,114,115,116,115,96.35,103.5,24.16045322422574
195,K,112,64,167,176,123,180,182,179,175,188,127,62,101,169,134,182,186,180,183,179,152.45,175.5,39.805119017533414
196,G,48,67,52,47,12,45,41,47,48,45,61,65,54,48,12,39,41,39,39,37,44.35,46.0,13.561987317498861
197,N,80,97,107,110,38,85,70,78,98,73,53,99,119,80,60,91,94,92,91,91,85.3,91.0,19.15228445904039
198,L,26,18,119,39,12,26,52,29,24,53,58,46,121,33,13,40,42,38,38,37,43.2,38.0,28.37886537548674
199,D,34,47,46,13,57,26,32,25,32,23,22,20,47,40,53,31,27,28,30,27,33.0,30.5,11.406138698087096
200,P,26,23,54,73,44,30,35,43,36,44,36,12,47,59,52,31,10,7,11,9,34.1,35.5,18.002499826412997
201,T,97,109,90,129,110,50,83,52,80,51,87,121,112,84,88,90,71,57,56,53,83.5,85.5,24.154709685690698
202,K,109,136,148,95,98,112,110,110,115,100,86,128,164,87,89,111,114,113,111,113,112.45,111.0,19.132367861819926
203,L,6,0,20,44,15,20,18,24,27,35,9,1,21,16,18,28,29,26,28,27,20.6,20.5,10.678951259369995
204,L,68,57,52,18,72,66,65,62,77,55,66,51,66,30,48,55,56,51,53,52,56.0,55.5,13.29661611087573
205,I,3,4,0,27,1,5,0,0,0,0,7,5,5,22,7,0,0,0,0,0,4.3,0.5,7.218725649309579
206,G,39,41,4,82,30,40,10,26,31,36,17,40,18,80,33,12,12,12,12,11,29.3,28.0,20.86168737183069
207,G,23,24,26,10,31,41,56,58,35,41,30,20,29,12,35,40,40,40,41,41,33.65,35.0,12.154320219576249
208,E,149,146,161,136,91,126,131,125,119,130,126,163,163,163,163,120,124,106,125,115,134.1,128.0,20.36639388797143
209,V,37,46,42,53,34,25,28,27,22,12,53,45,42,60,24,29,27,26,30,30,34.6,30.0,11.95156893466293
210,G,1,3,9,0,2,0,0,0,0,0,4,3,5,0,8,0,0,0,0,0,1.75,0.0,2.7179955849853767
211,E,24,47,39,23,36,76,73,53,74,80,28,89,38,30,39,60,50,62,62,61,52.2,51.5,19.36904747270758
212,K,110,93,143,118,141,107,96,92,103,111,103,76,144,129,166,70,92,77,77,80,106.4,103.0,26.0603146565808
213,A,2,4,0,3,8,0,0,0,0,0,1,4,0,0,10,0,0,0,0,0,1.6,0.0,2.8178005607210745
214,L,2,19,24,3,6,0,0,0,1,0,4,17,12,0,6,0,0,0,0,0,4.7,0.5,7.177046746399248
215,Q,65,86,34,74,45,67,69,79,71,71,78,68,20,69,34,78,79,69,68,68,64.6,69.0,16.95110615859626
216,F,61,103,61,68,18,16,50,14,16,19,35,111,45,60,19,7,6,6,7,7,36.45,19.0,31.42208618153798
217,I,1,27,11,14,2,0,2,0,0,0,9,24,8,2,7,0,0,0,0,0,5.35,1.5,7.926380006030494
218,K,20,75,19,33,62,16,11,29,10,9,26,38,7,46,72,7,8,18,20,19,27.25,19.5,20.656415468323637
219,D,60,81,86,45,78,26,14,39,29,22,49,50,97,55,68,26,26,27,27,24,46.45,42.0,24.05924978048983
220,L,9,41,16,0,4,1,2,1,1,1,4,44,46,6,8,0,0,0,0,0,9.2,1.5,15.028639326299638
221,R,51,8,49,60,48,18,9,13,13,22,11,5,47,19,53,16,16,21,25,24,26.4,20.0,17.229045243425418
222,F,77,70,156,71,121,61,48,46,56,68,84,97,139,126,125,79,79,69,69,69,85.5,74.0,30.491802176978652
223,K,171,87,84,134,132,137,137,144,139,139,148,149,125,123,133,131,133,121,122,123,130.6,133.0,18.82392095181023
224,Y,158,159,184,148,146,78,79,85,83,80,151,129,203,151,153,25,22,22,22,26,105.2,107.0,58.494957047595136
225,N,43,7,17,28,24,105,108,110,116,112,54,27,16,13,28,118,117,117,116,116,69.6,79.5,45.011554072260154
226,L,12,6,13,3,1,0,0,0,1,0,14,7,17,9,0,1,1,2,2,2,4.55,2.0,5.361669516111562
227,V,5,37,3,56,44,0,0,0,1,0,2,41,1,46,49,0,0,1,1,1,14.4,1.0,20.657686220871884
228,P,42,27,22,5,10,43,48,50,51,45,20,17,24,3,22,48,48,55,55,56,34.55,42.5,17.405387097103013
229,E,57,111,34,58,139,133,128,130,118,159,61,99,31,88,149,133,131,169,159,174,113.05,129.0,43.23132544810533
230,G,44,28,63,48,35,57,65,63,65,59,45,24,55,53,32,52,52,59,58,58,50.75,54.0,12.107332489033247
231,V,141,143,14,83,109,12,12,14,13,12,133,139,16,110,107,11,13,14,12,14,56.1,14.0,54.21706373458453
232,D,17,12,105,4,3,84,89,87,90,84,18,6,105,7,6,83,83,83,83,82,56.55,83.0,39.355399883624614
233,Y,65,64,159,77,137,66,41,64,66,62,37,82,165,43,134,76,80,74,78,76,82.3,75.0,35.91810128612035
234,G,41,61,37,55,42,45,43,41,43,44,41,60,37,58,44,45,46,46,46,47,46.1,44.5,6.811020481543129
235,V,92,93,96,83,80,67,60,61,62,67,95,91,91,76,90,65,68,69,71,69,77.3,73.5,12.510395677195824
236,A,3,0,0,1,3,1,0,1,2,1,0,5,0,2,0,1,2,1,2,1,1.3,1.0,1.2688577540449522
237,D,18,25,22,25,15,13,16,28,13,11,0,21,30,15,14,10,10,10,10,9,15.75,14.5,7.292976072907411
238,G,23,27,16,25,31,22,23,24,22,24,25,23,18,28,30,18,18,18,18,19,22.6,23.0,4.200000000000001
239,A,37,19,24,18,28,15,15,16,14,12,27,23,30,22,31,15,14,15,15,16,20.3,17.0,6.885491994040804
240,F,7,4,0,0,6,0,0,0,0,0,6,1,2,0,3,0,0,0,0,0,1.45,0.0,2.333988003396762
241,K,59,117,59,49,65,56,56,52,59,53,81,89,54,57,65,67,67,71,65,70,65.55,62.0,15.203535772970707
242,D,125,142,141,141,153,138,137,138,137,137,134,133,145,138,148,134,136,139,139,138,138.65,138.0,5.632716928800878
243,G,11,42,32,20,13,15,14,14,17,16,8,6,37,5,10,14,13,13,14,14,16.4,14.0,9.436100889668358
244,A,42,53,67,46,54,31,31,38,37,35,40,44,59,44,51,28,27,31,33,33,41.2,39.0,10.74988372030135
245,L,67,7,9,9,12,0,0,0,0,0,38,8,2,6,13,0,0,0,0,0,8.55,1.0,15.967075499289152
246,A,2,5,6,1,2,0,0,0,0,0,2,4,8,0,3,0,0,0,0,0,1.65,0.0,2.3296995514443486
247,M,10,2,0,0,5,0,0,0,0,0,8,3,1,2,1,0,0,0,0,0,1.6,0.0,2.8000000000000007
248,I,6,1,1,0,3,3,1,1,3,2,2,2,3,1,1,3,2,3,2,2,2.1,2.0,1.2609520212918492
249,L,7,2,2,10,3,1,0,1,2,3,7,3,3,6,1,0,0,0,0,0,2.55,2.0,2.783433131943356
250,N,9,7,7,8,21,0,1,0,0,0,3,13,5,4,25,1,1,1,1,2,5.45,2.5,6.866403716648184
251,G,17,4,21,2,9,0,3,0,0,0,2,5,22,0,10,0,0,0,0,0,4.75,1.0,7.077252291673655
252,P,1,6,11,1,35,0,0,0,0,1,1,2,19,0,28,0,0,0,0,0,5.25,0.5,9.959292143521045
253,W,47,39,101,29,147,83,105,62,69,75,47,41,108,32,160,41,43,48,47,44,68.4,47.5,36.81765880661072
254,A,6,2,27,1,8,2,0,3,2,2,2,3,27,1,3,2,2,1,2,1,4.85,2.0,7.58468852359805
255,L,7,9,37,5,40,2,2,2,1,1,10,9,25,4,23,0,0,0,0,0,8.85,3.0,12.088320809773373
256,G,17,15,50,7,42,39,34,38,34,32,18,19,51,10,40,2,2,3,4,4,23.05,18.5,16.63873492787237
257,D,53,38,62,49,70,63,56,67,66,66,63,26,60,51,61,47,46,48,48,46,54.3,54.5,10.840202950129669
258,Y,53,4,9,0,2,0,0,0,0,0,78,2,9,0,1,0,0,0,0,0,7.9,0.0,19.788633100848575
259,K,90,120,147,122,112,122,123,120,121,117,17,143,148,102,120,55,57,73,76,74,102.95,118.5,33.62064098139713
260,K,167,103,182,141,173,156,157,150,160,157,161,124,164,123,165,145,142,153,154,156,151.65,156.0,17.900488820141195
261,A,27,41,54,38,42,42,43,45,42,42,26,32,54,45,52,50,49,45,46,45,43.0,44.0,7.523297149521611
262,K,223,180,193,186,186,177,178,171,184,180,165,181,186,172,182,176,176,192,189,189,183.3,181.5,11.511298797268704
263,V,14,53,59,31,74,17,17,12,17,17,8,39,53,21,67,18,17,15,15,15,28.95,17.0,20.09098056342696
264,D,65,70,101,91,65,85,85,80,84,86,73,110,111,87,48,96,95,94,93,98,85.85,86.5,15.301225441120721
265,F,19,24,12,35,42,26,25,27,25,26,65,37,40,31,33,29,28,25,25,24,29.9,26.5,10.5256828757093
266,G,8,26,8,9,17,8,9,8,8,9,24,23,19,10,7,8,8,8,8,8,11.65,8.0,6.117801892837001
267,I,26,27,47,32,28,23,25,24,26,24,20,23,38,23,21,18,18,14,11,11,23.95,23.5,8.249090858997736
268,A,18,18,24,8,8,12,12,14,12,12,8,26,22,14,5,8,8,8,7,8,12.6,12.0,5.91100668245266
269,P,45,40,40,58,34,47,46,47,48,44,41,42,50,43,20,44,44,42,41,37,42.65,43.5,7.136350607978843
270,F,15,31,14,30,19,9,10,8,10,7,7,65,24,23,23,6,5,4,4,4,15.9,10.0,14.138246001537816
271,P,5,6,0,20,6,0,0,0,0,2,10,1,2,18,5,11,9,6,6,7,5.7,5.5,5.604462507680822
272,A,19,2,10,7,14,33,38,30,38,30,25,3,19,12,25,44,44,40,38,38,25.45,27.5,13.522111521504325
273,P,18,2,3,15,18,3,6,3,4,4,1,2,1,18,18,4,4,4,3,4,6.75,4.0,6.275946143809713
274,P,87,41,51,39,76,61,65,81,61,67,63,37,71,70,91,48,44,49,47,47,59.8,61.0,15.753094934012175
275,G,50,57,53,41,46,75,36,55,72,84,55,59,33,30,59,65,72,64,71,71,57.4,58.0,14.506550244630871
276,A,29,40,46,103,32,21,21,21,21,31,26,43,51,97,32,25,25,32,28,29,37.65,30.0,22.38587724436994
277,K,180,216,186,208,167,192,189,207,186,199,193,202,201,199,149,167,156,130,175,148,182.5,187.5,22.606415018750763
278,N,137,108,119,76,111,63,53,80,54,81,126,118,91,66,108,74,60,66,66,71,86.4,78.0,25.47233793745678
279,P,36,6,9,62,41,74,72,71,76,69,31,20,31,74,36,90,91,88,83,84,57.2,70.0,27.29761894378336
280,W,1,1,78,9,13,2,4,1,4,3,15,3,14,4,12,4,4,4,3,2,9.05,4.0,16.423991597659807
281,G,6,6,0,6,0,0,0,0,0,0,2,8,1,5,3,0,0,0,0,0,1.85,0.0,2.6697378148424993
282,P,1,6,0,3,5,0,0,0,0,0,2,10,1,1,7,1,0,1,1,0,1.95,1.0,2.765411361804967
283,F,9,15,11,29,1,14,20,5,11,7,5,28,6,12,16,0,0,1,1,0,9.55,8.0,8.610894262502589
284,L,2,35,3,35,13,4,2,1,2,1,5,32,2,26,6,30,31,22,29,34,15.75,9.5,13.790848414800301
285,G,0,4,21,8,6,11,1,3,6,3,15,8,19,0,16,0,0,0,0,1,6.1,3.5,6.692533152700852
286,V,8,16,13,5,3,0,0,1,0,0,5,20,7,8,5,8,8,3,7,7,6.2,6.0,5.259277516921883
287,Q,13,1,25,9,5,11,10,5,6,5,9,3,13,15,5,2,3,1,3,1,7.25,5.0,5.872605895171239
288,G,0,5,3,0,2,1,0,3,1,1,1,4,4,0,0,0,0,0,0,0,1.25,0.5,1.6085707942145413
289,V,6,30,7,11,7,4,2,3,1,1,9,16,2,22,6,2,2,2,2,2,6.85,3.5,7.511824012848011
290,V,7,4,0,2,0,4,1,5,2,2,0,2,0,2,0,0,0,0,0,0,1.55,0.5,1.986831648630553
291,V,10,4,2,13,3,1,2,1,1,2,11,4,0,12,4,1,1,1,1,1,3.75,2.0,4.060480267160524
292,N,3,0,1,1,0,1,2,1,2,0,2,0,1,10,5,4,4,4,4,5,2.5,2.0,2.3979157616563596
293,A,30,35,48,28,38,25,23,25,23,26,15,35,43,3,40,23,23,22,22,22,27.45,25.0,9.97233673719455
294,Y,99,147,129,114,102,101,102,97,103,100,111,148,147,124,123,98,97,112,113,113,114.0,111.5,16.715262486721528
295,S,29,26,11,8,41,13,15,13,16,15,23,24,16,13,45,10,10,11,12,11,18.1,14.0,10.039422294136251
296,K,202,142,151,172,185,158,158,177,176,173,210,143,149,163,177,191,186,203,204,202,176.1,176.5,21.059202264093482
297,N,27,14,47,3,56,13,12,20,15,25,42,10,41,8,55,52,49,42,46,48,31.25,34.0,17.65467360219384
298,K,37,77,88,36,89,70,71,58,64,59,81,89,82,93,112,61,60,58,58,58,70.05,67.0,18.456638372141338
299,T,115,77,91,63,69,37,62,49,54,70,110,72,87,96,73,88,93,83,92,88,78.45,80.0,19.228819516548594
300,Q,68,10,46,48,17,1,3,10,0,2,86,14,70,4,14,65,52,54,47,43,32.7,30.0,27.173700520908078
301,A,0,9,3,9,5,0,0,0,0,0,1,7,2,13,4,0,0,0,0,0,2.65,0.0,3.8376425054973518
302,V,16,4,9,7,33,0,0,0,6,0,27,7,7,22,23,6,7,4,4,6,9.4,6.5,9.361623790774761
303,N,78,56,42,46,58,0,6,4,19,22,64,59,37,68,65,75,74,75,76,75,49.95,58.5,25.867885495339586
304,F,7,13,2,1,11,0,0,0,0,0,4,19,2,14,15,0,0,0,0,0,4.4,0.5,6.159545437773797
305,A,1,6,1,3,1,4,1,0,3,2,2,3,0,2,1,0,0,0,0,0,1.5,1.0,1.5968719422671311
306,K,116,57,59,99,66,5,4,1,42,24,87,44,55,113,47,79,84,77,79,76,60.7,62.5,33.004696635479014
307,T,39,40,29,29,23,22,24,14,45,2,63,33,20,33,36,45,45,44,42,46,33.7,34.5,13.439121995130485
308,L,7,21,3,2,9,2,11,2,3,0,2,9,2,9,10,2,3,5,5,3,5.5,3.0,4.790615826801393
309,V,16,12,0,25,6,0,0,0,0,0,8,9,1,20,3,9,9,7,6,7,6.9,6.5,6.927481504847198
310,T,51,51,77,65,20,40,28,8,46,27,49,53,58,66,21,63,63,59,58,62,48.25,52.0,18.007984340286395
311,G,38,35,20,22,22,15,15,0,18,13,31,21,35,27,17,27,28,18,19,17,21.9,20.5,8.717224328879004
312,R,155,164,140,152,160,209,211,136,214,106,218,175,124,158,148,207,209,206,204,204,175.0,169.5,33.94554462665167
313,N,1,14,9,2,8,34,29,20,26,1,13,18,6,5,35,22,21,25,22,21,16.6,19.0,10.399038417084535
314,L,10,1,0,12,5,0,2,0,2,0,0,1,2,18,1,1,2,0,1,0,2.9,1.0,4.72122865364515
315,V,70,57,23,56,41,12,9,7,11,10,43,41,34,60,21,18,16,15,14,14,28.6,19.5,19.435534466538346
316,A,39,34,42,18,27,38,26,31,30,20,33,26,21,19,29,37,36,30,29,29,29.7,29.5,6.664082832618454
317,F,3,10,2,13,10,2,21,0,8,1,0,1,1,12,13,0,0,0,0,0,4.85,1.5,6.068566552325186
318,N,2,14,2,24,14,3,4,10,3,3,3,5,32,56,13,0,0,0,0,0,9.4,3.0,13.628646301082146
319,Q,120,130,135,119,150,124,128,146,127,123,123,122,154,119,147,89,87,125,124,120,125.6,124.0,16.4359362374037
320,A,28,22,52,32,28,41,42,41,46,34,38,49,35,26,35,33,32,35,32,32,35.65,34.5,7.471780243021071
321,G,0,14,14,1,19,10,11,6,16,32,2,23,16,2,19,0,0,0,0,0,9.25,8.0,9.310612224768036
322,G,24,23,45,27,49,19,16,19,21,7,23,27,53,28,57,0,0,0,0,0,21.9,22.0,17.657576277620887
323,R,11,5,55,3,28,18,21,19,31,15,4,7,33,23,28,7,8,1,6,4,16.35,13.0,13.346441473291673
324,I,0,8,5,4,10,5,4,7,5,5,17,9,6,17,11,5,5,4,6,8,7.05,5.5,4.080134801694669
325,P,0,2,1,24,2,0,0,0,0,0,8,1,5,25,3,0,0,0,0,0,3.55,0.0,7.269628601242294
326,V,5,2,2,7,4,0,0,0,0,0,3,2,12,17,2,0,0,1,0,1,2.9,1.5,4.369210454990696
327,S,2,9,3,9,4,0,5,0,6,5,5,6,1,4,1,3,2,2,2,2,3.55,3.0,2.5391927851189244
328,K,137,88,132,153,130,115,113,110,112,114,92,123,137,106,144,109,107,107,104,109,117.1,112.5,16.495150802584376
329,S,76,74,65,48,50,62,60,63,63,64,73,67,75,46,33,62,61,49,47,48,59.3,62.0,11.30530848760882
330,A,11,8,0,2,0,0,0,0,0,0,1,0,6,5,0,0,0,0,0,0,1.65,0.0,3.134884367883447
331,V,9,7,10,9,33,21,27,20,24,25,22,10,6,12,34,34,34,34,38,37,22.3,23.0,11.01408189546455
332,K,148,140,165,144,149,137,133,139,132,134,111,121,154,151,141,161,157,162,155,156,144.5,146.0,13.70218960604472
333,Q,140,125,112,112,98,118,119,115,106,69,110,117,129,129,70,137,137,130,127,128,116.4,118.5,18.92987057536316
334,L,20,29,6,23,31,13,11,22,14,10,16,18,14,39,36,12,15,8,8,8,17.65,14.5,9.38229716007759
335,E,80,70,39,117,90,100,104,107,103,107,120,95,27,106,85,137,137,143,129,127,101.15,105.0,29.730918250198734
336,K,188,169,172,173,169,199,198,201,200,204,166,157,158,186,157,202,201,201,183,178,183.1,184.5,16.555663683464942
337,D,71,84,133,66,113,55,52,66,57,50,87,68,129,42,112,23,26,34,29,34,66.55,61.5,32.91424463663112
338,P,98,107,98,108,61,101,100,98,102,101,103,109,108,105,88,104,103,98,97,99,99.4,101.0,10.016985574512923
339,V,24,65,33,22,58,9,9,13,9,6,29,44,48,16,52,6,7,5,2,6,23.15,14.5,19.56853341464301
340,V,4,14,14,13,11,3,3,4,3,3,12,7,19,11,15,7,6,3,11,13,8.8,9.0,4.9254441424099005
341,A,31,39,7,34,30,32,30,26,30,30,52,31,4,38,22,35,33,40,38,40,31.1,31.5,10.511422358558333
342,G,4,19,14,15,3,7,6,7,7,6,8,10,15,12,4,7,6,4,4,4,8.1,7.0,4.448595283907045
343,F,12,2,5,2,11,1,1,2,1,1,3,0,16,0,6,0,0,0,0,0,3.15,1.0,4.519679192155125
344,S,30,41,2,60,14,40,37,39,40,37,58,42,1,50,14,66,67,60,66,67,41.55,40.5,20.526750838844418
345,K,123,107,130,134,124,146,150,145,145,147,108,136,105,144,125,141,143,136,130,132,132.55,135.0,13.399533573971894
346,V,0,1,1,0,4,0,0,0,1,1,0,2,1,2,7,0,0,0,0,0,1.0,0.0,1.70293863659264
347,F,43,31,9,25,39,19,18,21,18,17,61,42,8,28,26,34,36,31,36,41,29.15,29.5,12.610610611703148
348,P,100,107,82,96,108,94,98,98,92,93,78,93,75,108,104,104,105,107,104,106,97.6,99.0,9.681941953967705
349,L,68,59,49,57,32,55,50,55,51,49,52,62,104,54,45,61,63,58,54,56,56.7,55.0,13.122880781291887
350,G,14,34,28,18,27,16,14,16,13,14,17,37,21,19,18,17,17,18,15,15,19.4,17.0,6.598484674529449
351,A,40,28,9,46,29,10,17,20,18,9,25,29,3,37,18,10,6,7,8,7,18.8,17.5,12.27436352728727
352,P,75,93,21,73,10,21,30,21,25,29,73,82,3,80,12,54,55,59,56,58,46.5,54.5,27.087820141163075
353,M,10,15,4,34,21,4,7,22,13,3,4,21,8,11,11,10,10,8,8,9,11.65,10.0,7.491828882188915
354,P,26,35,5,29,4,16,3,21,29,3,20,36,9,27,4,2,3,3,2,2,13.95,7.0,12.245305222819068
355,N,16,17,12,35,8,7,11,1,6,8,19,21,10,21,7,30,31,33,31,33,17.85,16.5,10.650234739197066
356,I,10,25,29,24,29,23,17,17,30,17,27,16,42,4,22,26,27,28,28,28,23.45,25.5,8.021689348260752
357,P,20,32,48,31,53,24,27,28,23,24,42,30,36,23,59,5,7,19,17,17,28.25,25.5,13.626720074911644
358,E,32,5,40,39,73,43,37,45,41,40,14,23,50,47,58,44,21,29,25,38,37.2,39.5,14.884891669071697
359,M,6,7,19,2,41,2,1,1,5,1,6,7,13,2,37,0,0,0,0,0,7.5,2.0,11.543396380615196
360,G,23,16,52,10,27,48,48,49,48,51,8,18,37,0,27,27,25,20,22,20,28.8,26.0,15.438911878756219
361,K,77,47,90,72,104,82,83,87,90,81,102,51,101,72,79,62,63,95,89,95,81.1,82.5,15.734992850332025
362,V,0,4,12,4,14,0,0,0,0,0,4,10,11,13,22,0,0,0,0,0,4.7,0.0,6.403905058634146
363,W,68,103,128,68,138,100,102,112,118,74,38,72,88,27,126,49,48,46,45,48,79.9,73.0,33.22634496901518
364,G,20,14,13,19,10,23,21,20,22,32,21,11,33,34,8,41,40,42,41,42,25.35,21.5,11.42923881979898
365,P,2,16,8,6,0,29,31,24,26,25,32,8,10,13,12,20,20,12,12,12,15.9,12.5,9.262289133902051
366,W,8,11,6,1,10,1,1,1,1,2,8,4,5,12,6,0,0,0,0,0,3.85,1.5,3.9909272105614755
367,G,14,28,19,14,8,7,7,6,6,7,12,21,15,12,5,9,9,12,11,12,11.7,11.5,5.622277118748238
368,N,83,84,76,120,82,109,117,106,105,105,100,74,79,97,96,93,92,89,89,87,94.15,92.5,12.81122554637143
369,A,6,6,11,7,2,3,6,4,3,3,9,9,5,3,1,4,3,3,4,4,4.8,4.0,2.5219040425836985
370,I,0,27,7,2,1,0,0,0,0,0,1,12,6,1,1,0,0,0,0,0,2.9,0.0,6.315853069855249
371,S,28,29,24,38,45,31,28,31,27,33,34,50,23,34,43,56,56,60,59,60,39.45,34.0,12.670733996102989
372,L,94,62,95,60,69,83,75,75,56,81,99,87,69,74,66,88,83,89,86,88,78.95,82.0,12.035260695140758
373,A,2,13,6,0,7,0,0,0,0,0,1,5,3,1,8,0,0,0,0,0,2.3,0.0,3.55105618091294
374,I,1,30,3,11,5,10,6,10,9,13,9,17,5,4,5,10,10,19,11,19,10.35,10.0,6.6277824345704035
375,Q,48,84,68,57,44,98,135,129,126,115,70,110,78,74,40,116,112,133,113,121,93.55,104.0,30.79525125729615
376,R,168,176,201,151,202,144,139,137,152,144,123,175,227,152,202,122,118,134,127,141,156.75,147.5,30.35271816493541
377,P,77,101,55,144,44,68,70,67,64,94,63,102,43,95,34,88,88,84,83,85,77.45,80.0,24.354619684979685
378,D,73,68,79,111,56,150,114,136,167,81,93,55,105,113,57,124,124,109,113,122,102.5,110.0,30.798538926384154
379,S,20,51,13,15,25,28,19,4,27,19,47,35,14,24,26,7,7,6,7,11,20.25,19.0,12.758820478398464
380,N,85,104,117,83,120,102,102,102,105,122,104,95,113,71,134,101,103,101,99,101,103.2,102.0,13.702554506368513
381,V,32,23,33,5,31,5,5,8,5,6,2,10,34,5,36,12,13,11,12,10,14.9,10.5,11.44945413545991
382,K,125,105,139,136,81,107,103,107,105,119,122,130,135,133,138,112,101,110,111,110,116.45,111.5,15.028223447899622
383,K,110,152,112,127,112,101,103,99,102,103,115,146,112,108,121,97,95,93,89,95,109.6,105.5,16.156732342896568
384,I,3,4,20,13,2,16,14,17,15,17,14,9,11,19,3,21,20,19,19,20,13.8,15.5,6.2257529665093525
385,V,0,25,23,0,1,4,6,5,6,5,0,18,20,0,9,2,1,2,2,2,6.55,3.0,7.927641515608538
386,E,111,97,132,99,90,88,93,94,94,92,97,126,142,92,121,96,94,93,93,94,101.9,94.0,15.250901612691624
387,D,74,90,78,82,91,73,70,68,71,71,68,95,63,73,77,63,63,73,76,75,74.7,73.0,8.78122998218359
388,M,0,11,6,0,4,8,6,7,8,6,4,14,4,1,21,5,4,3,3,3,5.9,4.5,4.815599651133803
389,V,18,13,32,24,17,11,24,20,21,17,21,17,25,26,28,26,27,26,27,26,22.3,24.0,5.3113086899558
390,A,34,32,42,45,39,42,42,43,44,42,36,38,42,38,41,56,57,55,57,57,44.1,42.0,7.771100308193172
391,E,72,79,71,75,78,98,101,98,98,98,88,62,56,82,64,101,96,93,93,93,84.8,90.5,13.92695228684295
392,I,2,2,4,1,2,0,0,0,0,2,1,0,4,3,4,0,0,0,0,0,1.25,0.5,1.479019945774904
393,K,106,77,98,125,142,74,111,92,112,102,94,91,114,107,140,117,121,101,99,89,105.6,104.0,17.542519773396293
394,K,138,154,144,160,149,138,122,137,120,140,140,160,138,150,130,135,186,181,183,184,149.45,142.0,19.822903420034113
395,A,12,22,24,4,18,46,38,43,43,45,15,5,23,19,5,30,54,49,50,49,29.7,27.0,16.535114151405185
396,I,42,14,37,45,39,25,24,21,26,25,42,13,62,35,51,31,25,24,24,25,31.5,25.5,12.122293512368028
397,G,71,61,61,73,70,55,34,51,62,59,68,67,60,67,69,73,63,65,63,68,63.0,64.0,8.712060605849802
398,R,234,226,244,193,249,217,284,204,281,197,219,218,249,240,179,231,229,201,195,169,222.95,222.5,29.606544884535243
