Pos,Res,Q816F1_CIT_model1_dssp_acc_ACC,Q816F1_CIT_model2_dssp_acc_ACC,Q816F1_CIT_model3_dssp_acc_ACC,Q816F1_CIT_model4_dssp_acc_ACC,Q816F1_CIT_model5_dssp_acc_ACC,Q816F1_full_model_500951_1_dssp_acc_ACC,Q816F1_full_model_500951_2_dssp_acc_ACC,Q816F1_full_model_500951_3_dssp_acc_ACC,Q816F1_full_model_500951_4_dssp_acc_ACC,Q816F1_full_model_500951_5_dssp_acc_ACC,Q816F1_IT_model1_dssp_acc_ACC,Q816F1_IT_model2_dssp_acc_ACC,Q816F1_IT_model3_dssp_acc_ACC,Q816F1_IT_model4_dssp_acc_ACC,Q816F1_IT_model5_dssp_acc_ACC,Q816F1_ranked_0_dssp_acc_ACC,Q816F1_ranked_1_dssp_acc_ACC,Q816F1_ranked_2_dssp_acc_ACC,Q816F1_ranked_3_dssp_acc_ACC,Q816F1_ranked_4_dssp_acc_ACC,mean,median,std
1,M,155,158,57,127,150,250,242,208,206,212,79,95,139,40,145,242,245,243,246,243,174.1,182.0,67.36980035594584
2,R,38,106,87,152,157,157,160,164,163,174,156,154,182,187,215,221,218,199,211,225,166.3,163.5,46.02184264020727
3,E,120,110,148,158,44,90,79,60,64,79,4,98,36,86,35,118,123,126,112,125,90.75,94.0,39.689891660219985
4,T,6,2,39,75,3,87,80,77,82,91,81,59,17,50,78,100,117,106,109,112,68.55,79.0,36.31869353377129
5,F,146,0,21,12,116,15,14,12,14,13,1,4,14,19,15,10,17,12,7,15,23.85,14.0,36.41191425893453
6,E,74,83,117,88,86,151,149,123,150,120,85,12,99,60,82,132,150,139,147,147,109.7,118.5,37.081127275205645
7,I,5,36,43,85,108,109,109,105,111,104,97,50,116,75,4,114,120,114,118,117,87.0,106.5,37.15777173082369
8,G,26,12,17,39,22,47,46,47,47,47,30,4,10,21,36,41,41,42,43,42,33.0,40.0,13.744089638822937
9,E,42,23,19,26,17,47,46,57,45,49,62,0,90,12,161,57,57,64,50,58,49.1,48.0,33.06796032415667
10,I,6,15,9,58,36,44,41,41,43,40,34,0,61,16,72,44,46,48,47,47,37.4,42.0,18.526737435393205
11,V,0,1,5,4,7,0,0,0,0,0,2,0,5,14,6,0,0,0,0,0,2.2,0.0,3.5721142198983507
12,T,7,3,25,8,2,25,23,25,25,18,6,10,1,3,67,10,11,12,12,11,15.2,11.0,14.358272876638054
13,G,21,7,9,1,24,0,0,0,0,2,9,9,19,2,6,1,0,0,1,0,5.55,1.5,7.4194002453028505
14,I,30,27,65,73,81,59,59,56,61,61,26,78,70,25,70,76,70,65,65,75,59.6,65.0,17.573844200970942
15,Y,154,107,102,38,58,76,66,60,73,67,2,116,89,14,17,62,66,63,65,63,67.9,65.5,34.603323539798886
16,K,126,129,175,160,182,116,101,108,108,107,164,105,129,112,126,105,123,114,113,117,126.0,116.5,23.843238035132728
17,T,105,74,95,108,9,23,43,51,34,34,87,119,97,63,97,50,46,49,49,46,63.95,50.5,30.676497518458653
18,G,3,1,8,35,3,4,3,3,4,3,2,6,0,0,5,0,0,0,0,0,4.0,3.0,7.4565407529228995
19,K,55,0,19,0,51,87,85,86,89,88,12,97,25,17,83,77,78,78,80,77,59.2,77.5,32.81097377402871
20,Y,0,0,18,2,8,6,6,6,6,6,0,1,0,10,5,2,3,2,3,3,4.35,3.0,4.210403781111736
21,I,3,0,7,0,6,0,0,0,0,0,9,2,24,1,45,0,0,0,0,0,4.85,0.0,10.748371969745
22,G,0,0,1,3,1,0,0,0,0,0,0,3,1,0,6,0,0,0,0,0,0.75,0.0,1.5124483462254175
23,E,0,6,0,0,42,51,50,51,52,52,6,15,44,5,82,52,52,54,53,52,35.95,50.5,24.336135683382434
24,V,0,0,0,0,0,1,1,1,1,1,0,1,1,1,11,0,0,0,0,0,0.95,0.0,2.3553131426627756
25,T,10,36,0,6,30,35,35,32,32,34,27,22,26,0,51,34,35,35,34,35,27.45,33.0,13.024880037835283
26,N,22,77,2,50,55,77,76,74,78,75,23,50,60,22,55,73,72,73,73,71,57.9,71.5,22.509775654146356
27,S,5,14,71,6,7,52,52,42,55,40,23,52,13,39,64,64,62,68,62,60,42.55,52.0,22.316977841992852
28,R,138,156,137,158,138,134,137,145,135,150,164,132,184,162,162,122,135,136,129,130,144.2,137.5,15.114893317519645
29,P,143,123,129,150,127,120,123,121,123,129,146,134,125,144,115,137,139,139,137,139,132.15,131.5,9.681296400792613
30,G,26,39,65,36,20,48,48,43,49,37,15,49,36,58,49,43,40,41,38,40,41.0,40.5,11.371015785759864
31,S,56,62,44,58,59,13,15,14,12,14,75,29,70,69,51,21,21,21,23,23,37.5,26.0,21.99431744792277
32,Y,22,0,78,6,7,14,15,8,13,8,44,19,6,80,1,4,8,14,9,6,18.1,8.5,22.3
33,V,20,32,21,55,69,25,24,31,22,32,9,14,48,48,78,9,12,10,9,13,29.05,23.0,19.983680842127157
34,V,0,0,3,1,3,0,0,0,0,0,0,1,1,1,2,1,1,0,1,1,0.8,1.0,0.9273618495495703
35,K,22,65,25,3,107,53,53,57,56,53,52,42,68,1,120,38,35,32,38,46,48.3,49.0,28.010890739139306
36,V,3,0,0,2,7,0,0,0,0,0,1,11,0,0,10,0,0,0,0,1,1.75,0.0,3.344772040064913
37,L,9,8,3,0,39,28,34,27,29,30,0,13,54,4,0,28,30,29,30,27,21.1,27.5,14.892615619829847
38,A,0,0,5,2,1,0,0,0,0,0,0,0,13,1,38,0,0,0,0,0,3.0,0.0,8.555699854482976
39,V,1,0,3,1,5,4,4,4,5,5,0,0,1,6,3,3,3,2,3,3,2.8,3.0,1.7776388834631176
40,L,14,16,28,47,9,66,64,63,65,69,35,42,5,20,76,72,71,66,71,70,48.45,63.5,24.18362048991011
41,K,129,100,179,160,126,76,106,91,92,119,107,113,78,119,175,108,112,112,113,112,116.35,112.0,26.909617239938587
42,H,131,99,102,118,97,0,2,0,2,1,132,96,88,75,31,1,0,0,1,0,48.8,16.5,51.98615200223998
43,P,12,18,10,8,15,4,5,2,5,3,2,1,0,5,58,2,2,2,2,2,7.9,3.5,12.453513560437472
44,V,49,118,63,42,33,18,34,36,26,26,30,34,57,16,141,43,42,45,42,44,46.95,42.0,29.974113831771575
45,Q,134,118,119,126,161,0,6,4,6,0,151,111,170,110,157,2,2,3,2,2,69.2,58.0,68.17228175732421
46,G,13,1,13,33,2,27,3,4,31,20,32,13,24,34,2,1,0,2,1,0,12.8,8.5,12.659383871263245
47,D,60,90,18,102,69,116,110,98,105,119,69,81,148,129,49,30,24,29,28,26,75.0,75.0,39.42080668885405
48,L,0,0,1,1,102,33,63,77,36,37,18,0,46,32,1,61,60,72,60,72,38.6,36.5,30.83245043780984
49,H,33,106,76,15,94,21,25,2,31,34,71,75,119,125,70,170,174,170,165,169,87.25,75.5,58.013683730650996
50,N,47,6,99,88,74,121,120,116,146,86,60,51,80,66,11,55,58,55,56,55,72.5,63.0,34.643181147233
51,V,23,63,25,89,38,61,61,116,101,74,61,3,33,20,65,97,94,99,97,98,65.9,64.0,32.179030439091854
52,K,145,12,176,132,147,195,205,196,192,167,73,160,146,136,145,148,154,148,149,153,148.95,148.5,42.17520005880233
53,Q,87,121,113,16,99,118,110,107,74,105,92,69,133,116,125,97,95,96,94,97,98.2,98.0,24.530796970339143
54,A,3,58,87,94,62,7,10,16,13,19,41,12,9,81,24,26,15,13,26,22,31.9,20.5,27.81887848206681
55,N,47,77,60,73,63,136,150,137,119,115,56,77,94,93,168,166,161,156,160,157,113.25,117.0,41.54019138135981
56,V,8,0,4,3,3,59,45,52,53,66,1,15,6,40,108,23,14,10,22,22,27.7,18.5,27.790465991055278
57,P,2,41,43,0,16,67,69,91,87,82,7,58,1,12,26,142,137,139,145,142,65.35,62.5,51.90305867672926
58,F,28,0,3,56,58,144,139,133,130,134,32,102,2,31,114,136,130,135,137,139,89.15,122.0,53.87046964710814
59,F,2,96,6,11,4,57,59,60,49,77,0,7,1,13,93,35,13,25,36,36,34.0,30.0,30.341390871217488
60,H,58,117,56,88,35,1,12,11,37,54,1,59,53,86,4,68,74,79,65,78,51.8,57.0,31.935246985110354
61,E,50,91,104,77,78,65,63,50,40,45,105,121,67,56,10,86,89,85,83,87,72.6,77.5,25.401574754333637
62,R,144,148,155,141,133,86,81,86,89,75,146,134,55,168,110,38,34,40,55,35,97.65,87.5,44.43790611628771
63,R,185,109,118,90,101,105,104,92,94,101,129,171,154,162,85,106,123,132,128,128,120.85,113.5,27.57040986274959
64,A,35,21,35,13,19,11,13,11,14,11,23,53,5,64,2,8,9,8,10,8,18.65,12.0,15.856465558250992
65,L,10,46,19,0,6,11,9,9,10,9,5,17,2,12,3,9,10,10,11,9,10.85,9.5,9.155735907069403
66,A,29,20,0,0,1,47,48,48,48,46,3,15,2,0,41,50,50,47,48,48,29.55,43.5,20.917636099712606
67,F,0,2,64,11,47,96,98,97,99,96,33,8,24,84,117,110,108,108,110,101,70.65,96.0,41.261695311753726
68,R,150,32,61,89,108,167,166,167,168,165,85,118,123,77,17,163,156,151,160,166,124.45,150.5,47.54731853638015
69,E,60,69,1,28,15,82,85,84,83,84,26,84,55,21,0,84,81,83,81,85,59.55,81.0,30.730237551961746
70,Q,88,89,11,110,111,111,108,118,119,109,103,98,143,109,113,114,119,117,125,116,106.55,111.0,24.83842788905933
71,T,45,28,29,25,3,12,19,17,16,20,54,2,19,57,44,11,10,11,7,12,22.05,18.0,15.828692302271845
72,N,122,107,115,67,53,88,73,87,82,93,64,59,108,81,3,70,80,72,69,74,78.35,77.0,25.128221186546412
73,I,9,23,11,0,23,1,1,4,1,3,2,2,0,33,6,0,0,0,1,1,6.05,1.5,9.194971451831702
74,P,71,76,68,47,54,45,45,56,42,56,63,80,36,29,58,53,50,48,55,55,54.35,54.5,12.463045374225356
75,E,106,18,145,14,46,29,29,36,30,38,1,137,49,79,172,67,60,55,69,67,62.35,52.0,44.62541316335346
76,Q,192,115,81,177,74,144,154,181,141,177,104,114,180,117,159,160,147,147,158,161,144.15,150.5,32.54116623601558
77,M,35,50,97,83,1,70,65,73,74,68,81,97,100,126,43,78,81,77,71,80,72.5,75.5,25.654434314558564
78,V,2,0,1,1,24,0,2,0,0,0,20,5,12,0,13,6,8,7,6,7,5.7,3.5,6.738694235532579
79,K,6,58,94,57,158,106,117,104,107,103,51,59,56,123,136,134,134,133,127,131,99.7,106.5,38.19698941016163
80,K,173,55,134,170,33,121,99,103,115,101,34,37,43,50,173,111,101,110,93,100,97.8,101.0,43.67676727964192
81,Y,92,90,7,81,10,58,54,56,57,56,81,19,81,34,61,57,57,58,57,59,56.25,57.0,23.179462892828212
82,E,50,97,65,104,105,139,142,171,142,156,118,132,108,161,141,158,157,158,172,161,131.85,141.5,33.472787454886394
83,G,55,24,57,75,63,62,59,48,63,65,55,44,47,50,22,39,42,42,41,41,49.7,49.0,13.096182649917495
84,E,58,103,160,137,81,171,169,174,172,171,84,52,56,96,152,174,175,182,183,182,136.6,164.5,47.153366793899245
85,I,1,9,6,75,17,56,57,58,55,53,18,0,7,6,29,69,66,76,71,76,40.25,54.0,28.43743131859838
86,P,30,81,63,32,131,47,45,50,45,49,73,6,52,101,73,51,51,55,54,55,57.2,51.5,25.59804680048851
87,D,79,130,96,166,75,99,99,101,100,99,106,42,124,94,36,95,94,95,93,82,95.25,95.5,26.886567278103765
88,Y,46,54,20,22,53,25,22,27,27,24,94,4,74,93,10,29,28,28,30,29,36.95,28.0,24.278539906674784
89,T,55,39,64,34,36,49,50,67,76,58,48,54,86,52,30,68,68,65,66,76,57.05,56.5,14.75626985386212
90,E,87,101,106,130,90,100,118,115,117,98,118,122,124,122,62,115,116,116,119,139,110.75,116.0,16.834117143467903
91,S,0,34,21,14,7,8,7,7,10,9,7,30,3,21,7,8,7,8,7,8,11.15,8.0,8.475110618747108
92,L,1,0,10,0,5,0,0,10,11,2,0,0,0,3,0,7,7,5,7,4,3.6,2.5,3.8000000000000003
93,K,86,40,109,55,72,47,75,92,71,56,88,92,110,70,69,70,69,67,67,84,74.45,70.5,17.8450973659434
94,L,56,87,89,99,76,97,98,94,79,97,65,110,94,110,0,112,112,112,113,113,90.65,97.0,26.25314266902155
95,A,0,1,1,18,5,5,8,5,7,10,5,14,0,4,6,8,7,8,7,6,6.25,6.0,4.288064831599447
96,L,2,0,5,0,1,1,1,1,3,3,0,3,2,0,6,0,0,1,0,0,1.45,1.0,1.7168284713389395
97,E,41,76,80,56,70,89,75,55,61,84,90,86,92,54,48,60,58,57,60,60,67.6,60.5,14.897650821522163
98,T,71,33,64,69,67,79,86,79,87,88,38,69,62,66,13,84,85,84,83,82,69.45,75.0,19.653180404199215
99,Q,43,0,1,6,5,28,17,25,14,18,1,20,6,4,21,18,18,16,18,16,14.75,16.5,10.382075900319743
100,M,24,25,21,23,26,22,19,13,16,23,23,9,38,26,14,31,29,30,30,29,23.55,23.5,6.793195124534551
101,N,89,105,95,91,76,104,96,98,104,102,105,110,106,96,64,109,110,110,109,110,99.45,104.0,11.859489870985174
102,S,50,39,16,38,33,68,78,69,78,76,17,58,68,27,4,81,79,81,82,81,56.15,68.0,25.251287095908594
103,F,4,1,4,2,9,17,21,22,20,37,0,7,8,2,55,17,20,20,18,18,15.1,17.0,13.076314465475354
104,S,48,21,49,49,67,73,70,74,77,73,47,36,62,54,57,98,87,88,87,90,65.35,68.5,19.604272493515282
105,E,146,156,147,155,145,173,177,174,175,172,154,144,165,143,111,192,187,187,185,185,163.65,168.5,20.15756681745096
106,D,98,71,60,93,129,68,73,73,72,75,83,98,61,64,119,55,53,57,55,56,75.65,71.5,21.074332729650063
107,D,72,113,85,96,114,145,143,146,162,143,109,103,74,113,51,146,145,146,147,155,120.4,128.5,31.286418778760858
108,S,100,43,48,66,39,39,39,40,27,42,46,37,55,24,53,35,38,37,37,37,44.1,39.0,15.715915499900095
109,P,62,113,92,113,105,93,81,91,96,77,108,100,109,105,115,84,85,81,82,74,93.3,92.5,14.570861333497069
110,F,89,61,131,61,98,23,24,53,50,43,101,100,53,50,72,7,6,9,6,8,52.25,51.5,36.571676198938434
111,A,1,3,4,1,4,1,1,1,1,2,1,1,0,2,0,0,0,0,0,0,1.15,1.0,1.2359207094308275
112,E,91,85,78,112,130,113,117,118,129,118,101,91,106,110,91,117,110,113,113,116,107.95,112.5,13.782144245363275
113,R,110,153,125,107,126,96,94,125,105,117,120,61,118,142,89,130,110,108,134,144,115.7,117.5,20.74391477036097
114,S,0,1,26,0,11,0,0,0,2,8,0,0,2,10,3,0,0,0,0,0,3.15,0.0,6.247199372518858
115,L,5,28,34,36,39,36,37,42,50,39,38,21,32,29,32,45,40,44,42,43,35.6,37.5,9.572878355019455
116,E,114,106,65,128,96,133,132,133,108,136,100,109,96,118,135,107,132,128,106,114,114.8,114.0,17.56872220737752
117,T,48,27,56,15,17,24,26,32,17,17,3,9,15,39,41,22,19,21,22,22,24.6,22.0,12.65859391875733
118,L,0,0,2,1,4,0,0,0,1,0,0,0,3,3,31,0,0,0,0,0,2.25,0.0,6.7072721727987155
119,Q,75,86,82,63,84,91,93,91,76,90,79,85,85,88,176,106,100,100,104,105,92.95,89.0,21.852860224693696
120,Q,112,116,119,100,93,91,92,98,97,94,75,113,95,118,81,84,84,85,85,83,95.75,93.5,13.034089918364074
121,L,7,5,15,8,24,0,0,1,1,1,0,11,1,20,18,0,0,0,0,0,5.6,1.0,7.618398781896363
122,K,40,66,40,9,37,65,43,66,62,70,75,84,71,71,64,52,52,54,53,56,56.5,59.0,16.527250225007183
123,K,121,131,139,117,140,145,151,149,155,149,123,144,134,146,143,144,142,142,144,145,140.2,143.5,9.88736567544662
124,D,102,93,106,95,97,72,70,75,97,73,91,110,77,119,41,69,69,70,69,69,83.2,76.0,18.467809832245948
125,Y,74,28,22,11,25,47,39,59,54,52,30,77,27,18,56,40,38,38,40,42,40.85,39.5,17.05366529517922
126,K,108,84,141,128,132,181,188,188,193,189,180,175,151,129,141,194,192,193,194,192,163.65,180.5,33.01405003933932
127,L,175,156,175,167,171,66,78,93,78,61,173,183,176,135,168,62,64,58,60,62,118.05,114.0,51.22740965537883
