Pos,Res,Q8IWU4_CIT_model1_dssp_acc_ACC,Q8IWU4_CIT_model2_dssp_acc_ACC,Q8IWU4_CIT_model3_dssp_acc_ACC,Q8IWU4_CIT_model4_dssp_acc_ACC,Q8IWU4_CIT_model5_dssp_acc_ACC,Q8IWU4_full_model_499607_1_dssp_acc_ACC,Q8IWU4_full_model_499607_2_dssp_acc_ACC,Q8IWU4_full_model_499607_3_dssp_acc_ACC,Q8IWU4_full_model_499607_4_dssp_acc_ACC,Q8IWU4_full_model_499607_5_dssp_acc_ACC,Q8IWU4_IT_model1_dssp_acc_ACC,Q8IWU4_IT_model2_dssp_acc_ACC,Q8IWU4_IT_model3_dssp_acc_ACC,Q8IWU4_IT_model4_dssp_acc_ACC,Q8IWU4_IT_model5_dssp_acc_ACC,Q8IWU4_ranked_0_dssp_acc_ACC,Q8IWU4_ranked_1_dssp_acc_ACC,Q8IWU4_ranked_2_dssp_acc_ACC,Q8IWU4_ranked_3_dssp_acc_ACC,Q8IWU4_ranked_4_dssp_acc_ACC,mean,median,std
1,M,183,133,124,71,146,174,160,164,178,39,147,197,155,119,152,246,238,248,241,243,167.9,162.0,55.93826954777919
2,E,107,193,164,27,190,30,131,42,119,120,101,172,152,22,184,190,192,193,191,187,135.35,158.0,60.542774135316925
3,F,19,132,84,110,154,67,57,89,70,67,16,184,98,107,149,208,202,199,192,213,120.85,108.5,61.99941531982378
4,L,97,32,48,140,24,92,79,58,67,6,79,59,50,133,20,160,166,158,125,156,87.45,79.0,50.47224484803505
5,E,45,101,163,121,189,122,100,94,132,104,76,119,166,107,182,163,155,177,155,166,131.85,127.0,38.077913545781364
6,R,35,194,181,187,180,5,168,0,150,171,72,241,150,214,162,217,239,230,232,236,163.2,180.5,74.40806407910368
7,T,22,61,15,66,53,28,26,27,8,35,16,82,66,103,56,109,104,115,101,126,60.95,58.5,37.31953241936453
8,Y,113,126,240,142,179,190,197,169,181,134,30,125,119,97,155,205,206,213,206,224,162.55,174.0,50.37308309007897
9,L,22,96,64,111,14,109,96,107,142,137,11,134,35,109,10,159,173,146,160,160,99.75,109.0,53.75860396252864
10,V,65,121,28,119,88,31,12,18,56,36,54,103,91,98,98,145,97,72,141,123,79.8,89.5,39.810300174703535
11,N,140,104,123,75,60,111,110,111,101,101,114,56,121,75,36,123,118,112,131,122,102.2,111.0,26.789176919046987
12,D,143,131,109,110,119,119,65,91,126,132,137,128,63,107,131,144,101,86,143,121,115.3,120.0,23.443762496664224
13,K,76,159,164,166,160,164,158,152,164,158,68,162,178,161,87,176,170,165,191,173,152.6,163.0,32.97787136854045
14,A,38,101,107,26,63,25,23,14,8,25,10,96,84,29,70,78,43,27,99,51,50.85,40.5,32.588763400902465
15,A,78,35,89,81,94,12,18,7,13,40,61,23,90,69,102,75,57,40,84,56,56.2,59.0,29.937601774357276
16,K,151,80,168,186,182,145,112,127,135,127,152,57,185,181,184,192,133,124,202,161,149.2,151.5,37.30495945581499
17,M,79,103,119,105,95,93,78,73,116,94,93,174,119,103,108,169,141,134,157,139,114.6,106.5,28.704355070267646
18,Y,19,62,62,222,61,0,33,22,111,116,19,27,185,226,37,191,153,67,223,205,102.05,64.5,78.74419026188536
19,A,26,45,58,54,53,57,8,34,43,47,49,76,72,54,56,75,80,26,96,87,54.8,54.0,21.39532659250613
20,F,15,127,88,157,85,169,127,139,134,109,49,117,75,171,59,196,129,80,181,172,118.95,127.0,47.47470379054513
21,T,64,123,111,108,111,36,37,39,86,83,130,135,109,129,119,137,92,54,146,102,97.55,108.5,34.1752468901104
22,L,112,132,89,27,11,37,11,16,50,16,158,144,86,69,37,161,159,72,137,154,83.9,79.0,55.024449111281434
23,E,31,172,3,140,177,156,78,120,108,99,38,179,41,191,173,175,153,25,178,193,121.5,146.5,62.32615823231848
24,S,80,108,41,115,66,60,74,51,65,60,73,79,20,113,59,109,66,49,94,84,73.3,69.5,24.617270360460356
25,V,25,106,62,69,67,27,17,12,57,48,44,116,3,46,46,121,139,45,116,126,64.6,52.5,40.717809371330375
26,E,15,166,52,131,122,168,107,108,110,42,24,162,93,122,109,161,163,52,167,187,113.05,116.0,51.19128343771037
27,L,23,160,53,63,48,142,144,130,83,118,36,144,114,86,49,142,153,32,148,151,100.95,116.0,46.97496673761462
28,Q,181,172,138,70,135,144,127,140,74,143,179,181,69,65,93,165,178,151,171,193,138.45,143.5,41.33578957755615
29,Q,57,116,152,56,95,91,55,48,128,108,97,86,123,71,102,172,190,124,179,191,112.05,105.0,44.432504993529236
30,K,152,164,130,84,125,161,140,135,123,107,137,200,92,60,97,197,200,162,198,202,143.3,138.5,41.53925853936249
31,P,78,31,64,64,71,47,116,107,65,114,49,13,68,53,48,116,121,124,108,103,78.0,69.5,32.39290045673589
32,V,91,27,81,78,50,13,18,5,1,48,85,21,117,76,35,148,145,141,133,142,72.75,77.0,50.072821969607425
33,N,68,7,104,82,86,74,114,107,20,88,57,4,48,75,113,131,133,137,134,152,86.7,87.0,42.41355915270492
34,K,12,34,185,159,103,110,78,119,126,120,15,17,153,192,128,186,182,191,166,172,122.4,127.0,60.37913546913371
35,D,104,119,139,116,102,100,92,81,66,79,93,127,138,134,88,115,119,139,175,135,113.05,115.5,25.7419404862959
36,Q,141,170,155,85,126,68,48,29,27,67,139,177,146,103,123,197,187,175,177,183,126.15,140.0,53.63886184474834
37,C,45,36,87,25,13,0,1,6,24,3,42,28,57,28,39,123,127,123,121,109,51.85,37.5,44.46827520828754
38,P,10,37,130,50,66,81,50,86,109,89,9,37,113,16,49,111,124,114,123,129,76.65,83.5,40.815775136581685
39,R,96,248,177,34,229,182,258,119,190,150,72,252,219,29,225,235,241,229,236,230,182.55,222.0,72.13284619367242
40,E,184,100,139,81,60,25,40,10,55,19,191,101,67,65,65,175,185,166,184,186,104.9,90.5,63.02689901938696
41,R,146,33,167,38,124,171,165,146,149,171,114,35,173,47,103,236,212,245,242,213,146.5,157.0,66.5804025220635
42,P,103,65,71,30,79,75,59,100,88,79,96,76,72,23,73,110,113,124,110,112,82.9,79.0,26.05935532587098
43,E,118,88,155,48,115,149,116,139,107,157,135,91,132,69,112,189,189,191,186,187,133.65,133.5,41.09412975109705
44,E,140,27,134,169,27,54,72,23,54,69,87,12,149,132,40,195,155,200,191,156,104.3,109.5,62.496479900871215
45,L,28,82,65,95,24,8,5,23,13,28,21,77,119,112,18,180,167,170,160,167,78.1,71.0,62.04425839672838
46,E,49,171,147,62,136,134,144,177,77,174,72,165,136,59,131,185,178,184,184,179,137.2,145.5,46.12439701502882
47,S,54,86,102,115,98,53,57,89,81,56,65,66,87,112,102,120,124,123,111,119,91.0,93.5,24.582514110643768
48,G,43,25,57,45,22,37,56,10,8,38,23,23,50,31,27,73,63,81,71,65,42.4,40.5,20.931793998604135
49,G,9,92,41,19,25,2,4,1,24,15,9,96,29,21,28,46,36,49,40,35,31.05,26.5,25.251683112220466
50,M,65,110,181,116,53,41,17,5,8,62,48,64,182,97,86,168,154,155,157,167,96.8,91.5,58.60085323610911
51,Y,143,72,158,35,83,8,27,74,22,13,62,53,90,36,98,206,193,210,214,152,97.45,78.5,68.5714773065303
52,H,146,126,162,136,75,103,91,69,64,67,139,135,149,132,73,121,83,154,127,108,113.0,123.5,31.58480647399949
53,C,125,105,16,22,28,13,14,2,9,7,91,122,18,23,38,126,96,104,96,91,57.3,33.0,45.75707595552845
54,H,56,124,174,122,120,70,68,27,59,50,54,113,157,102,132,119,84,177,115,91,100.7,107.5,41.05496315916018
55,S,111,6,30,105,50,0,50,38,19,17,117,4,67,102,53,65,74,103,81,48,57.0,51.5,36.72737398725915
56,G,47,4,23,56,72,7,24,30,19,32,25,1,43,60,61,65,84,67,84,83,44.35,45.0,26.605027720338875
57,S,122,9,46,123,72,9,60,23,47,54,52,16,61,134,79,79,67,87,77,39,62.8,60.5,34.9851397024508
58,K,162,148,193,123,102,85,101,76,114,76,149,137,166,135,131,166,188,200,170,162,139.2,142.5,36.9643071083444
59,P,106,72,98,71,80,46,57,37,38,69,102,74,108,44,64,102,128,121,129,133,83.95,77.0,30.64877648455155
60,T,44,104,111,55,60,89,89,44,36,97,13,90,95,45,45,80,105,105,92,76,73.75,84.5,27.779263849137543
61,E,75,127,88,126,112,158,152,155,162,163,70,121,119,104,84,173,178,181,168,159,133.75,139.5,34.99696415405199
62,K,113,110,96,144,167,130,88,89,154,138,106,91,133,133,155,160,164,147,150,112,129.0,133.0,25.772077913897437
63,G,52,78,86,94,81,2,8,15,1,15,77,76,92,90,71,30,30,25,36,33,49.6,44.0,32.416662382176234
64,A,57,41,49,60,91,54,51,40,47,52,59,48,46,42,91,66,60,60,58,64,56.8,55.5,13.563185466548779
65,N,135,130,137,74,108,95,101,90,91,107,127,151,126,109,109,120,128,129,123,118,115.4,119.0,18.429324458590447
66,E,69,93,104,5,81,41,23,14,34,32,81,54,151,13,76,69,79,79,78,78,62.7,72.5,34.93293574837362
67,Y,20,65,25,25,11,54,37,32,25,42,22,71,50,33,7,116,146,75,103,69,51.4,39.5,35.90598835848973
68,A,22,20,28,29,39,24,24,22,22,20,34,13,24,32,33,57,57,53,55,56,33.2,28.5,14.119490075778232
69,Y,181,109,109,210,185,93,111,84,86,120,194,136,146,214,182,123,136,154,118,115,140.3,129.5,39.9037592214067
70,A,56,48,21,32,35,1,3,9,1,11,55,44,3,34,29,10,33,10,12,32,23.95,25.0,17.741124541584163
71,K,112,46,98,98,172,62,55,56,60,59,125,47,85,85,159,111,114,117,101,69,91.55,91.5,34.95922625001875
72,W,136,145,74,118,120,140,141,139,144,149,105,138,42,74,101,167,174,179,177,159,131.1,139.5,35.80628436461957
73,K,1,7,5,10,9,54,52,72,57,67,1,14,18,4,7,13,37,47,29,21,26.25,16.0,23.05618138374176
74,L,25,2,1,9,56,0,2,0,0,0,11,4,2,10,29,19,68,67,24,34,18.15,9.5,21.852402613900377
75,C,6,2,15,3,6,62,57,54,56,61,13,5,26,4,5,60,88,74,65,69,36.55,40.0,29.304393868496923
76,S,1,9,8,4,61,58,56,58,59,60,8,12,4,7,57,36,51,45,44,37,33.75,40.5,23.233327355331607
77,A,1,13,1,5,10,0,0,0,0,0,11,13,0,4,10,0,16,23,3,21,6.55,3.5,7.344896187149277
78,S,0,1,13,4,1,10,10,9,12,11,4,1,6,8,1,16,39,46,26,24,12.1,9.5,12.385071659057932
79,A,22,33,38,1,21,56,54,55,55,54,34,39,33,4,28,53,51,51,54,54,39.5,45.0,16.853782958137323
80,I,66,64,32,2,11,44,41,42,44,40,57,75,45,4,10,34,65,79,44,69,43.4,44.0,22.561914812355802
81,C,27,26,3,6,0,0,0,0,0,0,25,22,1,9,0,5,34,38,6,6,10.4,5.5,12.599206324209476
82,F,9,4,72,13,9,107,101,104,106,106,8,7,59,12,33,109,104,102,101,100,63.3,86.0,43.852137918236096
83,I,103,113,111,11,64,116,116,116,115,114,71,110,97,9,53,113,111,113,115,115,94.3,112.0,33.46953838940716
84,F,131,120,96,8,42,13,13,13,13,13,145,110,119,5,33,66,65,68,72,75,61.0,65.5,45.52142352782918
85,M,92,0,4,1,3,15,11,17,18,25,97,2,0,2,0,13,15,8,19,16,17.9,12.0,26.606202284429845
86,I,13,73,73,37,76,70,70,72,73,73,5,81,91,29,74,87,80,82,82,83,66.2,73.0,23.93240481021496
87,A,49,47,54,15,14,56,50,50,52,52,61,45,46,28,11,55,53,56,55,56,45.25,51.0,14.895888694535818
88,E,2,23,12,7,15,8,3,9,7,9,0,21,9,9,19,4,4,4,4,5,8.7,7.5,6.221736092120913
89,V,52,24,53,49,37,45,46,42,43,49,52,35,65,40,44,78,77,50,80,58,50.95,49.0,14.252982144098826
90,V,111,111,98,85,76,71,71,72,71,76,123,106,102,101,80,81,79,75,79,78,87.3,79.5,15.852760012060992
91,G,6,36,34,26,29,6,1,4,6,6,14,33,22,22,34,6,6,7,6,6,15.5,6.5,12.097520407091695
92,G,13,5,14,1,33,1,11,1,0,0,8,5,13,0,37,0,0,0,1,1,7.2,1.0,10.476640682967037
93,H,174,167,187,136,165,135,150,131,132,132,147,165,178,123,169,158,161,136,159,140,152.25,154.0,17.969070649312947
94,I,98,111,52,58,17,121,104,118,119,119,116,117,74,59,36,87,100,100,93,108,90.35,100.0,30.002124924744916
95,A,33,20,21,35,26,8,12,6,6,9,37,28,34,29,32,1,0,0,1,0,16.9,16.0,13.5199852070925
96,G,78,38,97,79,82,63,53,64,64,60,67,46,98,77,76,23,20,21,22,22,57.5,63.5,25.098804752417994
97,S,14,46,48,39,45,2,18,2,2,1,7,48,37,41,43,0,0,1,1,0,19.75,10.5,19.93959628477969
98,L,90,19,68,18,36,74,57,119,112,114,69,21,73,33,27,7,7,8,8,7,48.35,34.5,38.07922662029785
99,A,8,47,35,78,69,4,5,16,17,17,9,46,10,86,72,2,0,1,1,1,26.2,13.0,28.61223514512629
100,V,3,34,6,79,20,1,3,3,4,1,0,34,1,74,18,2,3,3,2,2,14.65,3.0,22.991900747872062
101,V,14,1,8,5,25,58,75,50,48,51,13,2,51,5,20,55,54,35,56,41,33.35,38.0,22.63023420117432
102,T,15,9,8,5,23,21,20,25,28,27,21,13,0,15,12,0,0,2,1,2,12.35,12.5,9.593096476112393
103,D,8,6,18,12,32,16,17,22,28,27,7,3,6,16,14,1,2,3,2,2,12.1,10.0,9.417536832951596
104,A,2,16,16,14,21,5,7,4,4,6,4,17,23,10,20,1,2,0,1,1,8.7,5.5,7.490660852021001
105,A,55,21,30,23,35,50,48,49,48,48,42,25,12,26,34,17,19,20,17,20,31.95,28.0,13.45538925486736
106,H,4,6,7,6,16,3,5,1,5,6,3,19,6,6,15,10,5,9,3,2,6.85,6.0,4.671991010265324
107,L,7,1,5,7,0,4,4,6,6,5,8,1,5,7,2,2,14,18,2,4,5.4,5.0,4.223742416388575
108,L,34,73,65,88,71,86,85,83,84,92,44,74,82,83,61,83,86,83,84,83,76.2,83.0,14.596574940718112
109,I,50,10,35,18,39,39,35,41,37,37,55,23,2,24,30,16,10,12,7,13,26.65,27.0,14.802955785923295
110,D,4,0,4,1,7,0,0,2,0,0,5,1,2,2,4,3,33,31,3,5,5.35,2.5,9.100961487667112
111,L,23,12,3,32,23,16,23,17,21,18,20,13,34,29,13,18,34,35,14,17,20.75,19.0,8.329915965962682
112,T,39,49,37,42,52,54,61,66,62,59,51,59,48,46,61,48,59,49,54,60,52.8,53.0,7.890500617831546
113,S,2,5,1,1,5,3,1,3,1,4,10,9,5,2,4,21,15,16,10,13,6.55,4.5,5.705041629997103
114,F,8,0,9,11,5,0,0,0,0,0,16,5,6,8,3,25,78,104,21,28,16.35,7.0,26.53728509098095
115,L,87,63,88,51,64,89,83,81,60,74,80,53,44,38,55,98,101,97,97,97,75.0,80.5,19.45764631192581
116,L,41,48,59,49,55,56,39,63,40,57,50,36,49,51,85,39,42,37,39,35,48.5,48.5,11.715374513859981
117,S,10,12,17,28,17,2,1,4,1,3,13,19,16,28,29,48,48,49,39,42,21.3,17.0,16.229910659027052
118,L,13,2,20,9,26,32,40,38,28,30,27,5,19,11,17,45,84,67,44,32,29.45,27.5,19.736957718959626
119,F,110,30,109,82,95,104,112,117,107,125,125,22,95,77,107,119,120,115,117,111,99.95,109.5,27.62331442821444
120,S,20,11,7,12,27,4,4,5,5,6,12,11,18,26,32,6,6,6,4,5,11.35,6.5,8.433712112705768
121,L,25,1,6,6,18,5,0,0,4,0,17,4,14,2,15,36,85,53,47,39,18.85,10.0,22.07549546442843
122,W,147,30,112,78,123,129,111,120,132,117,98,31,98,108,116,136,153,114,129,126,110.4,116.5,31.37259950976329
123,L,70,28,68,75,81,7,14,14,38,29,77,17,100,75,113,24,31,31,30,30,47.6,31.0,30.671485128698937
124,S,35,44,50,31,55,11,4,9,7,2,34,51,45,32,35,16,11,4,13,9,24.9,23.5,17.595169791735458
125,S,91,46,56,84,89,71,55,42,46,64,79,71,87,75,85,80,92,28,84,72,69.85,73.5,18.111529477103804
126,K,128,62,147,140,142,73,67,69,71,73,145,62,87,131,144,82,81,85,86,84,97.95,84.5,31.593472427069493
127,P,85,97,89,102,115,88,93,73,101,91,91,108,122,118,99,96,104,105,107,105,99.45,100.0,11.547618802160036
128,P,44,61,43,47,57,79,67,24,71,65,45,67,99,61,72,89,87,84,87,84,66.65,67.0,18.818275691465463
129,S,85,28,71,86,112,59,66,40,53,61,104,40,71,70,81,54,51,54,53,51,64.5,60.0,20.631286920597077
130,K,123,117,177,190,148,214,200,215,216,223,122,164,175,208,159,215,215,213,212,217,186.15,204.0,34.87301965703573
131,R,219,151,131,103,232,238,233,246,242,182,214,137,142,122,154,240,240,238,237,239,197.0,225.5,48.87535166113897
132,L,141,149,150,129,83,58,80,35,59,39,159,150,135,149,115,68,70,68,68,65,98.5,81.5,41.525293496855625
133,T,54,142,54,34,62,107,92,105,99,107,42,138,68,20,81,105,107,109,106,108,87.0,102.0,32.750572514079806
134,F,32,43,40,103,18,43,45,59,36,33,26,40,12,103,29,98,104,97,102,99,58.1,43.0,32.816002194051606
135,G,5,6,0,0,19,11,0,0,7,8,4,3,23,4,10,13,11,12,12,12,8.0,7.5,6.196773353931867
136,W,54,37,76,84,64,102,78,64,109,98,60,36,84,116,43,104,94,109,102,117,81.55,84.0,25.648537970028624
137,H,24,17,7,19,17,22,12,10,33,22,32,29,23,31,27,46,49,31,46,48,27.25,25.5,12.23877036307161
138,R,73,98,93,38,39,92,118,73,81,86,75,75,58,9,65,79,54,76,74,91,72.35,75.0,23.6014300414191
139,A,10,13,33,1,29,18,31,28,20,23,17,9,28,2,39,12,12,9,11,14,17.95,15.5,10.293080199823567
140,E,61,32,53,56,48,2,0,1,1,1,44,37,35,74,63,39,54,61,56,53,38.55,46.0,23.829550981921585
141,I,11,11,2,1,7,0,1,0,0,0,7,30,19,0,4,4,2,3,3,3,5.4,3.0,7.371566997592846
142,L,97,42,88,60,93,70,76,68,78,67,110,33,89,74,72,99,98,102,95,110,81.05,83.0,20.44620991773292
143,G,15,14,14,10,19,11,12,12,12,9,8,12,17,7,21,11,9,9,11,6,11.95,11.5,3.7613162589710534
144,A,30,17,23,16,28,1,0,1,1,1,21,35,11,13,28,16,16,21,18,22,15.95,16.5,10.428206940792842
145,L,78,67,24,28,42,25,35,29,32,29,58,48,64,37,15,31,21,22,20,17,36.1,30.0,17.495427974188
146,L,81,82,87,84,93,98,86,98,86,96,63,63,83,77,106,86,86,84,85,82,85.3,85.5,10.104949282406121
147,S,22,16,7,8,18,2,0,2,0,4,15,15,12,8,17,10,13,7,12,11,9.95,10.5,6.127601488347622
148,I,19,1,2,2,9,0,0,0,0,1,7,8,5,7,16,10,7,11,9,10,6.2,7.0,5.372150407425318
149,L,77,84,78,68,80,68,72,62,75,68,64,82,77,87,78,101,89,91,94,87,79.1,78.0,10.168087332433766
150,C,33,49,39,23,42,49,29,57,33,54,42,51,66,23,66,42,47,38,48,43,43.7,42.5,11.794490239090454
151,I,20,1,0,8,7,2,4,2,4,5,4,21,10,13,10,16,13,24,9,10,9.15,8.5,6.754813098820721
152,W,120,135,106,117,104,89,92,85,92,91,117,139,74,144,120,89,86,89,88,82,102.95,92.0,20.0934690882386
153,V,78,88,86,62,91,94,92,94,94,99,81,88,87,89,89,92,101,102,100,102,90.45,91.5,9.184089503048192
154,V,10,14,17,2,9,23,25,11,23,11,7,9,34,4,19,40,46,41,46,36,21.35,18.0,14.054447694591204
155,T,1,7,2,4,8,0,1,0,1,1,0,8,0,1,2,1,10,1,0,7,2.75,1.0,3.207413287993925
156,G,35,38,39,40,25,34,31,34,34,32,33,34,34,40,16,42,42,40,42,42,35.35,34.5,6.279132105633708
157,V,82,69,61,62,74,70,67,60,62,61,73,80,72,56,75,78,77,80,78,80,70.85,72.5,7.926380006030496
158,L,4,18,1,0,14,3,4,7,8,9,2,14,1,0,9,8,7,7,7,6,6.45,7.0,4.758938957372746
159,V,40,15,56,69,18,24,23,25,24,23,40,3,62,62,3,44,45,40,46,47,35.45,40.0,18.62652678305862
160,Y,156,140,180,166,171,136,136,136,138,137,155,141,185,149,166,153,153,149,152,148,152.35,150.5,14.384974800116959
161,L,33,64,25,16,68,38,31,55,50,51,30,52,9,23,64,59,59,57,61,59,45.2,51.5,17.440183485273312
162,A,2,0,0,7,6,0,2,4,2,2,5,0,8,6,0,0,0,0,0,0,2.2,1.0,2.694438717061496
163,C,80,81,70,91,74,45,47,51,49,47,87,83,95,95,67,53,50,51,52,51,65.95,60.0,17.729847715082048
164,E,64,88,36,59,77,61,52,66,75,74,70,93,50,76,79,91,90,90,90,90,73.55,75.5,15.784406862470314
165,R,1,50,3,17,10,22,22,31,38,37,1,65,2,11,5,53,52,49,55,51,28.75,26.5,21.243528426323156
166,L,41,71,44,47,64,64,63,101,66,65,57,65,92,48,61,102,96,82,100,99,71.4,65.0,19.94843352245985
167,L,59,72,41,88,121,109,119,105,121,120,58,77,77,62,111,128,128,129,127,128,99.0,110.0,28.397182958878158
168,Y,196,171,176,207,163,141,146,148,153,154,203,190,193,215,167,169,152,154,153,166,170.85,166.5,21.795125601840425
169,P,84,47,48,48,107,64,57,62,57,65,86,56,52,45,84,73,72,75,73,75,66.5,64.5,15.730543537970963
170,D,103,95,147,141,86,127,131,134,127,128,105,79,149,154,90,155,142,144,145,148,126.5,132.5,23.84428652738429
171,Y,31,17,132,8,4,54,88,43,54,44,18,10,11,16,0,22,22,19,21,21,31.75,21.0,30.794277065714663
172,Q,97,98,21,12,56,129,140,131,136,131,88,78,8,13,70,156,160,158,158,135,98.75,113.5,51.870873329837046
173,I,2,14,3,25,4,20,32,21,25,20,1,1,3,14,4,22,23,24,23,22,15.15,20.0,9.93617129481975
174,Q,62,71,94,137,82,111,107,117,113,112,51,74,80,141,73,110,106,108,112,95,97.8,106.5,23.393588865328038
175,A,84,69,67,67,44,10,9,9,10,11,80,76,63,57,44,15,14,15,14,15,38.65,29.5,28.048663069743625
176,T,78,118,59,103,129,80,80,80,77,81,72,111,104,97,64,85,79,85,85,87,87.7,83.0,17.19622051498526
177,V,9,35,122,14,8,29,29,30,31,30,22,27,7,10,21,33,31,35,36,42,30.05,29.5,23.421090922499747
178,M,34,24,21,58,91,1,3,1,1,4,54,11,2,62,108,0,0,0,0,0,23.75,3.5,32.491345001399985
179,I,4,97,21,57,34,26,25,24,24,24,14,79,74,34,33,35,33,33,35,34,37.0,33.0,22.205855083738612
180,I,79,135,119,66,126,99,101,99,100,98,98,121,102,69,114,102,101,100,102,102,101.65,101.0,16.478091515706545
181,V,6,35,5,13,39,17,13,16,13,13,14,27,7,11,44,20,19,20,20,19,18.55,16.5,10.244388707970817
182,S,1,11,6,13,4,5,4,6,7,7,0,6,2,7,5,1,1,2,1,1,4.5,4.5,3.427827300200522
183,S,21,62,46,40,54,52,49,50,52,50,26,60,59,23,54,50,50,50,51,51,47.5,50.0,11.191514642799696
184,C,64,77,66,21,61,78,75,79,76,77,65,58,67,20,60,70,63,63,67,75,64.1,66.5,15.893080255255745
185,A,3,2,17,16,4,2,4,3,4,5,0,1,8,13,2,1,1,1,1,1,4.45,2.5,4.9545433694741225
186,V,10,15,13,5,26,20,19,21,21,19,3,12,22,4,33,21,20,18,20,21,17.15,19.5,7.295717922178735
187,A,52,37,45,43,25,53,54,53,52,53,46,44,33,32,15,53,54,53,54,52,45.15,52.0,10.937435714096793
188,A,20,10,10,4,7,18,19,18,17,17,19,10,22,4,0,4,9,16,6,7,11.85,10.0,6.490570082820152
189,N,6,1,3,13,5,1,1,1,2,1,2,6,6,13,2,4,5,5,4,4,4.25,4.0,3.418698582794336
190,I,30,95,77,63,11,82,84,81,82,82,5,92,67,69,10,81,81,80,82,80,66.7,80.5,27.604528613979266
191,V,40,75,54,12,19,70,69,68,71,69,73,75,54,6,10,76,77,87,76,87,58.4,69.5,25.638642709784772
192,L,18,1,1,3,2,0,0,0,0,0,6,6,0,1,0,8,27,40,7,27,7.35,1.5,11.186040407579439
193,T,13,35,11,13,0,18,24,18,17,17,8,23,11,7,0,17,13,13,16,16,14.5,14.5,7.6909037180295
194,V,3,96,61,21,0,64,95,68,66,58,10,81,50,20,2,101,74,76,100,66,55.6,65.0,33.46550462790005
195,V,13,25,6,20,1,14,20,22,17,19,13,25,15,10,1,44,46,45,54,47,22.85,19.5,15.557233044471628
196,L,10,12,5,12,2,12,10,8,2,8,12,13,5,5,6,1,22,23,15,24,10.35,10.0,6.574762353119692
197,H,1,110,23,34,26,136,45,84,113,113,23,91,19,33,24,111,84,96,111,97,68.7,84.0,41.43802601476089
198,Q,5,66,66,77,13,110,110,117,81,115,5,96,68,55,4,51,122,135,68,135,74.95,72.5,42.20482792288105
199,R,7,10,6,45,26,75,113,109,112,91,2,26,15,51,30,212,65,73,212,96,68.8,58.0,60.15862365446869
200,C,15,0,21,11,5,54,60,24,27,52,11,0,15,8,0,117,82,68,127,45,37.1,22.5,37.02012965941638
201,L,9,79,17,137,27,97,15,109,162,100,15,82,92,129,27,144,145,147,154,148,91.75,98.5,53.516235854177935
202,G,24,46,24,25,13,23,1,24,25,3,42,37,15,25,23,39,39,34,62,45,28.45,25.0,14.47920923255134
203,H,105,140,196,65,3,9,9,8,4,10,95,141,189,86,15,195,132,174,197,162,96.75,100.0,73.97017980240416
204,N,10,165,79,153,14,10,61,37,5,80,24,143,76,155,6,119,137,123,146,121,83.2,79.5,57.104815908993174
205,H,6,120,58,107,52,33,113,139,34,112,5,97,74,127,55,165,194,193,204,200,104.4,109.5,62.70358841406128
206,K,38,15,77,107,106,92,205,121,134,181,39,18,115,137,107,153,201,211,182,178,120.85,118.0,60.19242061921085
207,E,24,66,127,129,111,72,101,180,88,174,50,96,59,128,123,51,84,61,191,76,99.55,92.0,44.70399870257693
208,V,79,78,4,39,75,106,46,61,58,41,92,79,12,28,75,63,116,118,105,113,69.4,75.0,32.92324406859081
209,Q,28,13,54,87,9,61,115,95,62,51,30,12,39,84,9,75,80,100,119,124,62.35,61.5,37.04628861303113
210,A,83,71,40,51,35,14,11,3,14,10,61,61,68,36,28,25,46,27,49,45,38.9,38.0,22.085968396246518
211,N,47,70,69,64,110,1,1,2,3,3,47,66,19,93,119,42,77,51,60,52,49.8,51.5,35.23010076624817
212,A,86,66,59,47,47,1,0,3,2,2,76,75,49,50,58,25,32,34,37,21,38.5,42.0,26.744158240632665
213,S,33,14,11,31,11,0,0,0,0,0,27,15,9,40,26,44,90,48,42,61,25.1,20.5,23.47743597584711
214,V,17,3,13,23,7,14,8,11,5,16,15,4,9,18,4,0,31,23,14,32,13.35,13.5,8.702154905539201
215,R,144,100,127,144,144,71,76,80,99,107,150,86,148,177,126,161,169,162,166,158,129.75,144.0,33.43183363203401
216,A,44,41,29,29,35,2,0,3,1,6,43,46,40,40,46,61,54,61,60,59,35.0,40.5,20.96902477465273
217,A,11,3,1,14,1,1,0,1,0,2,17,8,6,12,2,3,39,42,6,11,9.0,4.5,11.623252556836231
218,F,18,4,19,78,20,54,22,47,48,55,27,3,36,79,20,52,57,59,55,61,40.7,47.5,22.19031320193566
219,V,38,66,37,45,38,36,34,49,42,45,81,75,61,54,52,90,86,87,89,81,59.3,53.0,20.030227157973023
220,H,18,7,1,10,15,7,2,8,6,8,14,18,4,13,24,58,70,84,55,46,23.4,13.5,24.193800858897717
221,A,3,1,1,8,3,0,0,0,0,0,2,3,0,7,0,1,3,3,1,3,1.95,1.0,2.2242976419535223
222,L,6,72,70,75,45,57,62,52,55,55,51,87,57,77,60,74,62,84,64,61,61.3,61.5,16.739474304768354
223,G,3,7,6,4,1,17,16,15,17,16,12,12,4,5,3,39,36,38,36,25,15.6,13.5,12.40725594158515
224,D,3,0,11,4,1,6,5,5,6,8,2,1,7,2,1,7,10,13,4,1,4.85,4.5,3.5815499438092444
225,L,8,34,49,66,4,21,21,18,20,19,6,34,44,53,27,30,25,23,25,27,27.7,25.0,15.31045394493579
226,F,29,145,108,96,140,108,108,104,108,110,61,135,120,84,103,110,120,103,135,122,107.45,108.0,26.05086370928995
227,Q,11,2,8,7,39,13,12,11,6,7,13,4,2,12,24,5,5,4,3,2,9.5,7.0,8.546929273136639
228,S,1,15,4,6,6,9,8,12,14,13,4,7,9,13,5,0,0,0,0,0,6.3,6.0,5.070502933634888
229,I,40,123,78,93,105,54,52,61,56,56,16,105,71,90,110,65,63,65,65,65,71.65,65.0,25.314570902940467
230,S,31,18,40,71,5,40,40,38,42,42,23,17,21,53,12,24,33,18,28,33,31.45,32.0,14.85757382616691
231,V,0,11,2,8,14,6,6,7,8,5,0,11,0,3,7,1,1,1,2,1,4.7,4.0,4.124318125460256
232,L,56,36,61,128,68,31,30,31,32,32,51,40,64,129,67,38,38,35,38,38,52.15,38.0,28.34303265354644
233,I,119,77,97,23,62,91,89,89,91,91,65,79,100,13,52,86,89,89,89,93,79.2,89.0,24.74994949489796
234,S,43,6,23,7,0,11,1,1,2,3,42,0,56,4,1,5,11,10,3,9,11.9,5.5,15.84266391740985
235,A,2,35,11,27,3,1,0,0,0,1,4,16,8,35,0,0,0,0,0,0,7.15,1.0,11.464183355128267
236,L,101,136,73,146,95,65,64,58,62,63,99,129,91,146,67,72,72,73,73,73,87.9,73.0,28.477886157508244
237,I,63,76,69,28,111,73,73,66,73,70,44,72,85,9,91,73,74,74,75,76,68.75,73.0,20.870733096851197
238,I,16,29,19,27,9,9,7,11,8,9,15,34,30,39,5,4,3,4,4,4,14.3,9.0,11.122499719037982
239,Y,131,30,193,195,88,112,113,113,112,113,181,4,131,163,129,122,122,120,123,122,120.85,122.0,44.55813618184675
240,F,172,171,151,153,179,149,147,141,150,150,153,161,171,131,148,157,153,151,155,153,154.8,153.0,11.03449137930698
241,K,116,144,148,116,107,113,113,114,131,114,120,135,108,116,93,113,122,122,119,123,119.35,116.0,12.29745908714479
242,P,118,74,103,123,118,84,82,84,85,83,109,94,131,124,115,93,95,92,94,91,99.6,94.0,16.34441800738099
243,E,150,189,87,171,194,134,135,127,171,139,143,161,75,170,195,178,170,170,177,167,155.15,168.5,31.409035324250247
244,Y,178,128,189,146,95,118,117,137,118,117,179,181,168,120,87,109,132,128,120,139,135.3,128.0,28.642800142444177
245,K,65,110,41,138,74,46,82,63,75,46,79,91,14,129,51,44,41,43,45,43,66.0,57.0,31.029018676071598
246,I,8,23,38,9,21,79,75,32,72,78,25,39,11,6,26,82,75,82,78,77,46.8,38.5,29.135202075839462
247,A,6,3,14,8,2,20,17,19,17,18,13,3,9,20,3,15,13,14,16,14,12.2,14.0,5.938013135721409
248,D,3,10,8,1,11,2,1,2,1,4,2,10,0,1,7,0,0,0,0,0,3.15,1.5,3.7185346576306104
249,P,0,4,3,25,12,6,4,5,4,5,2,6,5,28,3,1,0,0,0,1,5.7,4.0,7.490660852021001
250,I,68,63,104,60,91,66,63,87,64,67,68,85,105,76,117,83,80,76,78,85,79.3,77.0,15.349592828475938
251,C,3,1,16,3,22,15,37,38,37,36,12,2,27,5,15,10,5,6,5,9,15.2,11.0,12.718490476467714
252,T,2,9,0,7,23,12,20,17,13,11,0,8,0,10,4,0,0,1,0,1,6.9,5.5,7.1267103210387335
253,F,99,83,88,109,107,82,82,89,81,81,109,97,120,101,80,51,54,46,49,52,83.0,82.5,21.79908254950194
254,I,34,68,86,59,122,92,89,92,90,88,94,59,107,64,85,89,87,89,87,93,83.7,88.5,18.48810428356569
255,F,4,4,4,2,23,13,14,11,14,13,6,11,29,7,15,6,2,8,13,12,10.55,11.0,6.689357218746805
256,S,3,15,4,5,18,0,0,0,0,0,4,18,0,7,10,2,7,1,3,3,5.0,3.0,5.744562646538029
257,I,82,122,110,85,108,72,72,72,72,72,89,133,67,84,107,115,117,111,119,117,96.3,98.0,20.895214763193987
258,L,20,66,77,63,66,103,105,104,105,102,97,90,74,72,59,81,96,82,98,98,82.9,86.0,20.975938596401356
259,V,5,0,1,4,9,11,15,15,16,17,4,4,4,5,6,26,20,22,20,15,10.95,10.0,7.533093654004309
260,L,66,66,54,63,61,27,28,30,28,29,58,57,35,46,53,58,69,55,66,71,51.0,56.0,15.241391012633985
261,A,53,51,45,62,43,53,51,52,53,52,52,53,41,62,42,55,56,55,56,57,52.2,53.0,5.617828762075256
262,S,33,19,15,19,26,72,71,68,67,68,38,35,15,30,33,63,54,58,60,61,45.25,46.0,20.218494009198608
263,T,17,6,1,5,2,1,1,2,2,3,1,6,0,4,6,8,8,9,7,10,4.95,4.5,4.06786184622831
264,I,112,81,96,102,73,65,70,68,69,70,111,70,43,109,103,93,61,70,87,63,80.8,71.5,19.051509126575773
265,T,78,77,63,70,83,85,78,89,88,88,63,70,76,90,93,87,87,85,87,85,81.1,85.0,8.648121183239747
266,I,70,21,24,31,30,8,8,22,18,20,42,44,32,36,34,79,73,78,75,69,40.7,33.0,23.664530420018902
267,L,53,74,67,74,27,23,24,23,25,25,40,70,36,48,63,43,33,35,34,34,42.55,35.5,17.602485619934477
268,K,146,132,137,126,137,136,138,137,137,135,123,132,116,145,140,144,135,135,141,137,135.45,137.0,7.046098211066887
269,D,92,93,81,81,94,19,26,40,43,32,70,94,103,86,87,42,53,58,50,47,64.55,64.0,25.69333571181446
270,F,29,34,67,28,40,1,0,1,1,4,16,36,47,24,44,30,33,30,31,33,26.45,30.0,17.47705638830521
271,S,54,68,38,54,40,50,50,52,48,50,55,59,53,54,38,48,49,50,47,49,50.3,50.0,6.694027188471824
272,I,95,119,109,124,86,62,55,60,58,64,113,126,117,123,70,61,74,79,66,72,86.65,76.5,25.440666264860283
273,L,47,36,32,44,34,7,13,9,14,10,64,62,66,34,23,8,10,12,11,13,27.45,18.5,19.65318040419921
274,L,90,79,49,31,36,25,24,24,22,24,49,53,19,31,63,78,77,74,70,64,49.1,49.0,23.028026402625127
275,M,118,113,123,112,122,144,140,144,141,143,126,112,104,128,149,158,154,153,159,159,135.1,140.5,17.44104354676061
276,E,157,129,140,143,129,70,76,78,57,58,139,135,89,108,118,101,114,102,103,98,107.2,105.5,28.622718249670136
277,G,39,25,55,33,32,25,24,24,26,24,31,27,53,38,27,19,21,20,19,20,29.1,25.5,10.029456615390487
278,V,98,112,93,126,96,22,49,39,50,53,102,113,72,128,92,51,51,47,53,52,74.95,62.5,31.13113393373264
279,P,22,37,36,30,61,13,7,9,10,9,26,47,53,34,75,12,16,23,20,12,27.6,22.5,18.65851012272952
280,K,161,141,166,164,47,162,156,160,156,159,164,133,163,155,50,159,154,154,161,146,145.55,157.5,33.31137193211952
281,S,101,74,92,91,63,111,81,102,118,106,88,77,99,95,64,93,103,105,99,106,93.4,97.0,14.630105946301278
282,L,122,102,130,129,130,28,24,23,21,30,137,105,141,128,151,18,19,18,20,18,74.7,66.0,53.82852403698247
283,N,49,102,77,44,30,94,104,102,100,99,61,105,61,45,97,102,100,104,103,103,84.1,99.5,24.809070921741508
284,Y,69,64,85,98,80,14,36,28,24,5,59,30,48,82,47,49,44,45,45,45,49.85,46.0,23.761891759706334
285,S,27,58,46,36,35,67,64,66,72,26,28,51,57,43,28,54,49,49,57,50,48.15,49.5,13.958062186421152
286,G,8,33,25,30,31,7,9,7,20,15,10,29,29,30,35,27,28,27,30,24,22.7,27.0,9.38669270829721
287,V,12,7,1,7,3,0,0,0,0,0,22,15,1,18,19,0,0,0,0,0,5.25,0.5,7.401857874885197
288,K,132,35,89,59,111,57,54,64,49,0,116,4,104,26,21,36,31,33,33,36,54.5,42.5,36.58209944768069
289,E,123,126,130,134,133,22,43,43,137,33,127,109,138,138,130,132,134,132,134,130,111.4,130.0,38.76132092692405
290,L,45,74,56,64,68,8,0,1,25,4,50,109,72,74,61,48,46,47,46,47,47.25,47.5,27.50249988637397
291,I,3,8,2,1,0,1,0,1,0,0,4,6,0,1,2,1,2,1,2,1,1.8,1.0,2.0396078054371145
292,L,107,62,67,53,93,16,17,6,64,20,112,45,69,51,8,72,75,74,71,73,57.75,65.5,30.220646915643616
293,A,79,91,87,78,70,25,5,0,82,50,82,92,74,77,40,82,82,83,83,84,67.3,80.5,27.23802489168405
294,V,38,85,25,53,67,19,11,4,10,11,31,91,28,59,72,20,20,19,19,16,34.9,22.5,25.90347467039895
295,D,157,162,141,104,173,97,45,41,85,82,147,168,149,96,163,107,105,109,109,96,116.8,108.0,38.08490514626497
296,G,29,45,33,33,38,0,12,0,6,5,23,77,15,39,37,11,11,10,11,10,22.25,13.5,18.61148838755246
297,V,17,22,23,11,10,1,5,0,13,11,11,41,17,10,10,19,19,18,18,18,14.7,15.0,8.666602563865496
298,L,98,73,29,68,112,46,36,9,89,35,104,114,36,76,72,102,100,99,102,100,75.0,82.5,31.430876538843137
299,S,17,16,53,6,51,29,12,38,29,3,13,25,6,4,4,32,34,34,33,36,23.75,27.0,15.119110423566593
300,V,50,38,28,14,33,3,3,2,0,0,42,10,10,2,3,8,8,8,8,9,13.95,8.0,14.928077572145718
301,H,36,49,77,109,65,38,47,29,41,13,32,59,58,80,37,18,17,20,15,20,43.0,37.5,24.87167063146342
302,S,15,15,40,23,22,22,28,18,31,34,16,7,18,16,18,28,32,30,24,29,23.3,22.5,7.9
303,L,83,3,4,25,23,0,0,1,2,8,89,2,29,14,9,8,10,6,10,6,16.6,8.0,24.499795917517357
304,H,77,82,130,116,90,55,53,45,66,71,89,78,99,127,79,114,111,114,109,111,90.8,89.5,24.660900226877366
305,I,37,4,24,32,3,0,0,0,0,0,45,7,8,30,14,9,9,7,9,7,12.25,7.5,13.356178345619677
306,W,81,60,64,47,88,19,23,87,22,21,77,58,82,53,127,53,50,55,51,49,58.35,54.0,26.25885564909484
307,S,9,11,2,6,5,14,13,12,13,14,7,9,11,4,26,1,0,4,4,1,8.3,8.0,6.0835844697020525
308,L,23,17,2,4,3,3,13,19,5,3,10,13,7,2,3,5,7,6,5,3,7.65,5.0,6.018928476066151
309,T,17,85,61,28,64,2,0,1,1,1,21,80,57,26,67,2,4,5,11,9,27.1,14.0,29.09965635535925
310,M,105,54,58,98,127,41,29,51,40,48,98,66,149,85,107,88,97,107,92,69,80.45,86.5,31.050724629225645
311,N,20,54,75,19,52,20,28,29,29,41,32,90,87,31,30,54,69,86,88,49,49.15,45.0,24.505662610915053
312,Q,52,43,41,59,62,17,31,13,18,15,33,52,61,81,43,30,23,33,30,31,38.4,33.0,17.802808767158066
313,V,21,10,10,7,1,15,6,8,11,15,16,6,39,3,19,4,8,9,8,7,11.15,8.5,8.162566998193643
314,I,44,31,9,30,5,2,4,40,11,8,52,24,27,37,20,4,4,4,3,5,18.2,10.0,15.721323099535866
315,L,15,1,0,7,0,1,0,1,0,0,22,5,14,6,0,0,0,0,0,0,3.6,0.0,6.159545437773798
316,S,24,32,29,12,33,32,31,40,33,28,34,38,37,20,35,27,27,26,27,30,29.75,30.5,6.275946143809713
317,A,3,4,1,0,1,1,1,2,0,1,3,4,3,1,1,0,0,0,1,0,1.35,1.0,1.3143439428094916
318,H,26,36,43,36,45,58,60,63,63,66,37,43,50,38,45,40,42,43,42,39,45.75,43.0,10.54454835448157
319,V,0,17,1,5,0,0,0,0,0,0,0,19,1,4,0,0,0,0,0,0,2.35,0.0,5.3969899017878475
320,A,0,9,3,4,8,0,0,0,0,1,0,20,1,5,7,0,0,0,0,0,2.9,0.0,4.887739763939975
321,T,1,30,12,5,14,12,10,11,10,9,2,45,9,4,24,12,11,11,11,12,12.75,11.0,9.781998773256925
322,A,49,45,12,12,50,14,22,3,29,19,38,46,32,16,54,17,17,17,18,18,26.4,18.5,14.894294209528695
323,A,60,57,41,67,63,113,104,114,98,95,55,50,68,65,63,107,105,105,104,106,82.0,81.5,24.095642759636025
324,S,71,115,118,94,88,99,104,80,108,109,62,103,102,101,88,109,108,111,112,112,99.7,103.5,14.639330585788407
325,R,169,207,182,176,199,130,114,97,109,109,172,211,164,183,203,131,116,127,126,106,151.55,147.5,37.67422859196987
326,D,107,74,94,58,134,99,100,85,95,98,114,93,91,82,151,96,87,90,89,94,96.55,94.0,19.22361828584827
327,S,6,79,35,0,18,38,37,45,37,41,4,79,41,0,12,39,38,38,38,40,33.25,38.0,21.3749269004598
328,Q,113,93,110,61,79,87,78,124,105,72,101,57,115,78,67,81,78,79,83,85,87.3,82.0,18.08341781854304
329,V,86,90,85,29,98,69,67,63,40,47,89,79,68,38,94,75,68,60,54,48,67.35,68.0,19.50455075104269
330,V,15,34,3,1,31,6,3,0,0,0,8,50,4,0,40,4,4,3,3,0,10.45,3.5,14.904613379755945
331,R,5,83,74,116,101,86,60,31,62,67,9,66,84,127,98,82,91,76,79,73,73.5,77.5,29.890633984577846
332,R,170,112,136,148,141,71,78,35,22,87,198,154,141,173,129,162,138,146,146,118,125.25,139.5,44.49255555708168
333,E,115,69,56,74,101,85,76,64,68,69,101,98,111,44,81,92,91,91,94,79,82.95,83.0,17.87868843064278
334,I,2,2,3,1,11,0,1,1,0,0,0,17,1,1,8,1,1,1,1,1,2.65,1.0,4.2458803562983265
335,A,20,9,22,21,13,8,3,0,9,4,23,10,20,21,9,27,29,30,26,27,16.55,20.0,9.200407599666441
336,K,129,70,145,143,96,12,39,46,38,27,133,127,170,139,72,129,121,131,136,138,102.05,128.0,46.425720242124406
337,A,42,14,27,30,38,17,4,1,24,4,38,25,29,34,34,23,26,24,25,25,24.2,25.0,11.115754585272201
338,L,9,0,0,1,0,2,2,1,1,1,5,1,4,4,0,1,1,1,1,1,1.8,1.0,2.1354156504062622
339,S,43,45,28,55,48,28,44,25,26,17,51,50,31,54,36,85,83,83,84,84,50.0,46.5,22.006817125609057
340,K,139,167,163,171,170,76,64,76,168,47,147,179,174,172,161,187,189,183,188,188,150.45,169.0,44.49435357435818
341,S,68,45,52,76,64,55,40,43,80,10,56,42,39,76,70,65,68,64,70,66,57.45,64.0,16.56343865264698
342,F,60,38,18,21,10,40,36,29,39,41,65,31,70,22,17,46,50,53,48,48,39.1,39.5,16.0682917573711
343,T,101,130,103,107,128,71,98,87,87,98,115,124,83,114,130,99,117,128,121,125,108.3,110.5,17.143803545304642
344,M,74,74,69,61,64,18,27,10,11,5,79,80,130,53,90,42,38,43,41,33,52.1,48.0,30.67393029919707
345,H,83,83,83,50,72,28,27,30,41,34,102,68,104,71,73,83,65,89,75,54,65.75,71.5,23.377072100671633
346,S,35,43,35,35,30,25,17,24,28,24,37,46,67,53,38,38,31,44,34,22,35.3,35.0,11.314150432091663
347,L,38,48,37,62,58,35,24,6,24,24,39,39,44,67,57,55,38,54,41,35,41.25,39.0,14.645391766695761
348,T,74,76,103,66,72,77,82,79,80,86,78,89,60,59,73,76,77,75,75,74,76.55,76.0,9.324564332986286
349,I,31,36,23,40,16,5,8,9,7,10,30,25,4,40,11,19,21,21,22,21,19.95,21.0,11.024858275733072
350,Q,114,90,73,96,122,110,108,110,112,99,114,78,118,94,113,95,99,98,95,97,101.75,99.0,12.541431337770023
351,M,23,68,22,21,32,29,23,27,25,18,31,66,31,24,30,38,38,39,38,40,33.15,30.5,12.997211239339
352,E,66,24,87,65,37,49,56,48,28,47,36,36,112,61,43,31,33,30,27,33,47.45,40.0,21.648267829089697
353,S,34,46,37,21,63,61,59,60,39,40,31,61,43,17,67,44,45,44,50,43,45.25,44.0,13.374883177059903
354,P,55,59,2,66,81,62,51,60,46,44,53,40,48,70,77,54,53,57,51,57,54.3,54.5,15.684705926474999
355,V,106,124,80,96,49,116,128,123,114,122,112,133,6,86,91,132,133,135,129,129,107.2,119.0,31.78616051051149
356,D,3,79,101,121,89,86,93,97,92,86,3,85,100,109,131,111,114,112,114,117,92.15,98.5,32.64701364596768
357,Q,89,189,69,163,32,11,22,6,34,40,98,163,113,175,116,64,64,72,70,65,82.75,69.5,53.83574555999016
358,D,75,82,56,93,69,87,98,112,88,93,116,115,157,95,6,103,99,99,97,97,91.85,96.0,28.014772888602902
359,P,80,54,6,98,58,81,123,100,116,102,70,105,73,99,58,123,120,122,120,121,91.45,99.5,30.398149614738063
360,D,111,66,80,130,149,140,136,144,156,138,117,118,80,128,133,137,140,139,143,139,126.2,136.5,23.882210952924773
361,C,120,89,108,108,138,61,41,32,21,42,124,12,16,109,53,37,37,36,40,39,63.15,41.5,39.48832105825721
362,L,159,154,141,75,130,104,130,126,129,126,160,97,137,75,71,137,131,134,144,141,125.05,130.5,26.181052308874065
363,F,128,149,145,107,165,188,187,190,156,181,135,187,160,109,157,187,185,182,180,186,163.2,172.5,26.2175513730783
364,C,81,103,85,149,81,8,22,33,3,14,98,122,42,150,8,43,45,44,43,39,60.65,43.5,44.39963400750056
365,E,54,132,105,108,97,111,127,114,128,119,36,36,177,101,51,144,142,145,146,145,110.9,116.5,38.367825062153315
366,D,80,110,49,112,59,55,29,28,57,12,116,118,31,111,89,88,81,85,73,81,73.2,80.5,31.469985700664058
367,P,25,82,141,90,127,53,63,40,68,84,41,109,82,76,112,78,78,80,82,79,79.5,79.5,27.614307885587138
368,C,144,117,83,72,93,127,110,121,116,77,138,27,111,75,59,128,127,128,126,126,105.25,116.5,29.748739469093476
369,D,107,104,65,75,101,114,233,191,200,168,83,54,61,52,91,232,226,229,238,229,142.65,110.5,70.0937051381934
