Pos,Res,Q8K4Z5_CIT_model1_dssp_acc_ACC,Q8K4Z5_CIT_model2_dssp_acc_ACC,Q8K4Z5_CIT_model3_dssp_acc_ACC,Q8K4Z5_CIT_model4_dssp_acc_ACC,Q8K4Z5_CIT_model5_dssp_acc_ACC,Q8K4Z5_full_model_502443_1_dssp_acc_ACC,Q8K4Z5_full_model_502443_2_dssp_acc_ACC,Q8K4Z5_full_model_502443_3_dssp_acc_ACC,Q8K4Z5_full_model_502443_4_dssp_acc_ACC,Q8K4Z5_full_model_502443_5_dssp_acc_ACC,Q8K4Z5_IT_model1_dssp_acc_ACC,Q8K4Z5_IT_model2_dssp_acc_ACC,Q8K4Z5_IT_model3_dssp_acc_ACC,Q8K4Z5_IT_model4_dssp_acc_ACC,Q8K4Z5_IT_model5_dssp_acc_ACC,Q8K4Z5_ranked_0_dssp_acc_ACC,Q8K4Z5_ranked_1_dssp_acc_ACC,Q8K4Z5_ranked_2_dssp_acc_ACC,Q8K4Z5_ranked_3_dssp_acc_ACC,Q8K4Z5_ranked_4_dssp_acc_ACC,mean,median,std
1,I,47,23,52,26,26,8.0,21.0,10.0,23.0,26.0,33,33,27,97,115,22.0,17.0,20.0,23.0,13.0,33.1,24.5,26.555413760662812
2,K,95,69,138,120,78,93.0,90.0,91.0,92.0,82.0,90,47,145,90,113,90.0,86.0,103.0,91.0,102.0,95.25,91.0,21.299941314473145
3,V,0,0,8,2,0,0.0,1.0,0.0,0.0,0.0,0,0,2,44,83,0.0,0.0,0.0,0.0,0.0,7.0,0.0,19.897235988950825
4,Q,0,1,1,9,0,73.0,69.0,77.0,73.0,55.0,2,1,13,177,156,72.0,76.0,89.0,74.0,89.0,55.35,70.5,50.64610054091036
5,V,14,0,51,9,6,6.0,1.0,3.0,3.0,2.0,3,0,7,22,14,3.0,3.0,1.0,3.0,1.0,7.6,3.0,11.36837719289785
6,P,14,14,86,3,24,46.0,49.0,54.0,56.0,49.0,0,10,0,75,50,28.0,28.0,31.0,28.0,30.0,33.75,29.0,23.451812296707477
7,N,88,25,148,28,72,100.0,96.0,96.0,108.0,108.0,88,80,70,0,151,98.0,92.0,98.0,101.0,97.0,87.2,96.0,35.391524409101116
8,M,79,130,140,93,123,71.0,60.0,79.0,55.0,79.0,131,134,114,41,122,48.0,55.0,44.0,42.0,66.0,85.3,79.0,34.06479120734487
9,Q,81,65,7,127,122,138.0,144.0,140.0,153.0,118.0,49,83,107,21,88,146.0,152.0,154.0,154.0,152.0,110.05,124.5,44.84470425813956
10,D,78,99,71,44,124,157.0,165.0,148.0,147.0,161.0,124,84,102,44,12,150.0,129.0,142.0,143.0,160.0,114.2,126.5,44.14929218005653
11,K,101,138,0,133,107,64.0,71.0,65.0,73.0,77.0,103,155,142,93,2,75.0,63.0,60.0,59.0,84.0,83.25,76.0,39.73270063813936
12,T,49,42,0,59,47,149.0,116.0,134.0,122.0,148.0,44,58,26,1,10,133.0,130.0,131.0,136.0,131.0,83.3,87.5,52.42241886826666
13,E,59,94,0,95,2,102.0,108.0,91.0,120.0,81.0,88,19,92,0,17,128.0,158.0,125.0,119.0,154.0,82.6,93.0,48.94323242287947
14,W,105,135,39,128,76,12.0,21.0,11.0,18.0,14.0,60,141,127,72,115,19.0,27.0,14.0,13.0,27.0,58.7,33.0,47.66875286810008
15,K,76,129,48,121,78,144.0,156.0,134.0,154.0,139.0,97,78,117,101,97,133.0,138.0,139.0,142.0,137.0,117.9,131.0,29.395407804621456
16,L,114,116,105,180,108,19.0,28.0,7.0,12.0,2.0,90,87,180,137,137,0.0,1.0,0.0,0.0,1.0,66.2,57.5,63.577983610680825
17,N,154,121,142,151,154,27.0,27.0,37.0,24.0,45.0,148,152,112,142,153,104.0,100.0,108.0,102.0,115.0,105.9,113.5,46.58529811002608
18,G,20,25,62,55,28,43.0,40.0,45.0,43.0,66.0,27,43,75,40,49,30.0,36.0,34.0,31.0,39.0,41.55,40.0,13.904945163502084
19,Q,122,43,135,84,120,121.0,126.0,114.0,102.0,79.0,147,98,50,110,154,70.0,62.0,59.0,64.0,76.0,96.8,100.0,32.243759086061914
20,G,27,0,31,32,21,35.0,31.0,29.0,39.0,33.0,42,1,39,30,17,37.0,37.0,41.0,38.0,44.0,30.2,32.5,11.885285019720815
21,L,41,0,40,40,38,32.0,29.0,35.0,21.0,11.0,24,5,60,41,88,30.0,36.0,31.0,31.0,26.0,32.95,31.5,18.279701857524916
22,V,111,35,116,101,114,113.0,113.0,122.0,114.0,112.0,85,47,105,108,46,108.0,105.0,105.0,109.0,105.0,98.7,108.0,24.684205476377
23,F,20,24,36,31,18,24.0,30.0,25.0,24.0,25.0,26,15,10,24,0,30.0,30.0,29.0,28.0,30.0,23.95,25.0,8.027920029497055
24,T,111,124,90,129,130,132.0,134.0,120.0,132.0,138.0,141,117,115,92,44,143.0,141.0,143.0,139.0,140.0,122.75,131.0,23.589987282743497
25,L,30,33,20,28,9,18.0,18.0,28.0,20.0,35.0,23,36,23,8,3,23.0,25.0,29.0,28.0,23.0,23.0,23.0,8.561541917201597
26,P,93,105,65,95,69,74.0,74.0,80.0,74.0,70.0,60,59,79,102,59,69.0,71.0,71.0,68.0,72.0,75.45,71.5,13.07086454676966
27,L,80,85,56,89,63,64.0,65.0,70.0,65.0,66.0,71,87,34,62,40,79.0,75.0,87.0,88.0,79.0,70.25,70.5,14.801604642740598
28,T,90,79,89,104,116,118.0,118.0,113.0,117.0,117.0,67,91,98,102,79,118.0,124.0,121.0,123.0,122.0,105.3,114.5,16.9413694841946
29,D,136,126,66,100,57,44.0,46.0,50.0,45.0,49.0,132,122,97,83,102,48.0,49.0,48.0,48.0,48.0,74.8,53.5,32.92506643880921
30,Q,5,10,83,3,109,93.0,93.0,94.0,94.0,91.0,6,0,97,11,28,96.0,106.0,97.0,95.0,104.0,65.75,93.0,42.276323160842644
31,V,0,0,0,2,3,0.0,0.0,0.0,0.0,0.0,0,0,1,1,0,0.0,0.0,0.0,0.0,0.0,0.35,0.0,0.7921489758877431
32,S,53,48,30,63,26,41.0,39.0,42.0,42.0,40.0,51,56,22,38,52,39.0,49.0,28.0,39.0,50.0,42.4,41.5,10.316976301223145
33,V,60,64,28,54,26,42.0,44.0,42.0,43.0,41.0,61,50,62,41,66,44.0,40.0,43.0,39.0,44.0,46.7,43.5,10.93663568013491
34,I,3,0,0,2,0,0.0,1.0,0.0,0.0,2.0,0,0,0,0,1,0.0,0.0,0.0,0.0,0.0,0.45,0.0,0.8645808232895293
35,K,24,10,19,21,40,17.0,13.0,12.0,18.0,12.0,6,20,45,10,47,25.0,25.0,34.0,25.0,21.0,22.2,20.5,11.254332499086741
36,V,63,68,65,54,59,72.0,74.0,67.0,73.0,70.0,63,72,56,64,61,79.0,82.0,81.0,81.0,80.0,69.2,69.0,8.405950273467004
37,K,68,84,85,85,99,76.0,72.0,95.0,74.0,80.0,95,73,80,87,72,70.0,76.0,81.0,73.0,83.0,80.4,80.0,8.575546629807338
38,I,0,0,0,0,0,0.0,0.0,3.0,0.0,0.0,3,0,0,0,1,0.0,0.0,0.0,0.0,0.0,0.35,0.0,0.9096702699330126
39,H,71,61,10,68,66,76.0,78.0,79.0,82.0,80.0,66,74,71,69,79,87.0,75.0,84.0,86.0,72.0,71.7,74.5,15.738805545529814
40,E,135,114,122,108,121,152.0,152.0,128.0,151.0,126.0,118,140,119,112,113,157.0,149.0,154.0,150.0,149.0,133.5,131.5,16.581616326522575
41,A,55,10,51,63,50,61.0,57.0,65.0,65.0,57.0,60,52,47,49,65,40.0,38.0,38.0,35.0,37.0,49.75,51.5,13.386093530227555
42,T,56,50,43,25,68,13.0,19.0,30.0,23.0,13.0,52,36,63,47,62,3.0,3.0,3.0,2.0,3.0,30.7,27.5,22.44348457793486
43,G,60,64,64,65,63,46.0,43.0,33.0,42.0,41.0,61,56,40,54,59,38.0,36.0,37.0,36.0,38.0,48.8,44.5,11.311940593903415
44,M,25,16,57,0,16,17.0,7.0,3.0,10.0,13.0,47,29,67,52,42,0.0,0.0,0.0,0.0,1.0,20.1,14.5,21.1303099835284
45,P,61,48,89,61,63,67.0,67.0,61.0,64.0,60.0,39,51,48,67,41,47.0,45.0,49.0,49.0,50.0,56.35,55.5,11.525081344615318
46,A,29,53,40,39,29,38.0,38.0,39.0,39.0,40.0,36,36,26,42,16,39.0,40.0,40.0,42.0,41.0,37.1,39.0,7.306846104852626
47,G,73,69,76,54,64,66.0,55.0,53.0,74.0,60.0,63,56,55,85,76,60.0,61.0,62.0,59.0,59.0,64.0,61.5,8.608135686662937
48,K,68,55,96,99,75,73.0,61.0,84.0,60.0,86.0,75,60,64,80,68,105.0,99.0,93.0,87.0,87.0,78.75,77.5,14.696513191910523
49,Q,0,4,0,0,2,5.0,1.0,1.0,5.0,0.0,1,1,1,1,5,2.0,6.0,3.0,5.0,4.0,2.35,1.5,2.006863224038948
50,K,30,110,36,63,81,95.0,70.0,99.0,98.0,83.0,55,74,53,33,126,71.0,73.0,82.0,77.0,76.0,74.25,75.0,24.349281303562126
51,L,0,0,0,2,5,3.0,2.0,1.0,2.0,1.0,0,0,4,0,2,1.0,2.0,2.0,3.0,1.0,1.55,1.5,1.3955285736952865
52,Q,39,42,26,81,27,96.0,97.0,85.0,86.0,65.0,15,18,48,49,60,60.0,57.0,57.0,59.0,58.0,56.25,57.5,23.70416630046288
53,Y,12,46,15,8,7,21.0,19.0,22.0,28.0,22.0,33,56,18,1,10,27.0,21.0,27.0,24.0,24.0,22.05,21.5,12.507897505176478
54,E,78,168,145,138,91,145.0,146.0,145.0,150.0,146.0,119,119,160,76,137,153.0,145.0,152.0,149.0,148.0,135.5,145.0,25.243811122728676
55,G,72,49,81,73,57,57.0,57.0,57.0,66.0,68.0,67,71,72,94,61,55.0,52.0,54.0,54.0,54.0,63.55,59.0,11.01578413005629
56,I,113,76,63,89,96,82.0,84.0,84.0,90.0,89.0,87,60,102,89,60,92.0,106.0,110.0,109.0,111.0,89.6,89.0,15.875767697972908
57,F,105,113,109,105,127,101.0,107.0,91.0,91.0,92.0,85,86,102,127,82,116.0,103.0,108.0,118.0,99.0,103.35,104.0,12.673890483983204
58,I,14,3,3,2,13,1.0,1.0,1.0,2.0,1.0,0,1,1,24,6,7.0,8.0,9.0,8.0,7.0,5.6,3.0,5.868560300448483
59,K,117,133,108,99,138,130.0,129.0,122.0,130.0,130.0,88,125,105,135,140,139.0,140.0,147.0,143.0,137.0,126.75,130.0,15.439802459876226
60,D,25,63,67,86,79,65.0,66.0,63.0,66.0,64.0,88,86,47,58,46,76.0,68.0,73.0,72.0,67.0,66.25,66.5,14.442558637582193
61,S,98,84,49,59,83,83.0,79.0,82.0,82.0,81.0,101,98,82,60,64,85.0,88.0,83.0,85.0,88.0,80.7,83.0,12.984991336154213
62,N,60,85,116,104,69,37.0,36.0,35.0,36.0,36.0,45,19,42,101,95,38.0,38.0,40.0,39.0,39.0,55.5,39.5,27.965156892104144
63,S,21,17,1,32,18,37.0,36.0,32.0,37.0,35.0,28,5,12,21,7,38.0,40.0,40.0,40.0,42.0,26.95,32.0,12.819808890931252
64,L,4,6,0,8,0,0.0,0.0,0.0,1.0,0.0,0,7,0,0,1,0.0,0.0,1.0,0.0,0.0,1.4,0.0,2.5377155080899034
65,A,48,45,34,51,39,47.0,46.0,42.0,44.0,45.0,49,42,33,40,29,49.0,50.0,49.0,50.0,52.0,44.2,45.5,6.265780079128216
66,Y,154,188,172,155,184,147.0,150.0,150.0,147.0,148.0,165,203,182,178,167,150.0,150.0,162.0,160.0,161.0,163.65,160.5,15.678887077850902
67,Y,37,45,113,4,47,23.0,23.0,22.0,22.0,24.0,31,72,65,70,91,30.0,33.0,40.0,36.0,44.0,43.6,36.5,25.8290534089037
68,N,132,130,16,35,136,138.0,134.0,136.0,131.0,136.0,132,118,156,139,133,139.0,137.0,137.0,135.0,139.0,124.45,135.5,33.76162762664146
69,M,17,13,166,176,12,6.0,3.0,5.0,0.0,4.0,10,57,21,15,20,4.0,3.0,3.0,2.0,2.0,26.95,8.0,49.57365731918515
70,A,57,61,59,16,58,48.0,45.0,49.0,62.0,47.0,63,46,74,64,57,57.0,56.0,63.0,61.0,56.0,54.95,57.0,11.35990757004651
71,S,125,127,36,87,113,113.0,125.0,111.0,107.0,126.0,105,114,108,84,53,133.0,131.0,135.0,134.0,121.0,109.4,113.5,25.770913837114893
72,G,79,59,25,87,74,69.0,68.0,73.0,76.0,68.0,68,76,82,42,48,53.0,50.0,55.0,54.0,64.0,63.5,68.0,14.830711378757258
73,A,10,12,39,9,16,8.0,9.0,9.0,10.0,10.0,9,6,11,0,39,8.0,8.0,8.0,7.0,5.0,11.65,9.0,9.587882978009276
74,V,18,41,53,53,13,51.0,50.0,52.0,47.0,53.0,12,13,56,2,52,63.0,61.0,62.0,61.0,59.0,43.6,52.0,19.350452191098793
75,I,0,0,0,2,1,0.0,1.0,0.0,0.0,0.0,1,2,0,2,2,0.0,0.0,0.0,0.0,0.0,0.55,0.0,0.8046738469715541
76,H,1,38,60,40,18,78.0,78.0,87.0,79.0,86.0,9,37,45,39,1,93.0,82.0,82.0,92.0,77.0,56.1,68.5,30.729301977103226
77,L,0,0,0,0,0,1.0,0.0,2.0,2.0,0.0,0,2,0,7,29,7.0,8.0,8.0,7.0,7.0,4.0,1.5,6.549809157525126
78,A,18,8,9,11,20,32.0,26.0,31.0,27.0,20.0,20,28,1,20,7,29.0,30.0,31.0,33.0,28.0,21.45,23.0,9.45238065251289
79,L,61,56,46,2,44,15.0,7.0,14.0,13.0,12.0,57,26,4,51,64,29.0,27.0,34.0,32.0,29.0,31.15,29.0,19.388849888531293
80,K,84,94,108,55,96,135.0,100.0,98.0,139.0,109.0,109,125,109,68,81,103.0,114.0,112.0,114.0,100.0,102.65,105.5,19.75417677353324
81,E,89,115,93,134,108,84.0,89.0,128.0,104.0,121.0,97,105,18,83,154,144.0,156.0,154.0,146.0,153.0,113.75,111.5,33.412385428161215
82,R,188,141,197,126,184,270.0,266.0,230.0,259.0,262.0,137,166,231,192,146,234.0,233.0,240.0,245.0,229.0,208.8,229.5,45.318428922459354
83,G,51,66,50,38,73,76.0,76.0,56.0,66.0,56.0,60,77,35,46,42,75.0,72.0,73.0,72.0,70.0,61.5,66.0,13.45548215412588
84,G,61,25,58,46,50,80.0,74.0,134.0,135.0,131.0,40,28,52,55,49,153.0,152.0,151.0,152.0,153.0,88.95,67.5,47.771827471847885
85,R,186,220,267,210,231,,,,,,185,258,187,203,235,,,,,,218.2,,27.974273895849382
86,K,207,200,193,220,197,,,,,,203,213,217,212,177,,,,,,203.9,,12.226610323388899
87,K,207,232,209,219,242,,,,,,232,231,221,221,175,,,,,,218.9,,17.88546896226096
