Pos,Res,Q8U2X0_full_model_499614_1_dssp_acc_ACC,Q8U2X0_full_model_499614_2_dssp_acc_ACC,Q8U2X0_full_model_499614_3_dssp_acc_ACC,Q8U2X0_full_model_499614_4_dssp_acc_ACC,Q8U2X0_full_model_499614_5_dssp_acc_ACC,Q8U2X0_ranked_0_dssp_acc_ACC,Q8U2X0_ranked_1_dssp_acc_ACC,Q8U2X0_ranked_2_dssp_acc_ACC,Q8U2X0_ranked_3_dssp_acc_ACC,Q8U2X0_ranked_4_dssp_acc_ACC,mean,median,std
1,M,188,183,214,182,196,238,240,246,240,246,217.3,226.0,26.176516192954328
2,S,132,129,113,85,113,118,117,120,116,120,116.3,117.5,12.000416659433123
3,E,66,106,112,167,114,76,78,67,64,73,92.3,77.0,30.987255444779226
4,K,86,142,115,66,113,76,75,126,83,129,101.1,99.5,25.504705448210924
5,T,67,48,63,44,55,63,67,60,68,74,60.9,63.0,8.904493247793498
6,T,26,24,31,31,27,23,25,27,24,32,27.0,26.5,3.0983866769659336
7,K,134,177,170,166,176,186,176,183,185,185,173.8,176.5,14.709180806557516
8,G,6,9,7,5,10,8,7,8,8,9,7.7,8.0,1.4177446878757827
9,V,4,1,1,0,0,1,0,0,0,0,0.7,0.0,1.1874342087037917
10,Q,120,123,119,109,113,112,112,116,110,105,113.9,112.5,5.262128846769148
11,L,19,31,32,35,32,26,35,31,29,31,30.1,31.0,4.459820624195552
12,L,0,0,3,0,0,0,0,0,0,0,0.3,0.0,0.9
13,R,96,97,86,50,47,39,49,38,39,44,58.5,48.0,23.087875606040498
14,G,32,31,29,35,34,35,34,33,35,35,33.3,34.0,1.9519221295943134
15,D,78,80,83,82,79,89,89,85,91,86,84.2,84.0,4.308131845707603
16,P,10,13,9,10,10,15,13,13,17,13,12.3,13.0,2.4103941586387903
17,K,98,99,96,97,96,99,97,95,98,96,97.1,97.0,1.3
18,K,112,119,119,114,117,100,101,127,101,126,113.6,115.5,9.531002045955084
19,A,0,0,0,0,0,0,0,0,0,0,0.0,0.0,0.0
20,I,0,0,0,0,0,0,1,0,0,0,0.1,0.0,0.30000000000000004
21,V,46,44,45,46,48,48,49,47,51,48,47.2,47.5,1.9390719429665317
22,R,135,153,157,148,157,146,141,165,149,168,151.9,151.0,9.730878685915265
23,L,3,3,4,3,3,4,3,5,4,5,3.7,3.5,0.7810249675906654
24,S,5,0,7,6,7,2,4,4,4,4,4.3,4.0,2.0518284528683197
25,I,80,80,83,86,87,83,88,87,90,89,85.3,86.5,3.407345007480165
26,P,9,9,8,9,9,8,9,10,9,10,9.0,9.0,0.6324555320336759
27,M,0,1,0,0,1,3,2,3,2,3,1.5,1.5,1.2041594578792296
28,M,59,33,60,57,58,31,37,29,42,28,43.4,39.5,12.90891165048394
29,I,67,76,68,68,67,82,82,80,80,80,75.0,78.0,6.324555320336759
30,G,0,0,0,0,0,0,0,0,0,0,0.0,0.0,0.0
31,M,17,11,19,18,17,23,28,36,31,30,23.0,21.0,7.5099933422074345
32,S,28,33,29,25,23,47,44,52,41,53,37.5,37.0,10.698130677833394
33,V,32,31,32,32,32,39,38,30,42,29,33.7,32.0,4.124318125460256
34,Q,64,66,64,63,65,77,81,74,75,87,71.6,70.0,7.977468270071653
35,T,8,18,16,18,16,31,29,33,30,31,23.0,23.5,8.282511696339462
36,L,83,81,80,80,80,109,109,101,110,103,93.6,92.0,13.085870242364471
37,Y,10,8,9,8,9,21,23,28,23,25,16.4,15.5,7.8
38,N,65,56,62,59,70,92,96,88,82,86,75.6,76.0,14.058449416631978
39,L,13,14,12,13,13,83,86,44,43,43,36.4,28.5,27.416053691222597
40,A,13,15,13,15,18,19,20,20,20,20,17.3,18.5,2.8301943396169813
41,D,4,3,2,3,5,22,21,22,18,22,12.2,11.5,8.89719056781409
42,G,2,8,4,7,1,34,37,28,27,28,17.6,17.5,13.632314550361578
43,I,51,41,48,47,58,113,112,102,112,110,79.4,80.0,30.78376195334157
44,W,61,60,58,65,93,82,81,85,82,85,75.2,81.5,12.114454176726246
45,V,0,0,1,1,1,3,3,4,2,3,1.8,1.5,1.32664991614216
46,S,4,0,2,4,3,62,64,59,71,65,33.4,31.5,30.94575899860916
47,G,36,34,44,40,37,57,58,53,57,53,46.9,48.5,9.170059977993601
48,L,62,57,69,61,58,50,48,46,49,46,54.6,53.5,7.512655988397179
49,G,3,4,7,12,7,23,22,24,25,23,15.0,17.0,8.717797887081348
50,P,16,10,19,19,24,90,92,93,92,93,54.8,57.0,37.34916331057497
51,E,105,86,108,108,80,89,86,117,90,115,98.4,97.5,12.86234815265082
52,S,11,12,15,12,13,13,12,15,13,14,13.0,13.0,1.2649110640673518
53,L,1,10,8,12,5,82,85,83,99,81,46.6,46.5,39.77235220602372
54,A,4,2,5,4,0,44,51,46,47,47,25.0,24.5,22.09524835796149
55,A,0,0,0,0,0,0,0,0,0,0,0.0,0.0,0.0
56,V,3,3,2,3,3,27,29,26,26,25,14.7,14.0,11.941942890501528
57,G,0,0,0,0,0,45,45,43,46,45,22.4,21.5,22.410711724530305
58,L,22,7,23,21,15,28,27,21,26,26,21.6,22.5,6.069596362197408
59,F,1,2,2,0,2,3,4,2,4,1,2.1,2.0,1.2206555615733703
60,F,26,21,18,22,25,114,113,110,112,110,67.1,68.0,44.760361928831635
61,P,1,2,1,2,1,79,80,75,76,74,39.1,38.0,37.73711700699989
62,V,13,7,12,4,14,23,22,21,18,19,15.3,16.0,6.1
63,F,51,40,47,47,49,34,39,35,35,33,41.0,39.5,6.526867548832288
64,M,13,55,19,16,13,59,61,64,58,63,42.1,56.5,22.106333933965622
65,G,3,10,3,9,2,21,21,33,19,34,15.5,14.5,11.351211389098522
66,I,0,0,0,1,0,6,5,5,6,5,2.8,3.0,2.638181191654584
67,I,46,34,48,42,47,36,43,43,43,41,42.3,43.0,4.24381903478459
68,A,0,0,0,0,0,3,4,9,3,8,2.7,1.5,3.2572994949804666
69,L,37,38,37,45,36,64,61,64,59,63,50.4,52.0,12.101239605924675
70,A,0,0,0,0,0,0,0,0,0,0,0.0,0.0,0.0
71,A,21,18,23,31,22,18,17,21,18,20,20.9,20.5,3.8587562763149474
72,G,0,0,0,0,0,0,1,0,0,0,0.1,0.0,0.30000000000000004
73,L,6,4,7,2,5,11,11,9,12,8,7.5,7.5,3.138470965295043
74,G,0,0,0,1,0,0,0,0,0,0,0.1,0.0,0.30000000000000004
75,V,26,24,24,32,25,27,32,27,31,29,27.7,27.0,2.9681644159311658
76,G,0,0,0,0,0,0,0,0,0,0,0.0,0.0,0.0
77,T,0,0,0,0,0,0,0,0,0,0,0.0,0.0,0.0
78,S,6,5,5,6,6,2,2,3,3,3,4.1,4.0,1.5779733838059502
79,S,0,0,0,0,0,0,0,0,0,0,0.0,0.0,0.0
80,A,0,0,0,0,0,0,0,0,0,0,0.0,0.0,0.0
81,I,0,0,0,0,0,0,0,0,0,0,0.0,0.0,0.0
82,A,0,0,0,0,0,0,0,0,0,0,0.0,0.0,0.0
83,R,20,21,22,23,23,21,25,21,20,16,21.2,21.0,2.2715633383201093
84,R,60,62,63,63,63,48,40,51,47,56,55.3,58.0,7.874642849044013
85,I,1,1,1,1,0,0,0,0,0,0,0.4,0.0,0.4898979485566357
86,G,4,4,4,2,2,3,2,3,2,3,2.9,3.0,0.8306623862918073
87,A,46,47,46,46,47,56,54,55,56,53,50.6,50.0,4.294182110716778
88,R,170,179,175,148,140,165,163,157,171,164,163.2,164.5,11.435033887138244
89,D,59,57,56,56,57,46,47,61,45,66,55.0,56.5,6.54217089351845
90,K,52,34,26,32,22,44,48,43,39,41,38.1,40.0,9.049309365912958
91,E,151,146,146,149,141,161,164,162,164,163,154.7,156.0,8.485870609430716
92,G,6,6,5,6,6,7,7,11,7,10,7.1,6.5,1.8138357147217055
93,A,0,0,0,0,0,0,0,0,0,0,0.0,0.0,0.0
94,D,13,18,14,12,22,28,28,24,28,25,21.2,23.0,6.128621378417826
95,N,38,40,39,42,44,19,18,30,21,28,31.9,34.0,9.481033698917013
96,V,0,1,1,1,1,0,0,0,0,0,0.4,0.0,0.4898979485566357
97,A,0,0,0,0,0,0,0,0,0,0,0.0,0.0,0.0
98,V,6,2,7,6,2,6,6,7,6,8,5.6,6.0,1.9078784028338913
99,H,2,2,2,2,1,16,16,16,17,15,8.9,8.5,7.119691004531025
100,S,0,0,0,0,0,0,0,0,0,0,0.0,0.0,0.0
101,L,30,30,31,11,28,19,19,19,21,20,22.8,20.5,6.257795138864806
102,I,59,56,61,54,55,61,57,52,58,55,56.8,56.5,2.821347195933177
103,L,29,29,30,24,32,28,31,30,29,28,29.0,29.0,2.04939015319192
104,S,2,2,2,1,1,1,5,1,1,1,1.7,1.0,1.1874342087037917
105,L,89,89,90,85,87,86,100,90,88,91,89.5,89.0,3.930648801406709
106,I,89,89,87,84,90,94,94,95,94,96,91.2,92.0,3.762977544445356
107,L,37,40,39,39,39,39,39,42,41,42,39.7,39.0,1.4866068747318506
108,G,0,0,0,0,0,0,0,0,0,0,0.0,0.0,0.0
109,V,65,60,63,62,61,61,61,65,66,66,63.0,62.5,2.1908902300206643
110,T,67,70,67,70,68,69,72,65,67,62,67.7,67.5,2.6851443164195103
111,I,7,8,7,9,6,11,11,14,8,11,9.2,8.5,2.3579652245103193
112,T,28,28,28,23,29,28,25,26,30,25,27.0,28.0,2.04939015319192
113,I,115,118,113,117,115,116,117,107,116,105,113.9,115.5,4.182104733265297
114,T,92,91,91,88,92,79,75,82,77,76,84.3,85.0,6.812488532100439
115,M,41,35,40,44,40,47,52,40,52,42,43.3,41.5,5.235456045083371
116,L,73,77,74,53,73,53,58,63,63,65,65.2,64.0,8.35224520712844
117,P,105,115,109,109,106,98,94,99,96,97,102.8,102.0,6.6
118,A,42,30,42,42,42,42,42,32,42,33,38.9,42.0,4.784349485562275
119,I,9,1,6,2,9,0,0,1,1,1,3.0,1.0,3.40587727318528
120,D,56,72,58,55,55,43,46,59,51,62,55.7,55.5,7.746612162745724
121,S,76,66,78,73,78,80,87,74,83,73,76.8,77.0,5.5641710972974225
122,L,48,47,45,39,49,62,64,56,64,49,52.3,49.0,8.246817568007675
123,F,1,0,1,0,1,0,0,0,0,0,0.3,0.0,0.45825756949558405
124,R,139,109,165,163,169,117,113,121,119,128,134.3,124.5,21.991134577370037
125,S,88,88,88,99,89,93,92,93,90,93,91.3,91.0,3.28785644455472
126,M,56,38,53,67,60,98,102,92,96,89,75.1,78.0,21.64924940962157
127,G,52,37,60,50,48,53,54,54,56,53,51.7,53.0,5.780138406647369
128,A,13,10,14,13,12,22,26,16,25,16,16.7,15.0,5.348831648126533
129,K,175,172,171,177,169,183,181,176,186,177,176.7,176.5,5.119570294468081
130,G,26,34,43,46,53,55,53,43,56,46,45.5,46.0,9.156964562561111
131,E,115,118,117,118,119,137,130,160,131,158,130.3,124.5,15.92513736204495
132,A,4,1,6,7,0,17,20,30,14,29,12.8,10.5,10.43839068055991
133,V,7,0,8,8,10,1,2,0,1,0,3.7,1.5,3.8223029707232783
134,E,142,132,135,138,137,81,77,112,78,115,114.7,123.5,25.31422524984717
135,L,52,36,43,48,31,31,30,44,29,41,38.5,38.5,7.813449942247022
136,A,0,0,0,0,0,0,0,0,0,0,0.0,0.0,0.0
137,I,16,16,14,12,14,1,3,13,1,15,10.5,13.5,5.920304046246273
138,E,104,104,113,115,111,100,100,105,99,108,105.9,104.5,5.374941860150675
139,Y,19,12,17,17,18,14,13,15,14,16,15.5,15.5,2.1563858652847827
140,A,0,0,0,0,0,0,0,0,0,0,0.0,0.0,0.0
141,R,134,141,132,132,130,126,117,139,127,143,132.1,132.0,7.381734213584231
142,V,12,12,12,13,13,14,14,14,14,14,13.2,13.5,0.8717797887081349
143,L,3,3,4,2,3,1,1,3,1,4,2.5,3.0,1.118033988749895
144,L,1,1,1,0,1,0,0,0,0,0,0.4,0.0,0.4898979485566357
145,A,64,62,62,55,64,66,46,68,68,65,62.0,64.0,6.4031242374328485
146,G,3,2,1,2,1,4,2,2,6,2,2.5,2.0,1.4317821063276353
147,A,0,0,0,0,0,0,0,0,0,0,0.0,0.0,0.0
148,F,77,71,75,72,74,67,89,66,67,67,72.5,71.5,6.606814663663572
149,I,24,21,22,23,22,38,26,28,36,28,26.8,25.0,5.617828762075256
150,I,4,2,4,5,4,0,0,3,0,3,2.5,3.0,1.8027756377319946
151,V,0,0,0,0,0,0,0,0,0,0,0.0,0.0,0.0
152,F,25,27,26,17,23,17,33,16,16,16,21.6,20.0,5.7306195127577615
153,N,10,11,9,10,11,19,22,18,20,17,14.7,14.0,4.69148164229596
154,N,35,26,36,34,33,37,35,41,35,39,35.1,35.0,3.78021163428716
155,V,0,0,0,0,0,0,0,0,0,0,0.0,0.0,0.0
156,G,0,0,0,0,0,0,0,0,0,0,0.0,0.0,0.0
157,N,4,4,4,4,3,12,3,10,4,9,5.7,4.0,3.1320919526731648
158,G,0,0,0,0,0,0,0,0,0,0,0.0,0.0,0.0
159,I,0,0,0,0,0,0,0,0,0,0,0.0,0.0,0.0
160,L,0,0,0,0,0,0,0,0,0,0,0.0,0.0,0.0
161,R,33,31,39,33,33,34,23,31,28,28,31.3,32.0,4.075536774462967
162,G,0,0,0,0,0,0,0,0,0,0,0.0,0.0,0.0
163,E,0,0,0,0,0,0,1,1,0,1,0.3,0.0,0.45825756949558394
164,G,4,5,5,4,5,6,4,4,6,4,4.7,4.5,0.7810249675906654
165,D,17,18,19,11,16,31,31,29,32,32,23.6,24.0,7.696752561957543
166,A,3,4,2,3,3,5,5,5,5,4,3.9,4.0,1.044030650891055
167,N,92,98,108,103,103,100,102,108,99,108,102.1,102.5,4.887739763939974
168,R,74,72,80,76,79,33,28,52,34,56,58.4,64.0,19.596938536414306
169,A,0,0,0,0,1,0,0,0,0,0,0.1,0.0,0.30000000000000004
170,M,32,29,38,37,39,41,41,42,42,40,38.1,39.5,4.158124577258358
171,L,67,67,54,69,70,74,72,72,72,71,68.8,70.5,5.381449618829484
172,A,0,0,0,0,0,1,0,3,0,3,0.7,0.0,1.1874342087037917
173,M,9,8,9,9,8,17,17,18,15,29,13.9,12.0,6.378871373526825
174,V,37,36,38,37,37,47,48,47,46,44,41.7,41.0,4.817675788178362
175,L,59,68,56,58,55,62,52,57,65,57,58.9,57.5,4.570557952810575
176,G,3,2,5,4,3,13,13,11,11,11,7.6,8.0,4.317406628984581
177,S,8,8,7,7,7,5,5,11,5,11,7.4,7.0,2.1071307505705477
178,G,29,30,30,31,30,30,32,28,33,26,29.9,30.0,1.8681541692269403
179,L,63,57,64,63,65,53,56,52,53,53,57.9,56.5,5.008991914547277
180,N,8,9,11,8,10,2,4,6,4,6,6.8,7.0,2.749545416973504
181,I,50,53,52,50,58,54,57,56,60,54,54.4,54.0,3.1685959035509716
182,V,91,89,85,87,87,85,88,85,85,84,86.6,86.0,2.1071307505705477
183,L,25,19,24,27,26,22,30,20,22,22,23.7,23.0,3.195309061734092
184,D,0,0,0,0,0,0,0,0,0,0,0.0,0.0,0.0
185,P,37,36,35,36,31,27,28,36,30,34,33.0,34.5,3.492849839314596
186,I,73,70,73,74,75,67,66,66,67,67,69.8,68.5,3.4292856398964497
187,F,31,34,30,33,32,32,34,33,34,33,32.6,33.0,1.2806248474865698
188,I,4,4,7,4,3,4,3,3,3,3,3.8,3.5,1.1661903789690604
189,Y,104,96,114,104,98,101,103,102,103,98,102.3,102.5,4.712748667179271
190,T,113,113,110,112,114,112,112,111,113,111,112.1,112.0,1.1357816691600546
191,L,88,86,100,87,90,90,89,90,91,91,90.2,90.0,3.62767142944341
192,G,59,57,66,58,56,58,59,57,58,58,58.6,58.0,2.6153393661244038
193,F,96,96,71,96,89,101,99,110,100,109,96.7,97.5,10.412012293500233
194,G,16,17,32,17,16,22,20,19,21,18,19.8,18.5,4.512205669071391
195,V,3,4,1,5,4,2,2,3,2,2,2.8,2.5,1.1661903789690602
196,V,7,7,13,15,19,14,14,19,12,19,13.9,14.0,4.2296571965113205
197,G,0,0,0,0,0,0,0,0,0,0,0.0,0.0,0.0
198,A,0,0,0,0,0,0,0,0,0,0,0.0,0.0,0.0
199,A,0,0,0,0,0,0,0,0,0,0,0.0,0.0,0.0
200,Y,97,91,90,103,100,105,105,113,99,111,101.4,101.5,7.213875518748574
201,A,0,0,0,0,0,0,0,0,0,0,0.0,0.0,0.0
202,T,12,15,13,13,13,3,4,3,3,1,8.0,8.0,5.291502622129181
203,L,39,40,44,39,43,28,30,34,31,36,36.4,37.5,5.238320341483518
204,L,85,79,88,86,87,68,68,73,70,73,77.7,76.0,7.798076685952761
205,S,0,0,0,0,1,3,2,2,3,3,1.4,1.5,1.2806248474865698
206,M,20,20,19,20,21,33,42,37,34,37,28.3,27.0,8.602906485601247
207,V,56,55,55,54,55,49,47,49,47,48,51.5,51.5,3.5846896657869842
208,V,41,41,40,43,40,44,43,42,45,43,42.2,42.5,1.6
209,T,10,10,9,9,10,3,2,13,4,11,8.1,9.5,3.5341194094144583
210,S,14,13,14,14,13,7,6,11,8,12,11.2,12.5,2.925747767665559
211,L,83,83,115,87,116,112,111,111,113,109,104.0,111.0,13.053735097664577
212,F,69,71,81,73,83,87,87,83,84,82,80.0,82.5,6.2289646009589745
213,I,0,0,0,0,0,0,0,1,0,1,0.2,0.0,0.4
214,A,27,28,34,25,31,23,23,27,24,26,26.8,26.5,3.340658617698013
215,Y,106,108,110,114,111,110,109,108,112,97,108.5,109.5,4.387482193696061
216,W,26,26,13,26,19,18,17,22,19,21,20.7,20.0,4.148493702538308
217,L,2,2,2,0,2,3,1,1,1,0,1.4,1.5,0.9165151389911681
218,F,100,101,108,67,89,76,75,75,77,79,84.7,78.0,13.153326575433303
219,V,86,86,89,92,82,104,104,102,102,102,94.9,97.0,8.275868534480233
220,K,128,127,114,132,104,100,98,109,101,117,113.0,111.5,11.974973903938164
221,R,71,133,53,71,86,143,134,115,137,112,105.5,113.5,31.010482098800075
222,D,48,58,59,62,37,58,62,46,51,59,54.0,58.0,7.797435475847171
223,T,3,13,1,1,2,1,0,2,1,2,2.6,1.5,3.5552777669262356
224,Y,6,17,9,9,6,0,1,2,0,1,5.1,4.0,5.185556864985669
225,V,0,0,0,0,0,0,0,0,0,0,0.0,0.0,0.0
226,D,41,32,32,33,22,50,47,79,56,66,45.8,44.0,16.63610531344401
227,I,5,6,6,0,4,22,16,12,12,11,9.4,8.5,6.151422599691879
228,T,10,27,14,25,14,40,38,39,43,42,29.2,32.5,12.237646832622683
229,L,109,104,113,116,93,134,136,133,136,137,121.1,124.5,15.247622765532991
230,R,171,177,165,187,238,231,237,233,230,224,209.3,227.0,28.702090516197597
231,D,72,76,75,62,111,119,120,132,117,122,100.6,114.0,24.707084004390317
232,F,63,71,60,68,72,53,60,62,60,63,63.2,62.5,5.455272678794342
233,S,79,77,78,76,74,72,71,76,71,76,75.0,76.0,2.7202941017470885
234,P,96,96,94,86,82,103,101,100,102,102,96.2,98.0,6.794115100585212
235,S,47,45,47,49,49,31,32,36,31,34,40.1,40.5,7.502666192761077
236,R,209,208,209,202,203,225,227,207,229,222,214.1,209.0,9.893937537704593
237,E,112,110,113,111,111,128,115,118,123,130,117.1,114.0,7.020683727387241
238,I,13,10,11,11,12,8,6,13,8,11,10.3,11.0,2.193171219946131
239,L,50,51,50,50,44,64,64,67,64,67,57.1,57.5,8.360023923410745
240,K,99,101,100,101,100,145,141,119,146,138,119.0,110.0,20.049937655763422
241,D,29,28,30,32,30,32,33,21,31,22,28.8,30.0,3.919183588453085
242,I,0,0,0,0,0,0,0,0,0,0,0.0,0.0,0.0
243,L,46,50,48,43,72,76,75,77,74,75,63.6,73.0,13.908270920570969
244,R,128,122,126,128,129,115,112,124,117,114,121.5,123.0,6.135959582656978
245,V,1,1,1,1,1,0,0,0,0,0,0.5,0.5,0.5
246,G,2,1,2,2,1,3,2,3,2,4,2.2,2.0,0.8717797887081347
247,L,90,90,90,96,96,99,100,94,99,94,94.8,95.0,3.6823905279043943
248,P,15,12,14,13,11,15,15,14,16,15,14.0,14.5,1.4832396974191326
249,S,0,0,0,5,0,6,7,13,4,14,4.9,4.5,5.008991914547278
250,S,4,5,5,11,7,6,6,10,7,11,7.2,6.5,2.4413111231467406
251,L,80,81,80,83,64,75,78,70,77,71,75.9,77.5,5.629387178015028
252,S,9,6,5,2,13,8,7,13,7,8,7.8,7.5,3.187475490101846
253,Q,53,61,70,69,54,57,84,65,80,49,64.2,63.0,11.05260150371848
254,L,45,48,45,55,47,65,65,96,55,95,61.6,55.0,18.325937902328494
255,S,13,12,13,11,13,5,6,5,6,7,9.1,9.0,3.3896902513356584
256,M,29,36,27,30,35,77,58,72,67,72,50.3,47.0,19.596173095785822
257,S,6,9,5,5,6,61,62,69,56,66,34.5,32.5,28.49298159196401
258,I,72,73,73,73,74,84,83,69,84,69,75.4,73.0,5.642694391866354
259,A,0,0,0,0,0,3,2,2,2,1,1.0,0.5,1.0954451150103321
260,M,2,3,2,0,0,40,40,36,41,45,20.9,19.5,19.623710148695125
261,F,18,34,18,16,17,132,134,134,135,130,76.8,82.0,56.41595518999922
262,F,96,95,95,96,95,95,94,94,93,94,94.7,95.0,0.9
263,L,1,0,2,0,0,0,0,0,1,0,0.4,0.0,0.66332495807108
264,N,8,1,9,6,8,38,42,44,35,39,23.0,22.0,16.870091878825082
265,S,47,44,48,50,52,44,45,41,46,43,46.0,45.5,3.1622776601683795
266,V,7,6,8,8,6,9,9,7,9,8,7.7,8.0,1.1
267,A,0,0,0,0,0,0,0,0,0,0,0.0,0.0,0.0
268,I,76,73,74,76,57,95,88,94,94,90,81.7,82.0,11.82412787481597
269,T,90,87,96,88,93,95,92,89,89,90,90.9,90.0,2.844292530665579
270,A,32,28,28,31,25,26,26,28,24,27,27.5,27.5,2.3769728648009427
271,G,37,29,38,30,32,33,33,28,33,28,32.1,32.5,3.3000000000000007
272,G,28,46,27,27,28,33,31,32,32,31,31.5,31.0,5.277309920783504
273,E,90,79,92,94,51,175,168,182,173,176,128.0,131.0,48.249352327259274
274,N,57,69,65,58,66,90,84,62,87,62,70.0,65.5,11.696153213770756
275,G,1,2,2,0,0,1,1,0,1,0,0.8,1.0,0.7483314773547882
276,V,6,5,7,7,4,33,35,33,35,33,19.8,20.0,14.041367454774482
277,A,0,0,1,0,0,38,34,39,38,39,18.9,17.5,18.748066566982317
278,V,0,0,0,1,0,0,0,0,0,0,0.1,0.0,0.30000000000000004
279,F,2,1,1,1,2,0,1,0,1,0,0.9,1.0,0.7000000000000001
280,T,1,8,5,6,3,32,37,72,57,73,29.4,20.0,27.652124692326993
281,S,6,8,11,12,4,19,16,29,23,32,16.0,14.0,9.121403400793104
282,A,0,0,0,0,0,0,0,0,0,0,0.0,0.0,0.0
283,W,33,14,35,13,31,32,35,26,42,39,30.0,32.5,9.219544457292887
284,R,13,20,16,17,17,162,167,120,118,125,77.5,69.0,62.787339488148405
285,I,9,9,9,9,10,10,10,5,9,5,8.5,9.0,1.8027756377319946
286,T,1,0,0,0,0,0,0,0,0,0,0.1,0.0,0.30000000000000004
287,M,47,37,31,37,31,48,70,40,55,50,44.6,43.5,11.429785649783641
288,L,56,59,57,56,57,71,69,65,60,64,61.4,59.5,5.238320341483518
289,G,5,3,7,6,6,7,7,4,6,5,5.6,6.0,1.2806248474865698
290,I,14,13,1,12,7,20,11,17,14,17,12.6,13.5,5.1613951602255765
291,V,0,2,0,0,0,6,7,12,8,12,4.7,4.0,4.69148164229596
292,P,14,19,15,22,20,25,21,24,20,24,20.4,20.5,3.49857113690718
293,I,0,0,0,0,0,1,1,0,0,0,0.2,0.0,0.4000000000000001
294,L,46,71,48,65,54,66,69,69,73,69,63.0,67.5,9.38083151964686
295,G,0,0,0,0,0,0,0,0,0,0,0.0,0.0,0.0
296,M,7,6,7,7,6,0,1,1,1,1,3.7,3.5,2.9342801502242426
297,A,10,3,10,10,11,18,14,17,14,14,12.1,12.5,4.0853396431631
298,A,15,17,17,17,17,11,16,18,17,19,16.4,17.0,2.0591260281974
299,A,0,0,0,0,0,2,2,2,2,1,0.9,0.5,0.9433981132056604
300,T,0,0,0,0,0,0,0,0,0,0,0.0,0.0,0.0
301,T,7,5,4,6,8,5,6,6,4,5,5.6,5.5,1.2
302,S,0,1,1,1,1,1,1,3,1,3,1.3,1.0,0.8999999999999999
303,V,1,0,1,0,0,0,0,0,0,0,0.2,0.0,0.4000000000000001
304,T,0,0,0,0,0,0,0,0,0,0,0.0,0.0,0.0
305,G,0,0,0,0,0,0,0,0,0,0,0.0,0.0,0.0
306,A,0,0,0,0,0,0,0,0,0,0,0.0,0.0,0.0
307,A,0,0,2,0,0,0,0,0,0,0,0.2,0.0,0.6000000000000001
308,Y,81,81,73,78,76,55,53,83,50,85,71.5,77.0,12.792575972023775
309,G,4,4,3,4,5,13,12,14,12,14,8.5,8.5,4.5661800227323495
310,E,53,53,53,48,48,55,52,55,51,60,52.8,53.0,3.340658617698013
311,R,177,174,178,181,182,180,169,209,162,210,182.2,179.0,14.804053498957641
312,N,60,64,46,58,57,63,58,65,64,66,60.1,61.5,5.61159513863928
313,V,14,16,16,14,14,14,11,17,8,15,13.9,14.0,2.5079872407968904
314,E,138,136,148,146,146,137,139,145,140,141,141.6,140.5,4.079215610874227
315,K,29,25,45,19,20,14,13,16,14,15,21.0,17.5,9.402127418834526
316,L,1,1,3,3,3,0,0,1,0,0,1.2,1.0,1.2489995996796797
317,E,31,32,34,33,34,25,27,24,23,27,29.0,29.0,4.049691346263317
318,T,50,49,47,48,47,51,50,45,50,46,48.3,48.5,1.9
319,A,0,0,0,0,0,0,0,0,0,0,0.0,0.0,0.0
320,Y,0,0,0,0,0,0,0,0,0,0,0.0,0.0,0.0
321,L,64,47,45,45,47,60,50,58,61,54,53.1,52.0,6.847627326307997
322,Y,62,64,63,65,64,60,59,61,61,64,62.3,62.5,1.9000000000000001
323,A,0,0,0,0,0,0,0,0,0,0,0.0,0.0,0.0
324,I,7,6,7,7,7,8,7,7,10,8,7.4,7.0,1.0198039027185568
325,K,146,151,150,153,151,125,133,134,127,126,139.6,140.0,11.047171583713181
326,I,31,40,46,46,49,37,45,48,37,34,41.3,42.5,6.000833275471
327,A,0,0,0,0,0,1,0,0,0,0,0.1,0.0,0.30000000000000004
328,F,68,64,61,63,65,65,61,59,67,67,64.0,64.5,2.8284271247461903
329,M,106,113,112,112,112,111,108,111,93,96,107.4,111.0,6.78527818147495
330,I,50,41,53,51,52,47,43,51,39,53,48.0,50.5,4.9396356140913875
331,E,0,0,0,0,0,1,0,0,0,0,0.1,0.0,0.30000000000000004
332,L,86,79,75,75,74,90,80,71,91,83,80.4,79.5,6.575712889109439
333,A,64,66,65,65,64,62,62,64,64,64,64.0,64.0,1.1832159566199232
334,V,28,30,30,28,28,33,31,35,32,36,31.1,30.5,2.7367864366808017
335,V,10,11,10,11,9,6,7,9,7,4,8.4,9.0,2.2
336,A,49,49,48,49,48,56,45,45,44,39,47.2,48.0,4.190465367951393
337,F,108,104,106,109,106,122,119,113,117,118,112.2,111.0,6.095900261651268
338,I,8,10,7,8,8,10,12,11,11,11,9.6,10.0,1.624807680927192
339,M,76,84,81,84,71,72,68,57,70,65,72.8,71.5,8.207313811473277
340,L,131,128,130,129,122,125,129,126,131,127,127.8,128.5,2.7129319932501073
341,F,80,76,77,77,76,76,87,93,85,88,81.5,78.5,5.920304046246273
342,A,0,0,0,0,0,0,0,0,0,0,0.0,0.0,0.0
343,P,39,63,62,65,47,44,44,41,44,42,49.1,44.0,9.554580053565932
344,Q,129,127,134,134,124,105,104,104,103,105,116.9,114.5,13.011149065320863
345,V,24,22,25,25,21,23,24,18,24,17,22.3,23.5,2.6851443164195103
346,A,0,0,0,0,0,0,0,0,0,0,0.0,0.0,0.0
347,Y,94,129,113,120,104,127,128,134,122,106,117.7,121.0,12.32112007895386
348,L,82,84,86,89,85,116,117,123,116,100,99.8,94.5,15.657586020839867
349,F,11,9,11,14,9,81,83,72,66,80,43.6,40.0,33.13668661770516
350,T,1,1,1,1,1,0,0,0,0,1,0.6,1.0,0.4898979485566356
351,Y,138,63,146,142,163,165,163,175,165,134,145.4,154.5,30.41447024033133
352,S,53,20,21,24,27,46,46,46,46,60,38.9,46.0,13.736447866897759
353,E,166,165,160,168,202,182,180,179,183,183,176.8,179.5,11.702991070662234
354,S,64,55,74,62,43,104,105,100,104,103,81.4,87.0,23.013908837917995
355,A,0,0,0,0,1,17,20,20,21,19,9.8,9.0,9.651942809610922
356,Q,116,106,98,122,107,75,72,68,73,82,91.9,90.0,19.128251357612385
357,V,95,102,104,100,95,97,96,111,100,110,101.0,100.0,5.531726674375733
358,I,0,4,2,3,2,12,12,13,12,14,7.4,8.0,5.314132102234569
359,K,63,81,80,81,64,65,62,61,63,57,67.7,63.5,8.729833904490967
360,G,44,45,46,45,49,52,52,53,53,52,49.1,50.5,3.534119409414459
361,D,78,81,82,76,77,70,72,73,75,70,75.4,75.5,4.004996878900157
362,L,0,0,0,0,0,0,0,0,0,0,0.0,0.0,0.0
363,I,23,23,23,25,27,30,30,30,28,30,26.9,27.5,2.981610303175115
364,S,66,43,45,46,72,25,27,26,26,29,40.5,36.0,16.35389861776084
365,A,0,0,0,1,0,0,0,0,0,0,0.1,0.0,0.30000000000000004
366,L,0,0,0,0,0,0,0,0,0,0,0.0,0.0,0.0
367,R,121,123,127,125,113,126,125,130,128,132,125.0,125.5,5.019960159204453
368,T,39,39,41,29,43,42,42,40,42,44,40.1,41.5,4.011234224026316
369,L,4,0,4,0,3,0,1,0,0,0,1.2,0.0,1.661324772583615
370,P,0,0,0,0,0,0,0,0,0,0,0.0,0.0,0.0
371,V,46,46,46,47,52,49,49,41,52,52,48.0,48.0,3.3466401061363023
372,F,18,10,13,7,13,4,4,2,3,1,7.5,5.5,5.426785420486054
373,L,0,0,0,0,0,0,0,0,0,0,0.0,0.0,0.0
374,V,24,24,23,27,26,23,28,23,26,26,25.0,25.0,1.7320508075688772
375,L,30,33,30,32,53,39,34,42,37,38,36.8,35.5,6.584831053261731
376,T,11,6,2,12,1,5,4,6,6,6,5.9,6.0,3.269556544854363
377,P,0,0,0,0,0,0,0,0,0,0,0.0,0.0,0.0
378,F,42,43,41,43,43,51,48,50,49,50,46.0,45.5,3.714835124201342
379,G,3,4,7,1,2,4,9,11,5,9,5.5,4.5,3.170173496829472
380,M,26,29,40,29,32,22,22,37,24,35,29.6,29.0,5.986651818838306
381,M,0,0,0,0,0,0,0,0,0,0,0.0,0.0,0.0
382,T,0,0,0,0,0,0,0,0,0,0,0.0,0.0,0.0
383,S,7,6,14,10,8,10,15,14,9,13,10.6,10.0,3.0397368307141326
384,A,3,6,4,4,3,2,1,2,2,2,2.9,2.5,1.374772708486752
385,M,0,0,1,0,0,0,0,0,0,0,0.1,0.0,0.30000000000000004
386,F,1,4,0,0,0,0,0,0,0,0,0.5,0.0,1.2041594578792296
387,Q,18,22,21,19,20,27,27,25,29,27,23.5,23.5,3.7483329627982624
388,G,0,0,0,0,0,0,0,0,0,0,0.0,0.0,0.0
389,I,2,3,3,2,3,4,4,5,4,4,3.4,3.5,0.9165151389911681
390,G,25,25,25,26,27,4,7,3,6,2,15.0,16.0,10.69579356569675
391,E,42,51,44,40,41,17,15,19,14,19,30.2,29.5,13.760813929415658
392,G,1,2,2,1,2,0,0,0,0,1,0.9,1.0,0.8306623862918076
393,E,143,156,142,144,146,62,64,57,57,56,102.7,103.0,43.705949251789505
394,K,77,111,68,72,72,42,40,41,40,41,60.4,55.0,22.553048574416717
395,S,0,0,0,0,0,0,1,1,0,1,0.3,0.0,0.45825756949558394
396,L,25,29,27,27,26,26,26,28,27,27,26.8,27.0,1.0770329614269007
397,I,96,91,66,92,73,94,94,98,92,95,89.1,93.0,10.113851887386923
398,L,3,3,10,0,3,6,11,10,6,10,6.2,6.0,3.6823905279043947
399,T,7,4,12,2,9,8,9,13,7,12,8.3,8.5,3.348133808556641
400,I,57,51,52,61,47,63,63,66,65,67,59.2,62.0,6.675327707311455
401,F,52,60,78,47,80,58,55,54,55,54,59.3,55.0,10.383159442096611
402,R,35,42,22,27,21,24,31,41,31,36,31.0,31.0,7.127411872482185
403,T,0,0,0,3,4,5,4,1,3,2,2.2,2.5,1.7776388834631178
404,L,44,42,44,46,44,48,48,47,51,50,46.4,46.5,2.7640549922170505
405,V,71,73,69,71,67,72,74,77,76,76,72.6,72.5,3.072458299147443
406,M,29,21,53,40,48,27,29,30,27,29,33.3,29.0,9.726767191621274
407,Q,11,4,9,6,8,8,8,8,10,6,7.8,8.0,1.9390719429665317
408,V,14,16,18,15,16,20,21,21,21,19,18.1,18.5,2.5475478405713994
409,G,26,27,28,28,29,24,25,25,24,26,26.2,26.0,1.6613247725836149
410,F,55,61,60,55,57,51,56,60,55,59,56.9,56.5,2.947880594596735
411,A,0,0,0,0,0,0,0,0,0,0,0.0,0.0,0.0
412,Y,96,99,98,130,97,108,108,113,108,116,107.3,108.0,10.070253224224304
413,I,57,66,66,67,62,80,78,83,80,85,72.4,72.5,9.350935782048767
414,F,37,38,39,38,40,44,45,40,45,40,40.6,40.0,2.835489375751565
415,V,19,12,14,17,12,16,18,19,18,19,16.4,17.5,2.6532998322843198
416,H,79,62,67,82,62,82,81,85,84,87,77.1,81.5,9.12633551870629
417,Y,165,162,158,196,156,173,170,186,171,186,172.3,170.5,12.546314199795889
418,T,52,57,57,41,57,54,55,55,52,53,53.3,54.5,4.495553358597805
419,T,136,113,114,136,115,150,152,150,153,150,136.9,143.0,16.058953888718904
420,L,61,69,59,58,69,66,65,71,68,73,65.9,67.0,4.846648326421053
421,G,26,24,23,24,23,30,31,26,29,27,26.3,26.0,2.758622844826744
422,L,17,26,16,21,18,23,22,23,22,27,21.5,22.0,3.442382895611701
423,R,147,168,149,150,173,133,137,153,140,154,150.4,149.5,12.018319350058894
424,G,0,0,0,0,0,0,0,0,0,0,0.0,0.0,0.0
425,V,0,1,0,1,1,0,0,0,0,0,0.3,0.0,0.45825756949558405
426,W,4,4,4,6,8,2,2,4,3,4,4.1,4.0,1.7000000000000002
427,I,32,36,33,32,39,46,49,52,50,51,42.0,42.5,7.974960814950754
428,G,0,0,0,0,0,0,0,0,0,0,0.0,0.0,0.0
429,I,6,0,8,0,3,0,0,0,0,0,1.7,0.0,2.8301943396169813
430,V,13,14,14,14,28,11,12,13,11,13,14.3,13.0,4.69148164229596
431,I,58,61,59,60,47,63,61,59,61,57,58.6,59.5,4.199999999999999
432,G,0,0,0,0,0,0,0,0,0,0,0.0,0.0,0.0
433,N,3,4,0,7,2,5,4,5,6,5,4.1,4.5,1.9209372712298547
434,M,62,50,58,61,68,61,62,53,63,67,60.5,61.5,5.315072906367325
435,V,53,61,55,49,41,52,53,50,54,50,51.8,52.5,4.833218389437828
436,A,1,1,9,0,2,1,5,2,1,2,2.4,1.5,2.5377155080899034
437,A,2,2,2,2,4,4,5,4,5,3,3.3,3.5,1.1874342087037917
438,I,94,93,94,94,91,96,92,95,92,94,93.5,94.0,1.4317821063276353
439,V,31,33,47,31,40,61,60,61,60,62,48.6,53.5,12.986146464598344
440,G,0,0,1,0,0,0,0,0,0,0,0.1,0.0,0.30000000000000004
441,F,54,54,56,53,56,51,45,50,50,49,51.8,52.0,3.2802438933713454
442,L,85,94,93,91,91,99,96,100,97,102,94.8,95.0,4.812483766206386
443,W,92,88,66,85,72,77,75,71,78,74,77.8,76.0,7.743384273042376
444,G,0,0,0,0,0,0,0,0,0,0,0.0,0.0,0.0
445,R,73,76,75,73,74,72,96,91,75,100,80.5,75.0,10.190682018393076
446,M,121,118,121,121,122,133,133,131,133,133,126.6,126.5,6.102458520956943
447,R,60,60,60,59,57,22,51,38,54,42,50.3,55.5,11.99208072020865
448,I,1,1,1,1,0,0,0,1,0,1,0.6,1.0,0.4898979485566356
449,S,46,53,44,44,45,54,56,62,53,63,52.0,53.0,6.752777206453653
450,A,35,38,35,35,35,40,41,40,39,41,37.9,38.5,2.50798724079689
451,L,11,12,16,13,12,7,0,5,2,5,8.3,9.0,4.980963762164909
452,K,83,83,90,89,89,82,77,93,80,95,86.1,86.0,5.61159513863928
453,K,152,154,150,153,151,154,154,156,153,158,153.5,153.5,2.202271554554524
454,T,95,101,95,91,91,47,49,81,54,82,78.6,86.5,19.607141556075938
455,S,49,61,42,49,51,68,67,59,66,53,56.5,56.0,8.511756575466665
456,A,47,82,71,49,45,88,87,68,90,69,69.6,70.0,16.6024094636893
457,T,55,88,121,103,58,114,114,97,114,96,96.0,100.0,21.990907211845535
458,G,51,72,34,70,50,62,65,45,67,47,56.3,56.5,11.983738982471206
459,G,70,47,81,71,72,42,37,67,38,68,59.3,67.5,15.556670594957009
460,K,182,169,190,150,184,206,208,190,214,191,188.4,190.0,18.089776118017603
461,R,266,302,237,317,262,192,123,294,120,295,240.8,264.0,68.7528908483127
