Pos,Res,Q96EB6_CIT_model1_dssp_acc_ACC,Q96EB6_CIT_model2_dssp_acc_ACC,Q96EB6_CIT_model3_dssp_acc_ACC,Q96EB6_CIT_model4_dssp_acc_ACC,Q96EB6_CIT_model5_dssp_acc_ACC,Q96EB6_full_model_499620_1_dssp_acc_ACC,Q96EB6_full_model_499620_2_dssp_acc_ACC,Q96EB6_full_model_499620_3_dssp_acc_ACC,Q96EB6_full_model_499620_4_dssp_acc_ACC,Q96EB6_full_model_499620_5_dssp_acc_ACC,Q96EB6_IT_model1_dssp_acc_ACC,Q96EB6_IT_model2_dssp_acc_ACC,Q96EB6_IT_model3_dssp_acc_ACC,Q96EB6_IT_model4_dssp_acc_ACC,Q96EB6_IT_model5_dssp_acc_ACC,Q96EB6_ranked_0_dssp_acc_ACC,Q96EB6_ranked_1_dssp_acc_ACC,Q96EB6_ranked_2_dssp_acc_ACC,Q96EB6_ranked_3_dssp_acc_ACC,Q96EB6_ranked_4_dssp_acc_ACC,mean,median,std
1,M,118,134,151,206,224,184,175,194,242,185,118,84,123,227,172,249,246,244,244,244,188.2,189.5,51.06916878117364
2,A,66,25,4,46,82,62,80,78,83,79,66,30,19,74,80,96,90,103,98,96,67.85,78.5,27.80337209764312
3,D,115,165,137,111,60,92,133,133,113,127,115,150,89,46,110,154,159,159,167,170,125.25,130.0,33.95419708960882
4,E,74,133,99,28,194,76,124,63,73,101,74,152,183,106,177,184,203,199,189,198,131.5,128.5,54.962259778870084
5,A,87,22,70,24,43,39,50,52,51,49,87,4,47,92,45,109,93,96,105,93,62.9,51.5,29.731969325962922
6,A,61,64,31,17,37,36,58,34,41,54,61,38,6,37,34,91,97,101,97,99,54.7,47.5,28.137341736560685
7,L,95,23,34,119,68,42,106,75,57,58,95,102,129,165,82,163,167,171,179,178,105.4,98.5,49.99639987039067
8,A,29,102,15,78,22,8,78,59,52,85,29,75,19,69,15,105,94,93,89,90,60.3,72.0,32.57161340799685
9,L,101,60,116,107,171,63,131,152,143,146,101,49,83,16,156,148,171,172,180,176,122.1,137.0,46.8859253934483
10,Q,146,34,85,138,182,56,138,110,111,112,146,104,72,41,169,178,177,182,189,184,127.7,138.0,49.059249892349555
11,P,130,81,131,88,59,35,96,143,134,128,130,48,106,29,51,116,123,131,134,125,100.9,119.5,36.51698235068172
12,G,48,53,62,66,44,38,72,55,48,68,48,30,45,45,53,84,77,77,81,84,58.9,54.0,15.874192892868601
13,G,69,68,20,44,46,53,59,61,23,36,69,52,16,86,42,84,77,82,83,82,57.6,60.0,21.818340908510894
14,S,43,34,39,65,56,17,90,48,61,83,43,44,39,69,57,118,120,117,114,119,68.8,59.0,32.409257936583494
15,P,88,85,96,128,88,26,115,101,62,96,88,92,98,113,83,118,122,127,111,117,97.7,97.0,23.437363332934872
16,S,76,71,81,101,101,84,75,55,63,88,76,49,91,53,100,117,113,121,114,116,87.25,86.0,22.097228332983303
17,A,88,91,47,79,79,42,72,47,54,77,88,93,63,90,90,94,87,101,99,94,78.75,87.5,18.016312053247745
18,A,72,40,24,112,44,47,43,43,83,44,72,24,29,49,55,111,112,103,105,111,66.15,52.0,31.54564153730274
19,G,23,58,59,53,21,24,24,17,65,31,23,38,51,92,16,80,81,79,80,74,49.45,52.0,25.21601673540054
20,A,91,14,65,102,40,54,50,50,54,62,91,96,37,65,48,90,94,102,98,90,69.65,65.0,25.296788333699595
21,D,74,61,124,128,80,114,111,115,91,116,74,91,149,78,88,156,147,163,171,157,114.4,114.5,33.225592545506245
22,R,173,113,56,135,107,47,190,138,171,146,173,188,143,124,104,235,204,252,242,228,158.45,158.5,56.6113725323808
23,E,137,127,53,85,38,122,158,142,155,150,137,162,133,110,38,175,141,194,190,185,131.6,139.0,45.41739754763586
24,A,53,51,78,15,63,60,85,65,98,86,53,70,103,60,60,92,90,105,108,101,74.8,74.0,23.24779559442142
25,A,49,77,66,2,83,75,83,19,77,86,49,82,73,3,91,98,91,95,94,91,69.2,79.5,28.963079946718373
26,S,91,92,54,21,58,63,88,59,103,78,91,79,79,37,57,115,115,117,114,118,81.45,83.5,27.487224305120368
27,S,96,78,114,55,39,77,89,72,68,89,96,77,67,68,30,119,116,116,113,113,84.6,83.5,25.54094751570505
28,P,93,81,50,98,130,42,73,20,68,66,93,99,98,118,88,119,123,125,125,133,92.1,95.5,30.813795611706126
29,A,54,81,66,19,47,84,75,84,85,85,54,85,95,59,36,105,106,107,103,108,76.9,84.0,24.74247360309797
30,G,25,46,66,31,77,74,53,72,70,58,25,33,16,26,66,79,81,79,76,82,56.75,66.0,22.196565049574676
31,E,44,140,138,29,106,95,95,81,93,69,44,154,110,30,115,177,185,188,184,183,113.0,108.0,52.63933890162376
32,P,66,72,70,15,72,82,120,79,77,96,66,86,67,4,73,116,88,120,122,99,79.5,78.0,29.85381047705636
33,L,80,131,144,75,67,144,101,142,146,74,80,123,122,71,77,149,150,176,173,142,118.35,127.0,35.582685396130515
34,R,173,193,175,162,184,245,244,243,241,166,173,210,202,196,181,215,208,243,243,255,207.6,205.0,30.67311526402234
35,K,149,167,99,192,123,168,172,153,169,163,149,153,57,92,132,184,203,212,208,189,156.7,165.0,39.29007508264651
36,R,55,116,67,103,200,97,112,82,116,156,55,185,175,188,150,220,223,239,240,182,148.05,153.0,59.73480978458038
37,P,68,87,91,46,52,116,50,108,117,97,68,96,79,34,8,129,105,123,124,130,86.4,93.5,33.97410778813772
38,R,52,211,110,81,136,210,144,239,199,153,52,192,109,76,156,221,236,245,241,182,162.25,169.0,63.31498637763416
39,R,44,80,210,106,103,227,199,141,213,218,44,213,226,44,92,226,201,245,246,251,166.45,205.5,73.44145627641109
40,D,106,114,94,50,140,145,53,99,77,147,106,101,157,44,113,132,125,164,159,149,113.75,113.5,35.901079370960424
41,G,38,28,27,30,14,34,9,38,22,30,38,23,46,19,2,73,67,69,66,70,37.15,32.0,20.98159908109961
42,P,88,111,114,61,49,107,99,59,86,86,88,112,79,109,40,137,135,130,127,136,97.65,103.0,28.744173322605747
43,G,30,45,30,60,38,32,56,81,67,71,30,49,39,52,44,65,64,77,74,71,53.75,54.0,16.684948306782374
44,L,62,61,145,116,24,106,97,143,95,162,62,66,161,112,12,162,158,177,176,184,114.05,114.0,51.48541055483582
45,E,21,133,65,37,155,183,177,96,147,137,21,132,65,6,162,132,133,192,192,182,118.4,133.0,60.05197748617442
46,R,175,141,64,158,168,181,87,71,117,194,175,68,105,88,132,218,212,250,244,239,154.35,163.0,59.6131487173761
47,S,78,60,21,49,35,57,58,69,71,61,78,63,58,26,25,114,110,115,118,111,68.85,62.0,30.30226889194933
48,P,9,72,66,20,109,134,139,139,90,147,9,47,54,27,122,133,131,126,128,130,91.6,115.5,47.553548763472946
49,G,67,69,59,22,49,70,78,69,86,70,67,71,56,28,48,81,77,80,76,77,65.0,69.5,16.592166826548002
50,E,85,163,99,28,129,83,78,83,89,100,85,142,143,61,130,189,187,184,194,188,122.0,114.5,48.532463362166155
51,P,138,133,128,56,83,130,59,117,112,102,138,151,94,60,84,113,116,117,118,122,108.55,116.5,26.978648965431905
52,G,78,79,76,90,83,76,66,27,36,44,78,83,76,63,83,85,76,85,86,83,72.65,78.0,16.941885963492965
53,G,44,60,39,63,80,32,56,66,35,67,44,53,45,70,79,85,77,84,79,85,62.15,64.5,17.3068628006349
54,A,86,64,1,56,48,106,83,78,70,76,86,43,18,54,40,105,109,107,101,99,71.5,77.0,30.012497396917837
55,A,33,62,34,56,30,44,52,71,37,48,33,52,9,76,29,96,96,97,92,99,57.3,52.0,26.842317336623527
56,P,101,74,76,14,61,70,72,74,102,97,101,78,87,32,98,120,114,125,118,114,86.4,92.0,28.166291910721934
57,E,158,139,89,66,80,175,201,173,184,116,158,115,62,38,97,169,187,197,195,188,139.35,158.0,50.7220612751493
58,R,124,94,33,83,92,246,244,227,139,200,124,134,45,183,49,216,227,246,232,248,159.3,161.0,73.92638230023162
59,E,78,35,66,100,63,137,119,142,134,124,78,44,63,75,34,185,139,187,189,191,109.15,109.5,51.610342955651824
60,V,104,87,30,27,95,46,57,56,43,40,104,65,30,15,104,136,135,139,132,138,79.15,76.0,41.94433811612719
61,P,95,54,45,32,72,77,73,84,60,90,95,57,29,14,73,128,123,118,111,120,77.5,75.0,32.29628461603594
62,A,62,50,55,30,64,113,75,76,26,77,62,81,39,43,78,97,99,105,111,109,72.6,75.5,26.477159968546477
63,A,57,57,97,21,34,68,50,72,50,68,57,48,96,21,43,100,105,102,92,88,66.3,62.5,26.18988354307823
64,A,51,47,80,78,100,50,20,8,22,11,51,50,83,75,97,106,107,100,103,112,67.55,76.5,33.51488475289748
65,R,116,124,95,90,219,130,222,187,153,184,116,148,79,109,226,253,262,252,235,245,172.25,168.5,61.19630299290963
66,G,42,38,1,16,54,78,65,68,64,56,42,49,11,13,52,69,72,77,77,73,50.85,55.0,23.582355692339135
67,C,76,106,57,31,90,69,39,57,41,48,76,102,57,28,89,125,125,126,127,123,79.6,76.0,33.63985731242033
68,P,49,82,65,115,64,107,99,83,108,85,49,99,88,104,97,129,128,136,136,116,96.95,99.0,25.842745597169046
69,G,24,61,4,40,24,14,0,45,1,11,24,55,18,45,33,63,64,75,67,56,36.2,36.5,23.427761310035578
70,A,91,86,84,19,77,17,17,32,19,35,91,94,72,6,75,111,118,91,99,86,66.0,80.5,35.1965907439911
71,A,50,47,71,61,89,33,29,31,29,27,50,32,75,56,50,85,101,89,91,63,57.95,53.0,23.527590186842342
72,A,48,84,16,81,10,22,20,21,19,23,48,71,9,62,16,91,107,81,87,55,48.55,48.0,31.433222870078087
73,A,66,73,80,64,36,35,19,32,10,38,66,63,40,106,41,105,96,65,88,56,58.95,63.5,26.755326572478985
74,A,64,46,23,33,92,34,18,24,30,12,64,39,70,19,82,79,103,68,69,57,51.3,51.5,26.311784432075296
75,L,64,12,25,169,59,109,104,109,113,111,64,45,26,141,39,127,159,129,129,117,92.55,109.0,45.74109202894046
76,W,95,35,144,44,50,81,86,53,81,82,95,52,127,41,67,209,255,182,220,200,109.95,84.0,66.31400681605659
77,R,225,75,42,144,169,160,125,174,141,143,225,103,140,149,144,225,246,201,209,193,161.65,154.5,51.36659906982357
78,E,156,105,6,117,85,123,117,99,56,80,156,111,30,139,92,147,191,137,140,135,111.1,117.0,43.37499279538845
79,A,11,50,23,66,16,36,34,15,33,33,11,54,36,32,26,71,89,59,80,59,41.7,35.0,22.57897251869535
80,E,105,171,122,92,83,49,70,73,75,73,105,134,116,101,100,160,201,147,161,146,114.2,105.0,39.204081420178696
81,A,51,50,85,39,22,58,67,60,59,59,51,36,92,1,22,70,90,61,60,63,54.8,59.0,22.15987364584916
82,E,58,12,83,47,21,140,154,53,101,142,58,6,33,82,23,171,201,161,169,158,93.65,82.5,61.22113605610402
83,A,5,32,6,47,34,13,14,4,15,12,5,7,10,39,22,89,104,76,89,74,34.85,18.5,32.40258477344053
84,A,48,4,1,52,27,29,25,51,56,46,48,5,21,38,23,91,97,80,89,82,45.65,47.0,29.04526639574855
85,A,50,6,56,44,60,76,70,90,82,92,50,5,46,45,60,89,104,84,86,86,64.05,65.0,26.43383248793107
86,A,65,11,28,30,36,58,54,85,93,86,65,14,6,58,65,100,109,93,97,90,62.15,65.0,31.39151955544682
87,G,90,16,20,78,60,35,47,57,85,64,90,14,22,81,60,83,91,64,77,73,60.35,64.0,25.560271907786895
88,G,46,8,19,3,63,2,9,14,9,14,46,7,72,7,66,68,64,71,72,68,36.4,32.5,28.196453677723376
89,E,124,113,104,113,101,96,82,155,109,106,124,73,89,56,140,193,189,190,182,199,126.9,113.0,42.483996987100916
90,Q,158,68,13,64,171,150,107,179,175,131,158,74,57,42,170,205,182,198,184,190,133.8,158.0,58.087520174302504
91,E,96,196,117,52,140,96,73,118,130,123,96,183,133,81,85,194,159,191,203,198,133.2,126.5,46.51300893298562
92,A,62,26,13,63,49,2,0,7,2,1,62,10,15,62,62,82,106,98,98,97,45.85,55.5,37.085408181655495
93,Q,102,120,64,109,73,118,102,63,121,116,102,127,126,101,69,189,152,193,184,194,121.25,117.0,40.87159771773059
94,A,41,52,111,38,72,62,41,61,64,59,41,62,98,24,73,82,104,100,106,103,69.7,63.0,25.89806942611746
95,T,51,21,52,79,144,27,17,26,23,30,51,24,65,81,145,131,127,133,136,132,74.75,58.5,47.94880081920715
96,A,56,35,31,76,55,35,33,19,29,29,56,41,17,83,46,103,102,107,106,101,58.0,50.5,30.99193443462347
97,A,55,93,59,83,10,49,50,19,53,40,55,79,76,79,17,103,98,98,103,106,66.25,67.5,29.38345622965413
98,A,88,47,103,50,28,35,31,40,33,42,88,49,93,81,20,110,106,114,106,107,68.55,65.5,32.61514218886681
99,G,63,47,5,36,31,7,12,20,4,15,63,45,36,16,43,79,63,75,76,79,40.75,39.5,25.81641919399358
100,E,179,101,136,185,90,146,162,139,155,124,179,109,109,214,115,205,206,202,202,205,158.15,158.5,40.02158792451893
101,G,44,54,9,73,6,51,50,17,47,50,44,23,1,57,9,80,83,79,79,78,46.7,50.0,26.86093818167936
102,D,137,163,58,73,16,83,62,32,79,59,137,160,76,91,4,139,138,163,134,159,98.15,87.0,49.85506493827884
103,N,110,129,106,145,29,48,94,112,41,45,110,76,69,111,47,140,147,164,139,156,100.9,110.0,41.56067853151582
104,G,67,28,55,28,2,62,17,16,24,19,67,37,75,45,5,77,69,70,69,72,45.2,50.0,25.118917174114017
105,P,54,97,92,110,24,70,112,101,90,103,54,78,45,83,35,130,139,125,133,131,90.3,94.5,33.59479126293242
106,G,49,17,79,66,26,73,42,61,33,8,49,16,72,24,33,72,76,81,72,68,50.85,55.0,23.505903513798398
107,L,149,48,159,50,68,125,65,102,107,67,149,34,153,53,76,149,172,149,151,155,109.05,116.0,45.512058841586146
108,Q,76,125,123,182,172,85,116,106,155,95,76,164,170,164,161,180,193,188,172,170,143.65,162.5,38.317456857155854
109,G,47,36,58,57,26,15,57,64,51,21,47,41,74,45,20,73,70,71,77,71,51.05,54.0,19.124526137920384
110,P,57,93,115,105,90,126,82,133,131,91,57,72,133,127,85,119,118,131,132,121,105.9,116.5,24.969781737131786
111,S,88,92,63,103,60,89,84,110,122,79,88,79,79,101,51,114,111,127,105,112,92.85,90.5,20.259010341080337
112,R,199,129,158,109,101,209,101,238,237,189,199,183,176,128,87,254,212,255,227,251,182.1,194.0,54.55721767099199
113,E,118,159,100,155,134,175,154,167,163,163,118,182,106,199,137,174,145,189,175,186,154.95,161.0,27.62331442821444
114,P,41,110,81,38,55,109,27,108,62,96,41,106,84,20,49,98,118,116,118,111,79.4,90.0,33.21204600743531
115,P,76,36,74,105,72,129,117,126,112,129,76,35,76,97,67,125,128,127,129,128,98.2,108.5,30.920219921598232
116,L,114,123,53,130,148,148,81,146,122,134,114,144,56,124,122,171,173,173,173,179,131.4,132.0,35.52238730716166
117,A,51,82,43,20,90,91,53,73,52,60,51,80,75,13,77,84,95,99,81,79,67.45,76.0,23.25397815428577
118,D,81,108,175,89,142,96,153,139,124,123,81,84,155,92,147,156,160,137,145,142,126.45,138.0,29.328271343534727
119,N,9,76,66,133,30,99,131,123,71,125,9,103,99,130,24,137,146,170,149,158,99.4,113.0,49.02489163680018
120,L,110,94,5,138,31,165,106,142,105,98,110,131,7,148,21,173,159,129,156,139,108.35,119.5,51.2779436015135
121,Y,182,117,110,129,82,161,208,160,112,200,182,116,43,123,109,180,187,196,195,228,151.0,160.5,47.3392015141785
122,D,78,76,96,174,81,98,93,110,110,70,78,46,128,169,125,164,133,128,134,132,111.15,110.0,34.13103426502045
123,E,102,47,33,114,121,86,178,164,121,129,102,36,26,92,138,169,170,176,181,198,119.15,121.0,52.41590884454833
124,D,113,66,132,103,90,113,147,122,94,121,113,43,121,96,105,138,148,142,142,140,114.45,117.0,26.829973909789775
125,D,78,12,58,85,88,104,96,98,116,107,78,15,69,87,79,142,148,133,137,166,94.8,92.0,38.93789927564147
126,D,17,46,121,82,123,63,143,113,99,113,17,68,137,109,108,150,171,138,149,147,105.7,113.0,43.028014130331414
127,D,129,93,103,104,114,30,95,100,35,91,129,80,90,98,112,149,144,143,157,168,108.2,103.5,35.03227083704395
128,E,66,98,33,158,110,122,142,129,129,123,66,79,55,142,108,181,186,195,188,186,124.8,126.0,47.35145193127662
129,G,22,34,38,19,14,36,26,34,31,29,22,38,47,23,11,83,77,71,79,67,40.05,34.0,22.211427239148772
130,E,75,80,143,78,124,6,124,120,108,125,75,80,167,101,117,184,200,184,171,198,123.0,122.0,49.20162598939186
131,E,68,110,64,85,126,110,142,123,80,135,68,88,54,107,121,183,190,192,189,176,120.55,115.5,44.618914150839665
132,E,87,103,67,67,61,142,142,142,151,148,87,75,97,107,92,177,197,193,182,195,125.6,124.5,45.61732127163978
133,E,79,33,100,84,145,64,141,151,142,143,79,28,117,54,145,181,191,190,170,188,121.25,141.5,51.48385669314217
134,E,98,26,75,148,137,51,104,172,55,134,98,20,73,158,135,176,200,187,173,164,119.2,134.5,53.70251390763751
135,A,54,70,26,65,68,59,60,76,62,61,54,62,11,83,66,68,90,107,65,74,64.05,65.0,19.640455697361
136,A,46,29,39,27,43,51,45,41,47,50,46,22,44,33,50,72,92,105,91,93,53.3,46.0,23.433096252949586
137,A,9,11,44,30,52,24,14,108,20,40,9,14,20,17,55,72,103,110,83,94,46.45,35.0,35.09626048455875
138,A,94,0,15,71,40,49,50,77,62,56,94,2,36,61,43,73,97,97,73,92,59.1,61.5,29.412412345810736
139,A,84,19,12,83,55,86,91,43,92,78,84,13,3,69,47,84,93,104,87,76,65.15,80.5,30.60110292130008
140,I,98,58,141,97,74,131,125,159,102,74,98,81,128,101,67,138,177,164,125,162,115.0,113.5,34.320547781176224
141,G,73,37,20,20,26,36,15,70,41,53,73,12,7,4,35,53,61,71,67,71,42.25,39.0,23.714710624420448
142,Y,136,175,101,170,168,141,128,147,165,164,136,187,20,193,165,216,227,209,231,197,163.8,166.5,47.01446585892474
143,R,168,147,97,42,194,137,115,153,122,151,168,172,92,105,215,198,186,238,240,218,157.9,160.5,51.07435755836778
144,D,60,99,76,19,74,68,105,115,84,72,60,98,132,24,76,119,138,133,138,149,91.95,91.0,36.16002627211435
145,N,23,87,113,35,62,98,105,88,123,111,23,81,67,41,68,101,108,156,144,145,88.95,93.0,38.316412932319224
146,L,55,120,72,39,42,127,85,52,142,133,55,95,127,13,38,135,99,136,146,139,92.5,97.0,42.208411483968455
147,L,113,40,46,61,108,111,102,102,108,100,113,27,24,116,117,17,24,165,169,168,91.55,105.0,47.50207890187544
148,F,127,24,85,121,190,25,75,139,101,85,127,21,77,69,183,164,176,187,168,181,116.25,124.0,55.66046622154723
149,G,4,16,34,20,64,16,12,22,23,34,4,8,27,36,57,72,74,67,59,70,35.95,30.5,24.009321106603576
150,D,84,3,146,45,93,93,89,121,120,111,84,4,161,70,85,61,62,156,176,166,96.5,91.0,48.11080959618119
151,E,41,70,56,23,121,76,115,133,116,42,41,55,59,21,126,29,33,181,187,177,85.1,64.5,53.595615492314295
152,I,5,17,15,59,22,1,7,82,82,48,5,20,20,46,40,82,79,144,134,148,52.8,43.0,46.179649197454935
153,I,37,64,49,23,18,64,62,34,36,76,37,56,68,7,29,48,50,144,128,147,58.85,49.5,38.19198214285297
154,T,90,53,121,3,58,114,114,48,81,97,90,48,88,8,67,46,33,115,143,120,76.85,84.5,38.11203878041688
155,N,73,146,101,50,46,74,115,10,73,140,73,148,107,39,57,52,33,161,145,146,89.45,73.5,45.09598097391828
156,G,0,21,51,34,8,56,28,14,15,35,0,29,29,13,0,68,85,53,59,63,33.05,29.0,24.434555449199397
157,F,10,34,30,124,99,41,30,66,102,7,10,58,91,182,53,148,138,213,205,208,92.45,78.5,68.21544912994418
158,H,73,20,89,20,61,98,94,6,45,81,73,9,67,36,65,122,136,195,175,188,82.65,73.0,55.229770052029004
159,S,13,67,12,64,76,17,12,20,9,6,13,44,0,78,67,88,87,103,98,111,49.25,54.0,37.17374745704285
160,C,21,77,16,41,39,70,21,47,73,29,21,78,6,68,26,128,120,110,108,119,60.9,57.5,38.69224728547051
161,E,147,160,118,128,19,147,86,180,122,98,147,132,92,154,33,158,170,195,199,192,133.85,147.0,48.01590882197275
162,S,12,68,72,29,116,38,55,35,41,91,12,68,56,13,116,94,98,86,91,106,64.85,68.0,33.672355129987565
163,D,46,53,146,1,79,94,56,54,60,37,46,89,147,0,89,137,117,147,150,155,85.15,84.0,48.72809764396718
164,E,99,174,111,49,137,166,102,131,166,148,99,194,104,45,139,150,134,168,176,170,133.1,138.0,39.99487467163762
165,E,52,83,93,0,138,129,120,42,140,148,52,72,71,19,128,178,188,178,172,186,109.45,124.0,56.822068776136625
166,D,0,101,20,66,79,33,55,12,29,54,0,66,9,91,51,162,115,121,122,108,64.7,60.5,45.534712033788026
167,R,10,142,137,97,102,182,141,170,161,179,10,179,97,94,121,200,184,217,226,212,143.05,151.5,59.765771976943455
168,A,6,64,35,3,30,47,69,23,73,46,6,47,47,20,28,90,97,80,66,84,48.05,47.0,28.278039182376137
169,S,0,2,47,63,1,2,65,19,47,26,0,15,43,33,0,119,87,82,91,41,39.15,37.0,35.05891470082895
170,H,22,123,102,126,21,81,46,4,78,21,22,107,22,174,11,200,157,144,138,158,87.85,91.5,61.402992598081084
171,A,1,30,75,62,23,34,28,4,11,17,1,17,38,106,13,103,102,9,11,25,35.5,24.0,33.94038891939808
172,S,6,18,26,84,103,20,5,10,61,43,6,47,41,61,86,111,90,52,56,58,49.2,49.5,32.443181101735384
173,S,2,65,72,31,24,26,46,3,39,54,2,78,7,87,20,109,99,50,35,47,44.8,42.5,31.439783714268774
174,S,31,63,112,94,85,9,10,19,6,11,31,67,95,88,73,79,87,66,66,52,57.2,66.0,32.84143724016962
175,D,108,115,102,84,65,16,86,20,97,24,108,135,80,64,65,88,85,68,56,54,76.0,82.0,31.101446911679204
176,W,126,149,165,151,42,128,23,32,12,130,126,195,182,148,40,209,179,5,4,6,102.6,127.0,70.93687334524972
177,T,69,84,34,105,6,28,34,53,36,24,69,92,52,62,1,75,111,28,29,25,50.85,44.0,30.749430889042486
178,P,80,114,90,50,84,29,11,1,45,97,80,117,111,60,66,127,131,35,39,38,70.25,73.0,37.81120865563543
179,R,139,167,173,71,68,207,55,161,149,114,139,183,141,96,40,102,97,211,205,175,134.65,140.0,50.830379695611164
180,P,97,87,25,25,77,93,17,45,119,82,97,58,51,3,74,59,63,77,85,84,65.9,75.5,29.721877464251815
181,R,128,81,105,182,193,149,219,186,184,199,128,157,88,150,165,165,177,136,135,143,153.5,153.5,35.734437172005386
182,I,97,119,142,139,112,43,72,80,28,63,97,128,125,73,107,19,20,139,134,140,93.85,102.0,40.90388123393671
183,G,59,26,11,26,46,0,19,4,15,13,59,24,46,29,44,26,25,42,40,41,29.75,26.0,16.485978891166884
184,P,88,63,69,43,78,4,25,0,34,15,88,96,16,33,78,6,9,14,12,11,39.1,29.0,32.26437664049934
185,Y,219,57,210,175,130,123,144,51,153,146,219,166,222,145,127,150,150,105,109,122,146.15,145.5,46.67684115276011
186,T,10,47,75,27,51,60,58,32,50,67,10,68,29,38,42,69,73,80,83,87,52.8,54.5,22.58893534454424
187,F,145,140,74,67,79,47,47,30,53,39,145,116,41,108,56,28,28,73,72,75,73.15,69.5,37.50236659198989
188,V,51,110,50,66,16,4,1,2,7,3,51,76,6,28,24,4,5,8,2,10,26.2,9.0,30.120756962599724
189,Q,36,150,182,33,85,104,52,67,108,104,36,133,186,22,43,120,121,122,108,125,96.85,106.0,47.56708420746431
190,Q,10,127,118,7,55,79,80,80,92,84,10,156,83,13,21,30,35,119,109,121,71.45,80.0,44.96051045083897
191,H,91,119,91,12,120,54,61,44,65,45,91,92,111,24,100,32,33,44,45,46,66.0,57.5,32.2505813901083
192,L,70,119,18,16,34,77,33,46,54,66,70,92,32,20,43,79,78,89,77,89,60.1,68.0,28.01410359087008
193,M,43,87,31,31,82,144,143,147,148,144,43,101,9,14,76,120,134,169,169,157,99.6,110.5,53.53727673313241
194,I,128,64,43,92,115,122,121,126,126,122,128,37,42,58,97,92,90,113,111,113,97.0,112.0,30.587579178483544
195,G,45,75,15,44,14,65,68,65,66,67,45,68,23,26,14,66,66,66,65,65,51.4,65.0,20.802403707264215
196,T,115,77,66,132,59,44,42,47,38,42,115,80,15,134,64,35,32,35,35,33,62.0,45.5,34.88696031470784
197,D,58,96,137,55,50,77,56,79,81,77,58,101,54,38,60,76,78,72,73,69,72.25,72.5,21.127884418464618
198,P,33,27,37,25,74,4,6,7,4,4,33,45,64,44,56,1,1,1,1,1,23.4,16.0,23.191377708105225
199,R,203,67,125,159,126,78,111,77,73,89,203,113,141,193,128,68,65,66,66,69,111.0,100.0,46.61437546508588
200,T,73,9,77,66,37,63,65,65,63,73,73,18,47,54,43,74,69,70,69,70,58.9,65.5,18.468622038473796
201,I,2,33,64,62,36,12,15,10,9,7,2,49,78,48,43,13,15,15,16,15,27.2,15.0,22.2184607927732
202,L,13,3,82,5,60,0,9,6,6,4,13,11,49,2,60,4,6,5,3,6,17.35,6.0,23.55053077958117
203,K,101,124,108,80,112,97,97,101,102,94,101,66,82,74,127,145,145,144,147,148,109.75,101.5,25.22672194320935
204,D,145,140,116,97,122,122,122,72,124,124,145,145,96,88,129,120,127,137,133,134,121.9,124.0,19.338821060240463
205,L,62,105,112,69,89,58,58,0,61,53,62,96,80,112,88,61,60,63,61,63,70.65,62.5,24.751313096480356
206,L,29,50,60,11,50,2,76,12,71,53,29,53,51,4,57,52,51,70,63,65,45.45,51.5,22.290076267253998
207,P,14,118,27,11,127,89,106,66,109,66,14,122,32,2,141,106,106,101,105,93,77.75,97.0,43.751428548105714
208,E,7,178,123,86,165,53,144,166,173,49,7,173,88,87,162,190,191,149,191,182,128.2,155.5,60.0546417856272
209,T,0,64,78,36,46,18,67,25,34,59,0,91,29,32,39,86,84,65,67,77,49.85,52.5,27.13719771826118
210,I,15,98,21,32,42,118,131,129,95,96,15,100,5,1,37,159,159,159,163,158,86.65,97.0,58.247982797690085
211,P,64,50,28,83,30,5,19,15,17,21,64,79,79,78,34,25,23,26,26,29,39.75,28.5,24.57005290999594
212,P,67,35,53,98,65,35,66,27,55,70,67,32,29,90,81,59,59,68,69,67,59.6,65.5,19.228624495787525
213,P,40,136,93,59,99,110,100,105,33,93,40,123,99,78,102,102,108,109,114,103,92.3,101.0,27.45560052156936
214,E,1,164,187,141,128,78,198,115,111,141,1,156,158,99,116,143,132,175,183,158,129.25,141.0,52.078666457581264
215,L,33,26,89,6,14,3,61,4,31,47,33,55,38,11,11,53,54,54,55,52,36.5,35.5,22.758514890036214
216,D,1,40,107,135,76,66,75,64,78,79,1,64,141,123,67,85,80,87,86,82,76.85,78.5,34.81705760112419
217,D,24,125,121,108,115,85,80,88,80,78,24,99,139,46,111,91,92,91,90,77,88.2,90.5,29.31654822792069
218,M,75,115,36,78,59,119,98,110,99,113,75,113,8,80,54,122,117,123,123,112,91.45,104.5,31.648815143698513
219,T,3,1,42,76,111,14,49,37,44,60,3,6,32,18,106,55,57,58,57,55,44.2,46.5,30.69299594370025
220,L,22,67,69,51,30,0,1,0,0,0,22,58,134,22,24,0,0,0,0,0,25.0,11.5,34.351128074635334
221,W,54,195,146,47,80,8,56,19,72,8,54,187,70,20,96,8,7,11,7,13,57.9,50.5,57.21879061986543
222,Q,124,79,102,39,13,90,104,79,104,103,124,105,129,54,11,84,85,100,92,94,85.75,93.0,32.32007889841855
223,I,32,90,109,63,11,14,62,10,44,59,32,77,84,52,11,54,57,57,57,57,51.6,57.0,26.595864340156346
224,V,9,116,18,49,49,0,0,1,0,0,9,88,14,78,34,0,0,0,0,0,23.25,5.0,33.995404101142846
225,I,120,83,91,104,95,24,29,0,7,6,120,127,90,78,101,14,12,18,17,18,57.7,53.5,45.01010997542663
226,N,134,95,102,50,71,100,99,19,101,92,134,61,111,97,62,85,89,86,87,92,88.35,92.0,25.94662791192721
227,I,32,106,102,66,23,26,50,0,47,48,32,80,92,90,19,23,19,56,49,55,50.75,48.5,29.603842655979648
228,L,27,34,65,120,68,58,26,14,41,28,27,57,63,130,72,22,22,45,46,44,50.45,44.5,30.00579110771786
229,S,133,62,63,64,68,32,23,7,32,28,133,83,68,89,60,46,42,7,9,12,53.05,53.0,36.209770780826545
230,E,63,146,143,181,81,68,98,46,100,89,63,117,102,190,64,38,46,95,98,108,96.8,96.5,41.24754538151331
231,P,91,70,54,65,94,13,30,12,26,31,91,70,24,37,99,26,34,47,50,43,50.35,45.0,27.039369445310665
232,P,114,107,54,39,53,20,71,4,60,70,114,118,62,25,56,61,67,71,62,68,64.8,62.0,29.925908507512347
233,K,148,185,176,82,19,22,177,38,175,91,148,190,199,103,24,124,121,107,136,130,119.75,127.0,57.098051630506625
234,R,63,72,119,148,151,11,23,6,22,23,63,108,157,138,182,6,6,16,11,14,66.95,43.0,60.484274815856054
235,K,133,151,117,167,37,51,153,57,124,63,133,133,169,75,42,175,166,183,161,183,123.65,133.0,49.326742239884446
236,K,8,52,58,131,169,28,114,58,79,84,8,36,99,130,169,57,58,51,53,52,74.7,58.0,45.848773156977714
237,R,38,96,110,62,108,69,99,101,92,100,38,79,179,62,161,72,79,73,73,77,88.4,79.0,33.69480672151125
238,K,7,13,3,87,116,129,167,78,86,125,7,5,28,31,119,194,195,184,169,197,97.0,101.5,70.5599036280521
239,D,6,141,73,91,128,108,105,108,99,106,6,61,75,73,119,100,98,99,97,97,89.5,98.5,33.309908435779285
240,I,2,81,10,95,49,15,15,16,14,12,2,76,21,108,38,12,12,8,9,10,30.25,14.5,32.169667390260656
241,N,71,59,70,103,118,43,51,36,34,47,71,63,132,130,99,37,35,41,39,40,65.95,55.0,32.10058410683519
242,T,6,77,62,42,57,14,35,35,38,25,6,62,57,42,58,41,41,40,38,38,40.7,40.5,18.04743749123404
243,I,20,24,23,14,31,5,0,5,4,0,20,55,9,23,37,0,0,0,0,0,13.5,7.0,14.97831766254141
244,E,91,69,38,106,110,81,123,126,111,100,91,92,45,66,110,91,89,92,88,92,90.55,91.5,22.161847847144877
245,D,17,15,0,77,83,34,43,22,37,34,17,37,9,61,90,46,47,44,43,44,40.0,40.0,23.400854685246006
246,A,0,6,9,0,4,0,0,0,0,1,0,7,3,0,7,0,1,1,1,1,2.05,1.0,2.836811590500856
247,V,4,3,6,5,12,10,12,10,10,14,4,13,3,3,11,13,13,13,13,13,9.25,10.5,4.048147724577254
248,K,75,106,27,104,111,103,106,102,107,93,75,101,33,95,122,108,110,107,111,109,95.25,105.0,24.353387854670242
249,L,3,28,2,79,64,30,29,25,30,30,3,9,8,65,59,23,24,20,22,21,28.7,24.5,21.349707257946182
250,L,30,38,8,0,12,4,5,8,9,7,30,47,14,4,6,9,9,8,2,9,12.95,8.5,12.451807097766972
251,Q,71,105,32,58,15,97,101,99,94,116,71,126,32,40,16,106,106,105,110,99,79.95,98.0,34.450653114273464
252,E,82,153,37,103,97,116,115,148,150,145,82,142,60,155,75,119,117,119,117,119,112.55,117.0,31.84254229800127
253,C,27,58,15,36,8,9,11,8,10,10,27,36,29,25,11,12,14,13,13,12,19.2,13.0,12.659383871263245
254,K,188,152,98,72,132,152,154,151,147,151,188,96,141,70,115,149,151,143,150,149,137.45,149.0,31.27215214851706
255,K,56,74,36,0,77,84,79,85,87,86,56,66,89,0,65,79,82,76,86,87,67.5,78.0,26.02210598702572
256,I,15,8,34,0,9,1,1,1,2,1,15,15,3,0,5,3,3,4,3,4,6.35,3.0,7.970414041942866
257,I,0,2,1,4,2,0,0,0,1,0,0,0,0,5,7,0,0,0,0,0,1.1,0.0,1.946792233393178
258,V,4,1,1,0,4,5,6,6,6,4,4,7,0,0,1,3,3,4,5,3,3.35,4.0,2.1511624764298953
259,L,1,4,7,23,4,0,0,0,0,1,1,1,1,9,14,0,0,0,0,0,3.3,1.0,5.806031346797914
260,T,3,1,7,1,0,0,0,0,2,0,3,1,0,2,1,1,1,0,1,0,1.2,1.0,1.630950643030009
261,G,3,2,1,2,0,2,3,0,3,0,3,0,0,2,1,3,1,2,2,2,1.6,2.0,1.1135528725660044
262,A,74,45,64,25,22,24,25,12,32,15,74,42,61,26,21,24,27,70,20,71,38.7,26.5,21.29577422870556
263,G,19,13,11,4,10,8,13,8,12,10,19,14,28,7,7,23,24,22,16,22,14.5,13.0,6.599242380758567
264,V,10,1,3,3,1,0,0,0,0,0,10,6,1,5,1,1,1,1,1,1,2.3,1.0,3.0182776545573136
265,S,18,31,4,13,3,2,3,4,4,4,18,7,1,9,3,1,1,3,0,4,6.65,4.0,7.571492587330454
266,V,15,20,35,57,15,34,40,52,59,58,15,52,54,59,11,49,55,65,36,76,42.85,50.5,18.81030302786215
267,S,53,29,35,20,72,49,52,43,58,40,53,11,70,34,69,74,73,73,75,73,52.8,53.0,19.306993551560534
268,C,49,30,27,8,53,19,16,24,17,20,49,14,17,5,41,21,21,23,24,21,24.95,21.0,12.951737335199475
269,G,48,74,48,8,0,63,49,55,49,52,48,64,27,24,7,52,50,52,54,51,43.75,49.5,19.423889929671656
270,I,37,54,28,34,11,10,8,7,9,9,37,37,23,26,10,13,12,31,12,38,22.3,18.0,13.565028566132842
271,P,53,67,74,17,9,33,31,22,36,27,53,54,20,55,5,47,47,50,39,49,39.4,43.0,18.263077506269305
272,D,30,46,60,83,31,42,48,40,53,48,30,47,61,21,14,31,30,93,18,97,46.15,44.0,22.760217485779876
273,F,76,90,46,73,84,28,37,44,75,39,76,31,45,52,73,50,46,38,48,38,54.45,47.0,18.59966397545934
274,R,82,167,128,206,156,137,139,126,148,125,82,177,162,90,86,103,109,143,85,168,130.95,132.5,34.99067732982601
275,S,95,30,55,48,18,17,48,51,55,48,95,53,31,65,22,42,49,48,15,46,46.55,48.0,21.303696862281907
276,R,127,195,188,87,163,129,199,209,214,211,127,190,150,235,172,223,225,227,162,236,183.45,192.5,41.32732147139468
277,D,127,132,119,136,108,70,113,108,104,104,127,183,112,128,114,128,131,139,107,151,122.05,123.0,21.878014078064766
278,G,42,25,23,39,0,3,3,2,2,3,42,27,25,43,0,1,1,1,0,3,14.25,3.0,16.419119952055894
279,I,1,50,35,13,5,8,0,1,1,0,1,11,26,55,8,2,2,2,4,2,11.35,3.0,16.32260702216407
280,Y,115,26,82,63,135,41,33,43,22,55,115,86,107,119,134,32,35,47,38,44,68.6,51.0,37.98210104773037
281,A,57,57,28,46,4,29,34,31,29,31,57,41,42,55,4,48,50,36,53,36,38.4,38.5,15.20328911781921
282,R,83,131,86,75,10,95,90,104,113,121,83,89,115,78,9,87,85,108,96,115,88.65,89.5,30.368198827062496
283,L,12,4,16,6,38,8,4,8,0,0,12,0,24,13,35,10,12,4,11,5,11.1,9.0,10.236698686588367
284,A,60,35,36,54,56,44,46,49,42,47,60,47,72,21,58,63,67,32,68,31,49.4,48.0,13.521834195108296
285,V,110,124,98,118,12,97,114,112,116,112,110,121,111,116,19,120,124,121,116,122,104.65,115.0,30.578219372618804
286,D,36,16,49,48,5,80,75,77,84,81,36,11,40,61,3,80,82,85,81,87,55.85,68.0,28.891651043164696
287,F,71,45,42,9,33,32,36,27,32,23,71,33,30,31,37,36,34,27,49,27,36.25,33.0,14.127544018689164
288,P,61,128,80,108,39,95,96,95,97,97,61,87,69,119,42,109,112,105,98,107,90.25,96.5,23.82409494608347
289,D,158,131,88,134,115,140,131,132,136,126,158,120,137,153,96,129,124,123,150,125,130.3,131.0,17.427277469530342
290,L,37,11,43,32,29,4,16,22,10,19,37,5,48,48,31,19,21,4,22,7,23.25,21.5,14.00669482783144
291,P,74,101,123,80,37,124,103,100,73,102,74,109,99,47,34,103,104,92,98,93,88.5,98.5,24.812295339206326
292,D,70,76,84,123,72,73,70,72,59,69,70,80,84,111,59,67,72,62,71,64,75.4,71.5,15.50612782096162
293,P,21,19,16,50,37,28,32,29,37,49,21,26,23,52,37,36,42,29,49,29,33.1,30.5,10.714009520249643
294,Q,56,132,91,85,74,88,94,72,115,76,56,81,77,48,75,77,75,101,84,94,82.55,79.0,18.99861837081844
295,A,12,6,26,26,4,16,4,4,3,2,12,9,17,5,3,8,7,9,5,9,9.35,7.5,6.886762664706835
296,M,34,6,6,6,20,3,3,2,1,1,34,4,12,9,16,3,3,2,2,2,8.45,3.5,9.856343135260662
297,F,117,46,33,55,105,24,18,9,32,15,117,42,28,62,88,17,18,32,18,33,45.45,32.5,33.71568626025577
298,D,5,36,52,52,18,66,50,45,62,40,5,49,34,70,21,39,32,50,51,53,41.5,47.0,17.763727086397157
299,I,11,13,45,30,96,26,20,26,19,17,11,32,31,27,107,10,8,3,5,2,26.95,19.5,27.196461166850362
300,E,80,129,114,72,60,114,103,108,112,95,80,50,152,102,50,93,91,117,101,115,96.9,101.5,25.317780313447702
301,Y,54,81,20,43,17,46,75,89,36,71,54,90,126,74,6,31,26,29,47,27,52.1,46.5,29.619081687317717
302,F,11,16,24,1,17,1,1,2,1,1,11,30,7,2,25,1,2,1,2,1,7.85,2.0,9.296639177681362
303,R,106,201,102,112,149,105,116,98,108,114,106,188,143,137,158,109,106,102,86,102,122.4,108.5,29.98232812841591
304,K,133,133,115,141,97,158,158,156,151,159,133,141,154,127,69,178,173,168,174,160,143.9,152.5,26.44220111866635
305,D,93,53,91,77,4,32,48,50,31,46,93,40,70,76,5,21,20,20,30,24,46.2,43.0,27.899103928262644
306,P,42,44,83,36,1,20,18,18,18,17,42,49,30,44,0,15,16,15,14,16,26.9,18.0,19.018149226462597
307,R,126,142,124,75,51,137,151,135,146,136,126,129,66,99,60,153,149,144,164,144,122.85,135.5,32.907863801833145
308,P,12,16,17,9,2,0,4,2,0,2,12,2,28,14,4,1,1,1,1,0,6.4,2.0,7.505997601918083
309,F,52,17,18,9,12,3,11,0,10,10,52,29,24,14,12,2,2,2,2,2,14.15,10.5,14.745423018686173
310,F,22,29,64,7,3,1,2,1,2,2,22,53,22,21,9,4,5,4,4,4,14.05,4.5,17.22345784097955
311,K,58,91,93,70,48,41,71,45,40,35,58,58,51,37,42,67,66,54,70,58,57.65,58.0,15.947648729514954
312,F,9,12,20,22,9,4,8,2,12,6,9,16,20,15,15,3,3,8,10,11,10.7,9.5,5.7192656871315215
313,A,21,6,12,9,9,0,3,0,1,1,21,10,12,15,6,0,0,0,0,0,6.3,4.5,6.878226515607058
314,K,53,111,52,60,128,55,86,77,84,77,53,67,51,91,106,73,69,72,86,70,76.05,72.5,20.57541008096801
315,E,96,53,15,50,18,56,50,46,49,44,96,89,21,22,17,71,77,59,79,57,53.25,51.5,25.24257316519059
316,I,45,62,6,34,14,2,1,1,11,3,45,60,14,69,25,6,5,10,11,12,21.8,11.5,21.818799233688363
317,Y,46,41,25,77,61,8,5,11,6,8,46,42,70,36,58,1,0,2,2,2,27.35,18.0,25.37178551068095
318,P,12,24,8,11,17,17,4,7,2,5,12,14,10,21,23,17,16,26,28,30,15.2,15.0,7.972452571197898
319,G,72,81,29,46,55,55,49,37,47,48,72,71,49,34,45,67,68,72,77,73,57.35,55.0,15.193008260380823
320,Q,103,62,32,34,132,106,122,107,123,125,103,59,53,97,146,93,91,91,95,93,93.35,96.0,30.499631145310595
321,F,109,46,15,28,43,16,30,33,31,29,109,59,47,17,64,41,40,45,52,44,44.9,42.0,24.983794747796015
322,Q,22,7,14,1,99,141,139,151,142,143,22,16,20,8,93,147,144,119,150,140,85.9,109.0,60.839871794736716
323,P,16,4,7,0,54,22,22,22,20,20,16,4,34,2,47,9,8,12,13,11,17.15,14.5,13.832118420545712
324,S,10,7,2,0,5,6,5,8,5,6,10,11,6,0,5,8,7,7,7,8,6.15,6.5,2.8683619018526927
325,L,0,11,13,10,48,10,9,26,4,8,0,1,17,7,66,12,10,14,20,15,15.05,10.5,15.589980756883568
326,C,17,0,5,1,0,0,0,0,0,0,17,4,3,0,3,0,0,0,0,0,2.5,0.0,5.06458290484024
327,H,6,4,1,0,2,0,0,0,1,0,6,14,1,2,2,1,1,1,1,1,2.2,1.0,3.2186953878862163
328,K,45,25,13,3,83,93,92,88,99,92,45,22,26,3,30,99,96,106,108,103,63.55,85.5,37.87278046301855
329,F,12,10,23,11,5,7,7,9,8,6,12,43,6,0,10,4,3,4,4,4,9.4,7.0,9.035485598461214
330,I,5,2,4,0,3,0,1,1,1,1,5,17,2,0,1,0,1,1,1,1,2.35,1.0,3.6779749863205975
331,A,4,23,2,0,9,2,3,2,4,3,4,24,1,3,15,16,1,16,16,15,8.15,4.0,7.630694594858321
332,L,37,60,9,14,30,22,20,38,29,25,37,65,16,3,28,16,25,24,23,21,27.1,24.5,14.700000000000003
333,S,26,15,13,1,1,4,3,4,6,4,26,16,2,0,1,4,5,6,5,6,7.4,4.5,7.565712127751096
334,D,19,30,27,0,39,4,3,5,16,4,19,26,12,0,49,18,19,14,10,9,16.15,15.0,12.768222272501367
335,K,137,184,52,89,121,148,147,154,155,150,137,171,57,33,96,173,145,185,183,171,134.4,147.5,44.63787629356935
336,E,122,85,78,2,35,112,115,94,86,85,122,133,77,0,42,82,85,80,77,99,80.55,85.0,35.51545438256422
337,G,36,36,41,0,55,45,47,44,51,45,36,38,65,0,57,44,55,41,34,41,40.55,42.5,15.653993100803385
338,K,189,65,131,0,24,34,37,30,33,29,189,96,53,0,6,32,31,26,24,39,53.4,32.5,54.1048981146809
339,L,41,15,31,0,20,7,7,7,5,7,41,19,0,0,36,0,3,1,0,4,12.2,7.0,13.919770113044253
340,L,12,41,43,28,23,12,20,20,18,25,12,5,33,4,31,3,7,9,30,31,20.35,20.0,11.900735271402352
341,R,19,58,99,43,39,22,57,87,79,26,19,77,76,13,31,51,47,67,64,65,51.95,54.0,24.448875229752392
342,N,2,10,9,0,1,0,0,0,0,0,2,8,3,0,2,0,0,0,0,0,1.85,0.0,3.150793550837631
343,Y,3,11,11,1,1,0,1,0,2,0,3,20,3,13,5,0,0,0,0,0,3.7,1.0,5.4598534778874805
344,T,3,7,3,0,1,0,1,0,4,0,3,7,0,0,0,0,0,0,0,0,1.45,0.0,2.2466641938660974
345,Q,24,59,51,20,26,20,19,23,22,22,24,62,29,21,34,26,27,25,19,24,28.85,24.0,12.59077042916755
346,N,28,27,36,60,5,19,16,15,27,15,28,26,7,40,7,10,9,13,9,13,20.5,15.5,13.384692749555366
347,I,43,49,0,53,14,15,12,9,7,14,43,34,15,29,17,11,11,24,18,26,22.2,16.0,14.613692209705249
348,D,0,35,8,13,9,2,5,2,7,9,0,36,19,8,5,11,11,17,14,20,11.55,9.0,9.76460444667371
349,T,46,23,25,33,14,9,15,15,16,17,46,21,21,24,14,11,9,7,13,8,19.35,15.5,10.946574806760335
350,L,4,13,17,12,10,0,0,0,0,0,4,22,2,1,14,5,5,4,5,4,6.1,4.0,6.252199612936233
351,E,1,4,1,1,0,1,2,0,4,3,1,18,1,0,1,1,1,1,0,1,2.1,1.0,3.8196858509568554
352,Q,89,69,91,79,85,95,88,95,95,96,89,51,79,83,78,95,93,93,98,91,86.6,90.0,10.992724866929036
353,V,95,66,28,19,67,84,90,83,83,87,95,80,33,22,44,79,77,76,81,76,68.25,78.0,24.055924426219832
354,A,12,15,6,0,15,16,16,15,20,17,12,15,9,1,0,26,15,25,26,26,14.35,15.0,7.957857751932992
355,G,26,23,10,10,21,17,17,18,25,17,26,39,1,5,26,44,33,48,45,46,24.85,24.0,13.565673591827279
356,I,13,173,81,0,7,3,3,3,4,4,13,175,19,12,10,8,8,8,6,7,27.85,8.0,51.44441174704985
357,Q,148,125,29,99,139,151,150,153,119,142,148,136,27,114,135,169,162,174,171,169,133.0,145.0,39.98749804626441
358,R,126,168,174,102,127,110,106,106,92,109,126,161,106,84,134,83,95,99,94,100,115.1,106.0,25.943978106682096
359,I,43,48,32,10,34,32,30,33,32,33,43,36,26,18,48,36,35,26,22,24,32.05,32.5,9.276179170326543
360,I,7,90,18,9,32,15,27,13,30,6,7,45,15,37,24,13,13,9,4,3,20.85,14.0,19.532728944005754
361,Q,36,65,47,52,23,34,43,30,35,29,36,42,27,46,25,23,29,20,34,33,35.45,34.0,10.82808847396437
362,C,5,7,5,10,27,0,0,0,0,0,5,8,13,19,15,0,0,0,0,0,5.7,2.5,7.490660852021001
363,H,54,49,59,49,42,46,51,40,47,43,54,42,46,55,46,34,28,32,30,33,44.0,46.0,8.683317338436964
364,G,9,50,9,10,15,2,7,4,9,2,9,28,8,11,5,6,6,7,8,7,10.6,8.0,10.494760597555334
365,S,15,26,14,16,17,10,1,8,9,10,15,15,15,22,16,4,4,7,9,7,12.0,12.0,6.058052492344384
366,F,21,11,14,49,11,4,6,2,4,3,21,26,19,18,16,2,2,3,5,3,12.0,8.5,11.379806676741042
367,A,51,17,80,72,46,13,28,29,27,28,51,22,45,59,46,30,34,35,44,36,39.65,35.5,16.84421265598366
368,T,64,80,23,81,23,16,48,41,40,23,64,73,62,58,37,29,26,32,29,30,43.95,38.5,20.170461075543116
369,A,2,6,15,8,0,0,0,1,0,0,2,4,1,1,1,1,1,1,1,1,2.3,1.0,3.55105618091294
370,S,4,12,1,19,16,30,14,22,18,31,4,6,11,9,19,20,16,17,19,21,15.45,16.5,7.8452214755225365
371,C,1,2,6,2,2,2,0,2,1,2,1,0,0,2,0,1,1,1,1,1,1.4,1.0,1.2806248474865694
372,L,21,19,54,32,54,20,17,12,11,13,21,18,17,55,44,26,26,24,18,27,26.45,21.0,13.756725627852
373,I,87,32,80,82,40,72,61,61,57,60,87,48,94,93,71,84,85,85,86,78,72.15,79.0,17.413428726129727
374,C,65,65,70,55,99,25,57,56,57,56,65,49,47,36,107,61,59,60,60,59,60.4,59.0,17.422399375516566
375,K,120,96,124,127,153,177,138,140,140,148,120,77,106,145,175,147,148,144,138,145,135.4,140.0,23.320377355437454
376,Y,100,110,181,97,159,58,83,84,77,87,100,159,116,118,152,64,81,68,87,67,102.4,92.0,34.45780027802123
377,K,134,143,89,156,145,105,126,121,120,117,134,142,160,127,138,104,100,109,103,102,123.75,123.5,19.544500505257226
378,V,12,33,103,14,20,9,24,23,23,24,12,18,21,17,20,22,21,21,24,22,24.15,21.0,18.826244978752403
379,D,120,143,12,127,132,80,116,113,117,113,120,137,105,70,134,91,106,90,91,89,105.3,113.0,28.927668416241225
380,C,51,27,27,22,40,16,3,0,2,2,51,32,35,21,58,20,7,21,25,20,24.0,21.5,16.531787562148264
381,E,164,117,127,65,156,100,128,136,129,140,164,153,119,137,140,102,130,108,104,113,126.6,128.5,23.698945124203313
382,A,31,40,57,11,47,62,67,73,71,68,31,46,48,35,58,68,69,69,67,68,54.3,60.0,16.920697385155258
383,V,1,8,7,13,8,6,4,8,5,6,1,10,1,4,5,6,7,6,7,8,6.05,6.0,2.906458325866724
384,R,94,59,73,54,74,95,92,96,90,95,94,81,28,70,71,53,67,71,69,80,75.3,73.5,17.447349368886954
385,G,31,27,27,4,31,32,46,40,37,36,31,39,25,23,35,39,40,40,39,39,33.05,35.5,8.885240570744271
386,D,57,50,58,51,33,61,56,62,61,60,57,54,67,76,38,64,63,63,61,62,57.7,60.5,9.252567211320326
387,I,10,15,19,12,10,1,1,0,0,0,10,17,6,13,14,0,0,0,0,0,6.4,3.5,6.71863081289633
388,F,63,144,109,93,115,42,57,43,50,60,63,175,81,109,106,57,59,59,60,55,80.0,61.5,35.02142201567492
389,N,130,92,117,123,130,107,94,117,121,121,130,118,141,151,141,125,123,120,120,121,122.1,121.0,13.69634987870856
390,Q,119,189,122,62,94,107,138,115,114,104,119,162,88,78,96,116,116,106,80,109,111.7,111.5,27.67327230379523
391,V,83,61,46,80,60,69,58,68,69,65,83,42,4,75,66,77,75,76,77,75,65.45,69.0,17.77772482631003
392,V,38,55,103,35,23,37,39,40,38,47,38,56,90,43,19,38,40,29,34,28,43.5,38.0,19.80530232033836
393,P,5,25,38,8,14,1,5,2,2,4,5,23,9,17,8,1,2,0,1,1,8.55,5.0,9.841112741961652
394,R,100,40,126,110,107,125,128,126,127,131,100,56,153,111,117,116,111,129,139,130,114.1,121.0,25.51254593332465
395,C,10,10,9,6,3,4,7,11,10,8,10,9,1,5,1,10,11,10,9,9,7.65,9.0,3.1348843678834473
396,P,73,97,98,82,97,39,85,75,90,89,73,81,99,81,94,105,105,102,98,99,88.1,92.0,15.13571934200684
397,R,173,120,237,143,215,103,161,149,163,167,173,177,189,164,233,172,179,174,178,175,172.25,173.0,31.09159854365806
398,C,64,14,49,57,23,5,11,11,10,12,64,21,43,42,18,23,23,20,21,20,27.55,21.0,18.131395423408538
399,P,38,8,52,53,38,60,82,79,80,81,38,6,34,56,47,84,82,86,82,82,58.4,58.0,24.88453334905037
400,A,42,19,55,54,79,48,78,79,78,76,42,9,57,54,81,82,82,108,94,102,65.95,77.0,25.22989298431525
401,D,154,118,141,109,99,158,152,152,153,158,154,153,114,120,111,139,139,139,140,141,137.2,140.5,18.106904760339354
402,E,134,120,27,71,88,74,89,90,90,83,134,89,124,74,138,65,65,63,67,68,87.65,85.5,28.29359468148224
403,P,56,74,56,69,86,106,107,106,105,94,56,105,30,63,103,91,93,86,88,84,82.9,87.0,21.217681305929734
404,L,132,140,104,99,100,61,48,52,50,60,132,123,106,122,83,56,56,55,58,62,84.95,72.5,31.78596388345019
405,A,1,56,2,0,0,1,1,1,1,1,1,44,1,0,4,2,1,2,2,2,6.15,1.0,14.765754298375686
406,I,16,113,40,5,29,11,8,8,7,14,16,116,5,10,33,10,9,4,8,5,23.35,10.0,31.85321804778915
407,M,5,32,35,2,3,3,5,4,4,4,5,57,10,1,0,4,4,3,3,3,9.35,4.0,14.238240762116646
408,K,26,42,6,29,18,11,5,11,7,11,26,9,9,11,15,11,13,11,11,13,14.75,11.0,8.977054082492764
409,P,16,11,9,17,9,3,10,0,10,7,16,24,8,9,11,2,1,2,2,2,8.45,9.0,6.216711349258545
410,E,70,35,57,27,63,60,57,70,70,57,70,51,69,32,33,74,75,67,74,70,59.05,65.0,15.121094537102797
411,I,52,12,2,0,9,2,10,3,8,6,52,16,12,19,8,4,5,5,5,4,11.7,7.0,14.220056258679145
412,V,26,27,23,28,19,25,24,26,24,24,26,28,24,47,4,25,22,25,26,24,24.85,25.0,7.0871362340510995
413,F,15,13,7,19,47,3,15,3,13,13,15,3,14,11,43,3,3,3,4,4,12.55,12.0,12.047717626173018
414,F,86,144,77,155,79,129,127,115,138,122,86,96,62,190,67,78,77,75,64,80,102.35,86.0,34.582184719881425
415,G,63,36,71,44,57,58,45,40,58,54,63,79,75,44,74,79,82,79,77,77,62.75,63.0,14.696513191910523
416,E,83,22,37,54,81,82,81,67,79,66,83,40,26,58,90,67,70,66,70,64,64.3,67.0,19.065938214522777
417,N,141,43,154,96,83,152,155,50,118,152,141,75,141,84,67,154,155,150,151,149,120.55,141.0,38.55966156490484
418,L,36,15,32,120,82,31,40,15,24,48,36,41,27,140,78,25,24,18,17,18,43.35,31.5,34.116381695601895
419,P,52,66,47,35,44,41,52,50,53,30,52,25,54,60,34,39,38,38,45,49,45.2,46.0,9.997999799959992
420,E,145,25,145,156,106,137,59,72,122,120,145,31,107,143,110,114,108,89,67,88,104.45,109.0,37.12610267722698
421,Q,99,109,104,92,160,50,107,85,148,56,99,114,107,84,155,82,84,82,108,110,101.75,101.5,27.667444768174743
422,F,8,12,13,10,26,4,1,2,2,1,8,13,39,65,28,9,9,0,0,1,12.55,8.5,15.739996823379604
423,H,96,53,113,91,101,64,48,4,58,50,96,78,105,122,73,85,85,18,19,23,69.1,75.5,33.36300346191871
424,R,145,33,118,104,122,72,30,84,124,24,145,135,173,75,161,149,153,123,113,104,109.35,120.0,42.85472552706411
425,A,12,3,4,0,7,0,3,4,10,0,12,14,19,8,3,11,11,9,10,10,7.5,8.5,5.07444578254611
426,M,2,24,41,31,18,4,2,10,2,5,2,36,20,34,38,22,20,0,0,0,15.55,14.0,14.21785848853476
427,K,62,39,154,132,142,59,29,31,81,38,62,104,136,92,147,166,163,94,79,93,95.15,92.5,44.70265652061407
428,Y,79,136,144,151,126,9,76,157,161,65,79,128,126,132,122,133,124,129,162,160,119.95,128.5,38.34119846848818
429,D,20,24,17,33,7,0,1,11,9,0,20,2,2,9,4,0,0,0,8,6,8.65,6.5,9.258914623215833
430,K,1,45,0,10,69,37,43,16,11,34,1,15,1,21,66,76,76,41,44,46,32.65,35.5,25.126231313111802
431,D,53,88,108,95,100,79,115,102,66,95,53,96,61,55,102,102,103,104,105,98,89.0,97.0,19.62906008957128
432,E,91,132,147,133,105,33,68,92,89,84,91,50,82,82,72,62,60,80,93,95,87.05,86.5,26.980502219195255
433,V,1,2,6,11,2,13,11,9,12,10,1,0,1,6,5,12,11,10,9,10,7.1,9.0,4.369210454990696
434,D,73,33,54,16,82,78,76,75,79,80,73,24,20,38,61,49,50,51,48,50,55.5,52.5,20.74969879299456
435,L,4,12,1,14,8,2,1,1,1,1,4,7,0,0,8,0,0,0,0,0,3.2,1.0,4.202380277890139
436,L,1,1,1,1,0,0,0,0,0,0,1,0,1,1,0,0,0,0,0,0,0.35,0.0,0.4769696007084727
437,I,8,13,3,3,4,4,4,8,7,10,8,24,1,0,7,4,3,4,4,4,6.15,4.0,5.091905340832644
438,V,5,0,4,24,0,0,0,0,0,0,5,4,3,12,0,0,0,0,0,0,2.85,0.0,5.694514904713129
439,I,9,2,8,3,3,1,1,1,1,1,9,9,0,0,3,0,0,0,0,0,2.55,1.0,3.2630507198019463
440,G,9,15,2,9,11,1,2,2,5,1,9,15,7,0,6,4,5,5,5,5,5.9,5.0,4.22965719651132
441,S,25,11,6,34,0,3,3,0,5,0,25,3,0,14,1,4,6,5,7,8,8.0,5.0,9.279008567729637
442,S,23,63,48,42,29,18,13,4,26,3,23,65,66,16,13,30,26,31,16,36,29.55,26.0,18.386068095163793
443,L,98,9,20,49,4,0,0,12,5,7,98,22,7,39,7,2,2,3,3,3,19.5,7.0,29.031879029783795
444,K,145,129,144,161,126,120,125,132,123,135,145,144,194,150,158,106,103,126,132,156,137.7,133.5,20.14720824332741
445,V,37,57,58,14,33,63,58,39,54,48,37,59,63,49,33,29,31,45,25,53,44.25,46.5,13.692607494557054
446,R,229,191,214,128,143,165,120,105,116,129,229,178,186,182,171,113,106,155,162,185,160.35,163.5,38.49711028116266
447,P,21,33,36,54,41,29,28,14,28,20,21,22,39,73,60,42,41,28,25,25,34.0,28.5,14.425671561490647
448,V,3,5,9,6,8,1,0,0,1,0,3,2,2,13,7,0,0,0,0,0,3.0,1.5,3.687817782917155
449,A,39,25,33,15,31,9,17,21,29,25,39,39,37,34,30,10,13,15,13,14,24.4,25.0,10.287856919689348
450,L,93,88,86,120,93,41,8,13,13,19,93,89,105,79,91,37,39,30,39,36,60.6,60.0,35.04197483019472
451,I,1,2,4,8,5,2,1,2,1,3,1,5,6,13,5,3,3,0,0,0,3.25,2.5,3.096368841078207
452,P,21,1,12,8,1,3,4,4,6,5,21,10,6,3,0,1,0,1,1,1,5.45,3.5,6.119436248544469
453,S,63,49,59,45,69,14,29,12,20,23,63,36,78,42,60,13,15,46,45,45,41.3,45.0,19.88240428117284
454,S,55,31,54,83,33,4,3,7,6,2,55,48,55,53,34,52,49,17,14,15,33.5,33.5,23.11168535611369
455,I,14,7,13,27,2,3,6,0,6,3,14,1,10,5,4,5,7,5,5,5,7.1,5.0,5.982474404458408
456,P,60,18,34,68,58,34,39,24,20,14,60,43,48,34,50,38,39,38,40,36,39.75,38.5,14.194629266028754
457,H,98,153,169,166,149,26,100,44,67,65,98,140,182,188,177,71,76,100,77,86,111.6,99.0,48.32639030591877
458,E,134,87,185,140,138,63,135,106,86,129,134,78,166,183,163,126,122,130,130,129,128.2,130.0,31.631629739866394
459,V,25,17,31,63,31,10,9,12,12,13,25,6,14,15,26,9,11,9,10,9,17.85,12.5,12.830724843125585
460,P,5,9,6,21,31,12,11,13,11,10,5,9,26,18,21,10,12,8,9,10,12.85,10.5,6.828433202426453
461,Q,19,11,11,16,1,1,3,2,1,2,19,5,13,16,0,3,3,3,2,2,6.65,3.0,6.482862022286144
462,I,7,21,12,9,4,1,1,1,1,3,7,23,11,0,6,3,4,4,4,3,6.25,4.0,6.179603547154137
463,L,0,0,1,3,0,0,0,1,0,0,0,1,4,5,1,0,0,0,0,0,0.8,0.0,1.4352700094407325
464,I,4,24,12,5,5,0,0,1,1,3,4,23,0,1,7,3,3,3,2,2,5.15,3.0,6.695334196289234
465,N,9,22,6,6,3,8,8,9,10,6,9,24,15,13,2,12,12,12,17,12,10.75,9.5,5.47608436750202
466,R,110,99,121,102,19,64,73,72,80,81,110,121,143,84,24,80,84,81,50,83,84.05,82.0,29.847068532772195
467,E,109,118,69,77,42,45,52,49,63,48,109,144,27,40,51,64,67,64,70,69,68.85,64.0,28.934883791022905
468,P,41,73,76,98,71,35,43,40,40,42,41,66,100,101,76,39,36,33,33,35,55.95,41.5,23.553078355068582
469,L,34,15,30,42,50,0,3,7,5,5,34,25,79,74,42,6,5,3,5,5,23.45,11.0,23.491434609235768
470,P,59,72,31,31,72,112,98,91,84,85,59,63,31,27,90,121,120,86,112,115,77.95,84.5,30.33393314425282
471,H,186,115,172,163,87,64,96,72,141,163,186,131,151,159,43,57,58,78,79,85,114.3,105.5,46.39515060865737
472,L,50,78,123,136,26,22,39,34,55,51,50,175,155,163,25,14,15,25,17,21,63.7,44.5,53.215693174100444
473,H,85,76,78,67,141,51,70,79,86,28,85,133,129,60,109,92,89,67,85,87,84.85,85.0,26.54293691361225
474,F,39,4,25,70,65,9,9,9,8,6,39,44,39,60,39,2,3,2,2,1,23.75,9.0,22.879849212789843
475,D,16,16,56,51,139,0,2,1,5,0,16,19,84,47,127,0,0,0,0,0,28.95,10.5,41.742634080757284
476,V,6,20,8,27,9,0,0,0,0,0,6,40,49,42,46,0,0,0,0,0,12.65,3.0,17.358787400046122
477,E,2,117,107,51,84,23,19,21,5,16,2,98,135,38,80,11,15,14,13,13,43.2,20.0,42.215636913352384
478,L,8,38,73,102,7,1,0,0,0,0,8,34,36,121,16,0,0,0,0,0,22.2,4.0,35.247127542538834
479,L,49,91,68,32,44,0,3,0,2,0,49,129,65,85,61,1,1,0,0,0,34.0,17.5,38.32362195826485
480,G,35,44,48,75,5,0,0,0,0,0,35,22,57,50,12,0,0,0,0,0,19.15,2.5,23.856393273083004
481,D,90,124,73,26,17,26,24,30,61,45,90,127,49,74,19,49,51,48,51,51,56.25,50.0,31.114104518690553
482,C,18,14,4,2,13,2,2,4,4,2,18,12,6,9,10,10,9,9,10,9,8.35,9.0,4.932291556670186
483,D,45,25,22,20,39,34,19,21,38,20,45,7,30,30,44,38,36,34,36,38,31.05,34.0,10.052238556659905
484,V,63,66,70,88,59,34,27,27,53,42,63,60,89,80,80,48,46,45,48,43,56.55,56.0,18.120361475423167
485,I,34,20,14,44,4,0,0,0,0,0,34,29,23,17,18,0,0,0,1,0,11.9,2.5,14.162979912433686
486,I,1,7,2,0,0,1,0,2,0,0,1,23,1,0,2,0,0,0,0,0,2.0,0.0,5.06951674225463
487,N,26,19,14,18,11,3,13,15,7,15,26,11,14,26,12,18,19,12,16,16,15.55,15.0,5.8006465156911595
488,E,70,92,100,73,114,4,1,6,8,6,70,112,111,66,93,1,1,1,0,1,46.5,37.0,45.48131484467
489,L,3,17,8,0,5,2,3,2,1,9,3,35,3,2,7,3,3,2,3,3,5.7,3.0,7.6557168181692825
490,C,0,0,3,0,11,0,0,1,0,0,0,5,0,1,2,0,0,0,0,0,1.15,0.0,2.5937424698685874
491,H,93,109,118,91,7,46,41,42,65,33,93,91,98,17,8,72,69,51,49,49,62.1,58.0,32.222507661570965
492,R,107,141,18,54,15,84,66,78,90,85,107,117,25,61,17,45,46,41,47,42,64.3,57.5,34.99585689763861
493,L,33,40,56,7,147,14,13,21,19,23,33,67,30,8,156,27,23,25,21,24,39.35,24.5,39.99284310973652
494,G,58,53,42,20,11,22,23,22,22,19,58,62,56,8,30,21,22,21,21,22,30.65,22.0,16.74895519129477
495,G,48,37,26,7,17,67,63,65,66,62,48,53,35,37,25,61,61,63,63,66,48.5,57.0,18.15626613596529
496,E,28,98,75,31,167,94,92,105,99,97,28,109,30,55,179,89,95,96,93,85,87.25,93.5,39.251592324388575
497,Y,62,33,35,28,98,22,19,18,17,8,62,36,9,20,115,15,15,14,9,22,32.85,21.0,28.759824408365226
498,A,19,62,2,31,86,42,33,38,40,31,19,50,0,15,72,41,40,45,44,47,37.85,40.0,20.60649169557982
499,K,19,152,22,26,112,155,156,151,153,152,19,166,27,29,168,142,142,145,141,146,111.15,143.5,58.31747165301322
500,L,20,6,112,22,2,33,41,19,41,43,20,13,125,2,29,46,47,47,46,39,37.65,36.0,30.81278143887695
501,C,45,31,20,7,65,20,12,1,27,12,45,30,19,4,74,27,26,28,28,29,27.5,27.0,18.090052515125542
502,C,34,65,65,91,76,97,95,95,87,93,34,61,40,36,64,114,112,106,113,108,79.3,89.0,27.063074474272135
503,N,92,110,140,70,18,70,84,80,72,82,92,74,110,36,50,70,75,70,74,75,77.2,74.5,25.31521281759251
504,P,87,34,27,15,32,104,97,103,114,98,87,22,35,1,26,106,103,112,110,112,71.25,92.0,39.74528273896161
505,V,18,16,17,5,30,69,89,79,71,83,18,4,13,0,27,64,62,61,62,62,42.5,45.5,29.24807685985525
506,K,21,111,44,18,142,128,126,128,118,152,21,102,67,19,125,99,112,117,121,118,94.45,114.5,43.79551917719437
507,L,4,8,9,0,10,18,9,14,29,33,4,10,12,0,24,19,21,20,23,19,14.3,13.0,9.028288874421332
508,S,42,99,4,9,17,65,85,58,78,64,42,94,11,5,14,58,59,56,59,57,48.8,57.5,29.128336718734907
509,E,60,29,63,2,96,82,65,143,89,52,60,5,16,6,119,78,80,83,77,79,64.2,71.0,36.63413708551083
510,I,46,8,11,0,58,26,19,42,37,47,46,24,17,0,52,38,41,39,38,39,31.4,38.0,16.764247671756703
511,T,34,83,9,8,49,102,102,117,121,121,34,103,23,0,33,93,99,87,90,88,69.8,87.5,40.10935053076776
512,E,136,80,90,41,69,114,159,181,101,176,136,94,90,49,74,160,163,161,163,158,119.75,125.0,43.464784596268274
513,K,118,123,107,79,216,125,131,73,116,179,118,102,98,48,223,110,105,109,114,100,119.7,112.0,41.482646974367476
514,P,145,32,91,89,91,43,111,99,32,104,145,28,115,48,59,19,19,17,14,17,65.9,53.5,43.47516532458502
515,P,49,30,152,79,93,62,112,106,122,125,49,26,125,41,99,111,111,117,113,116,91.9,108.5,35.53575664031934
516,R,175,38,118,44,153,151,149,114,135,142,175,127,157,47,160,63,95,57,61,69,111.5,122.5,46.377257357459165
517,T,22,21,39,1,71,111,75,83,64,77,22,30,66,0,59,94,106,80,83,106,60.5,68.5,33.882886535831034
518,Q,9,75,25,0,49,88,167,150,169,131,9,38,85,0,48,169,163,167,169,159,93.5,86.5,65.44348707090722
519,K,120,89,60,19,91,193,145,188,183,184,120,20,27,28,69,185,190,191,193,198,124.65,132.5,66.74823967716303
520,E,76,56,3,43,47,61,92,44,66,95,76,71,58,78,63,164,164,22,20,159,72.9,64.5,43.808560807221234
521,L,34,36,60,31,87,54,44,58,87,60,34,22,118,30,81,127,122,96,103,108,69.6,60.0,33.62350368417902
522,A,31,23,37,17,81,68,41,40,45,36,31,4,65,4,85,65,70,57,59,67,46.3,43.0,23.2896972930092
523,Y,191,105,185,57,148,129,122,82,143,130,191,70,204,14,107,209,211,131,136,211,138.8,133.5,54.86127960592972
524,L,19,70,75,2,113,152,77,18,94,77,19,71,55,27,107,142,136,101,80,135,78.5,77.0,43.94712732363743
525,S,27,59,37,62,49,108,106,97,96,37,27,84,51,48,71,99,102,96,100,101,72.85,77.5,28.221047110268607
526,E,157,143,93,136,165,152,148,161,122,111,157,112,146,131,154,178,180,163,153,176,146.9,152.5,22.840534144367112
527,L,38,68,9,0,98,75,80,42,118,86,38,118,33,60,94,149,147,146,123,138,83.0,83.0,45.427964955520515
528,P,92,77,25,37,91,116,123,84,104,69,92,57,24,2,92,108,104,106,105,109,80.85,92.0,33.5637825639483
529,P,133,103,34,78,102,103,98,68,113,106,133,139,72,79,112,126,126,119,121,122,104.35,109.0,25.90612861853349
530,T,96,97,4,23,75,117,115,60,107,105,96,99,11,37,84,133,125,128,121,128,88.05,98.0,39.3782617696617
531,P,97,36,10,119,85,88,93,52,76,99,97,54,20,108,82,122,120,115,125,116,85.7,95.0,33.67358014824084
532,L,62,50,9,45,102,184,159,31,122,139,62,34,66,98,82,175,169,167,160,171,104.35,100.0,56.11530539879472
533,H,88,77,24,36,159,157,173,68,146,184,88,50,116,36,134,185,169,172,167,156,119.25,140.0,54.00729117443311
534,V,22,27,15,55,41,91,113,79,79,113,22,40,69,16,40,135,147,139,147,130,76.0,74.0,46.52418725781247
535,S,41,91,42,11,37,64,60,45,69,55,41,93,38,14,41,115,90,103,98,100,62.4,57.5,30.03065100859454
536,E,96,76,79,22,96,183,132,143,192,171,96,106,99,8,83,181,192,179,176,178,124.4,119.0,54.96580755342361
537,D,103,96,97,8,150,164,136,151,117,109,103,112,29,17,145,151,162,158,161,159,116.4,126.5,47.48726144978251
538,S,128,134,36,53,84,41,81,40,51,66,128,104,99,30,90,108,96,106,105,104,84.2,93.0,31.988435410316647
539,S,103,77,76,49,101,57,44,68,103,92,103,47,64,60,103,95,97,101,107,111,82.9,93.5,22.22363606613463
540,S,44,15,69,64,70,60,56,96,50,35,44,28,66,54,67,121,115,117,115,114,70.0,65.0,31.505555065734043
541,P,76,48,84,75,45,91,111,87,105,102,76,12,108,88,51,119,124,113,121,115,87.55,89.5,29.31462945356806
542,E,129,117,79,141,170,171,151,93,158,173,129,52,76,114,161,199,185,180,195,205,143.9,154.5,43.07307743823281
543,R,201,135,118,49,67,175,160,97,87,157,201,118,153,91,54,230,223,245,218,233,150.6,155.0,62.08172033698808
544,T,78,85,95,71,62,111,126,61,76,92,78,55,84,54,65,142,151,141,127,122,93.8,84.5,30.473923278764094
545,S,101,59,73,24,22,94,103,22,90,103,101,58,61,53,18,104,108,107,113,107,76.05,92.0,32.86559751472655
546,P,81,75,26,83,36,98,104,33,69,111,81,101,65,63,41,123,111,116,118,121,82.8,82.0,30.519829619445783
547,P,58,107,131,138,86,84,91,7,102,91,58,137,126,120,53,121,105,127,105,120,98.35,105.0,32.76320344532873
548,D,67,160,139,134,66,86,101,15,118,98,67,109,156,165,58,168,159,161,149,155,116.55,126.0,43.784100995681065
549,S,91,19,118,115,50,81,85,36,96,87,91,25,75,95,70,107,110,115,110,108,84.2,91.0,29.461160873258198
550,S,75,35,71,95,39,73,70,48,83,74,75,31,104,102,42,122,99,103,113,104,77.9,75.0,26.84753247507115
551,V,63,121,91,122,63,63,71,10,56,72,63,128,118,114,79,102,117,130,107,132,91.1,96.5,32.07007951346551
552,I,91,98,87,70,102,82,82,29,170,43,91,149,111,118,78,147,145,165,152,152,108.1,100.0,39.34577486846586
553,V,128,28,91,75,32,89,98,77,71,28,128,26,57,77,65,114,115,130,103,113,82.25,83.0,33.93946817497292
554,T,49,131,123,119,41,69,112,62,53,71,49,138,106,119,32,137,128,128,120,119,95.3,115.5,35.95427651893443
555,L,91,115,76,66,59,93,76,8,57,103,91,96,99,166,58,138,161,163,161,161,101.9,94.5,43.23644296192738
556,L,164,31,102,61,24,78,101,85,165,159,164,90,106,73,33,147,155,180,147,177,112.1,104.0,50.43203347080108
557,D,134,90,121,35,122,74,153,72,142,49,134,60,117,60,109,147,118,156,157,138,109.4,119.5,37.65687188283169
558,Q,93,136,64,127,121,95,122,77,47,96,93,94,79,113,105,186,170,187,174,162,117.05,109.0,39.85282298658402
559,A,61,3,22,32,2,15,41,6,34,73,61,33,22,37,6,100,97,105,100,104,47.7,35.5,36.133225707096784
560,A,43,25,79,22,31,22,71,45,29,39,43,28,82,32,40,102,99,99,96,96,56.15,43.0,29.525031752734826
561,K,158,105,158,156,127,79,133,112,92,104,158,113,130,137,104,203,193,211,201,202,143.8,135.0,40.00324986797948
562,S,94,35,41,78,83,14,50,25,20,39,94,69,50,82,84,106,119,102,97,112,69.7,80.0,31.95794111015289
563,N,85,67,93,108,117,5,107,32,113,100,85,20,86,86,114,132,111,170,169,152,97.6,103.5,42.53868827314731
564,D,68,15,110,110,120,72,138,111,101,102,68,58,107,112,90,126,173,155,147,153,106.8,110.0,37.018373816255085
565,D,102,92,125,121,96,30,62,124,82,68,102,25,127,127,96,148,127,163,165,136,105.9,111.5,37.64824033072462
566,L,132,17,97,126,28,40,73,91,37,110,132,18,118,129,26,163,178,162,159,156,99.6,114.0,53.4606397268121
567,D,87,30,70,33,61,25,128,82,95,109,87,11,89,48,80,140,146,144,149,149,88.15,87.0,43.461793566303726
568,V,42,6,41,98,26,18,68,57,68,95,42,2,46,85,29,119,119,127,121,117,66.3,62.5,40.2642521351136
569,S,16,35,21,57,27,39,53,91,74,78,16,51,57,82,33,118,119,94,102,116,63.95,57.0,33.89612809746859
570,E,119,96,166,106,159,68,117,145,95,132,119,96,179,146,155,196,155,164,195,182,139.5,145.5,35.55066806685917
571,S,73,131,28,123,84,8,61,86,43,61,73,117,36,115,79,125,122,124,120,122,86.55,85.0,36.973605450375
572,K,120,61,144,178,203,61,137,130,68,115,120,80,168,199,201,215,179,185,213,215,149.6,156.0,52.199999999999996
573,G,84,43,26,13,46,26,34,61,26,25,84,50,55,13,31,81,79,70,80,80,50.35,48.0,24.72908206949866
574,C,103,35,77,107,101,53,83,99,28,62,103,39,70,107,107,122,121,139,131,136,91.15,102.0,33.01859324683594
575,M,78,28,19,135,79,5,130,74,110,132,78,24,29,104,86,168,166,178,186,178,99.35,95.0,57.301199812918405
576,E,58,82,135,61,99,99,110,130,94,91,58,93,122,43,86,199,176,198,193,188,115.75,99.0,49.14659194694989
577,E,91,10,133,118,109,123,121,141,101,112,91,18,198,106,115,197,177,198,190,201,127.5,119.5,53.506541656137706
578,K,128,81,127,50,80,58,153,145,118,150,128,45,127,37,78,186,162,195,177,200,121.25,127.5,50.17457025227022
579,P,98,88,42,24,54,8,47,42,70,68,98,85,57,27,61,130,129,121,118,116,74.15,69.0,36.25641322580048
580,Q,147,84,152,157,83,113,93,86,140,119,147,79,141,135,68,173,162,197,182,196,132.7,140.5,39.24168701776212
581,E,104,191,141,37,107,109,134,128,155,135,104,152,156,28,90,189,194,182,169,187,134.6,138.0,46.51601874623408
582,V,54,38,38,33,30,19,108,52,83,53,54,58,53,24,29,132,120,113,128,119,66.9,53.5,37.65089640367145
583,Q,90,122,148,108,73,82,150,105,82,82,90,130,148,156,70,164,194,170,181,175,126.0,126.0,39.380198069588225
584,T,35,79,51,74,43,82,68,82,109,84,35,94,29,52,52,138,133,120,111,130,80.05,80.5,33.841505581164675
585,S,49,102,95,15,47,70,73,64,80,72,49,30,108,25,75,101,102,109,118,106,74.5,74.0,30.024156940703598
586,R,172,197,229,126,211,97,225,163,200,120,172,147,216,41,235,233,235,243,223,247,186.6,205.5,54.726044987738696
587,N,78,68,86,32,59,99,93,103,47,80,78,83,106,28,63,149,132,164,161,150,92.95,84.5,39.61499084942467
588,V,47,96,76,45,95,87,83,88,95,87,47,81,133,18,93,147,145,141,134,136,93.7,90.5,35.95288583688381
589,E,123,108,171,42,192,134,162,133,131,138,123,56,36,52,185,172,143,177,171,170,130.95,136.0,47.84921629452253
590,S,34,1,24,9,34,59,70,59,59,57,34,9,87,0,35,109,109,117,111,114,56.55,58.0,38.98906898093362
591,I,104,42,64,54,4,87,77,94,56,90,104,48,67,46,4,179,176,145,148,140,86.45,82.0,49.49391376725021
592,A,88,14,84,3,46,40,35,45,36,42,88,8,77,4,53,89,77,90,89,89,54.85,49.5,30.995604527093835
593,E,167,116,115,86,111,137,139,133,99,130,167,29,103,124,111,184,184,185,178,171,133.45,131.5,39.04289307927884
594,Q,95,62,143,143,122,113,99,94,107,98,95,49,133,153,72,177,199,179,177,174,124.2,117.5,41.76194439917759
595,M,90,40,131,71,27,130,99,89,103,105,90,58,145,45,17,144,165,198,191,196,106.7,101.0,53.87680391411502
596,E,131,43,101,138,98,151,155,157,153,155,131,78,101,100,96,168,162,185,183,182,133.4,144.5,37.963666840809786
597,N,83,25,72,17,40,69,69,69,64,69,83,46,79,8,52,154,162,163,160,159,82.15,69.0,49.08082619516505
598,P,68,90,23,30,15,78,73,91,76,67,68,130,53,59,14,107,104,121,101,105,73.65,74.5,33.160631779265
599,D,77,123,45,72,127,132,111,123,133,108,77,127,65,38,127,140,117,142,154,148,109.3,123.0,33.631978829679355
600,L,67,116,92,24,45,84,81,91,85,97,67,112,56,33,67,158,181,182,181,143,98.1,88.0,47.36866052571045
601,K,177,105,109,151,112,141,94,119,136,114,177,45,138,91,71,181,165,179,190,183,133.9,137.0,40.43624611657219
602,N,117,129,113,126,83,131,100,88,131,124,117,69,133,91,94,144,163,162,166,160,122.05,125.0,27.69742767839642
603,V,108,59,70,54,20,53,87,107,64,80,108,88,97,18,16,136,152,150,141,152,88.0,87.5,43.17754045797421
604,G,6,19,13,57,25,75,43,44,82,76,6,20,34,47,29,72,65,67,68,71,45.95,45.5,24.82634689196137
605,S,92,16,72,11,84,99,82,77,86,59,92,14,41,12,91,120,126,124,119,128,77.25,85.0,38.74516098818019
606,S,15,27,89,57,47,46,59,44,81,104,15,23,119,55,14,100,99,115,118,102,66.45,58.0,36.346217134662034
607,T,98,111,78,112,22,95,67,70,95,130,98,104,92,109,8,140,144,146,137,132,99.4,101.0,36.36124310306236
608,G,28,21,31,75,16,55,37,39,7,41,28,28,36,1,12,67,75,76,67,77,40.85,36.5,24.1397493773237
609,E,63,111,109,135,35,157,100,96,94,109,63,108,165,87,30,202,186,201,191,188,121.5,109.0,52.872960953591395
610,K,85,151,86,100,122,140,147,140,144,98,85,149,93,99,88,199,183,191,201,206,135.35,140.0,41.887080347047345
611,N,86,116,117,135,60,43,98,96,93,133,86,98,74,116,31,166,147,163,158,155,108.55,107.0,38.292917099641286
612,E,180,9,59,200,48,160,132,135,129,131,180,3,55,189,46,180,157,191,185,181,127.5,146.0,64.02304272681829
613,R,136,138,74,72,129,202,169,167,168,141,136,126,51,84,140,253,230,231,240,232,155.95,140.5,58.78560623145772
614,T,86,93,82,124,86,64,89,97,99,66,86,94,42,78,89,131,112,138,131,131,95.9,91.0,24.758634857358352
615,S,60,85,17,48,82,64,80,75,53,95,60,95,29,4,82,101,92,94,88,85,69.45,81.0,26.7459810064989
616,V,83,109,41,35,68,114,78,77,87,83,83,101,46,33,70,119,124,122,117,99,84.45,83.0,28.49293772147758
617,A,32,48,74,10,31,34,29,33,41,28,32,38,77,13,44,116,88,73,78,74,49.65,39.5,27.11507883079081
618,G,46,25,52,2,21,19,27,27,35,25,46,9,60,3,18,71,55,65,55,64,36.25,31.0,20.999702378843374
619,T,101,96,51,15,16,88,87,82,97,84,101,78,36,33,12,114,109,107,119,103,76.45,87.5,34.65468943736186
620,V,40,32,60,9,52,58,85,54,51,84,40,24,105,35,48,124,113,113,115,84,66.3,56.0,33.30330313947852
621,R,233,109,209,156,21,146,184,175,180,184,233,115,219,95,13,247,227,240,233,221,172.0,184.0,68.16817439245384
622,K,108,160,146,179,125,149,155,186,138,156,108,134,165,151,83,193,189,189,196,192,155.1,155.5,31.491109856592864
623,C,13,33,48,1,37,34,32,96,80,55,13,35,33,9,40,118,116,112,113,103,56.05,38.5,38.978808345048215
624,W,182,155,181,113,143,147,131,160,171,87,182,159,160,53,126,218,197,224,207,141,156.85,159.5,41.35126962984329
625,P,55,48,14,24,27,74,55,80,78,58,55,50,20,77,43,111,115,113,108,104,65.45,56.5,31.625108695465382
626,N,145,27,86,93,25,57,116,99,100,118,145,121,70,60,20,159,160,124,143,162,101.5,108.0,44.90267252625394
627,R,116,42,164,119,91,136,191,162,187,163,116,56,213,113,104,225,211,240,199,187,151.75,162.5,54.597504521727
628,V,8,20,35,60,82,115,14,100,52,9,8,17,30,34,66,80,104,56,61,84,51.75,54.0,33.57956968157871
629,A,24,64,65,15,47,25,17,28,25,43,24,72,79,0,58,77,83,84,86,78,49.7,52.5,27.221498856602295
630,K,139,59,158,17,125,80,132,165,142,119,139,28,103,6,113,101,82,121,91,137,102.85,116.0,44.51210509513114
631,E,72,98,130,0,75,81,66,69,101,109,72,63,171,0,39,48,56,48,49,51,69.9,67.5,38.73874029960189
632,Q,153,78,117,8,166,8,89,11,25,37,153,73,108,3,170,26,25,28,16,37,66.55,37.0,57.15984167227898
633,I,64,66,67,0,32,24,25,38,33,33,64,48,39,0,35,3,3,1,2,1,28.9,32.5,23.721087664776253
634,S,9,33,78,0,71,8,24,10,2,2,9,62,88,0,67,8,5,3,3,2,24.2,8.5,29.66411974085865
635,R,61,41,121,3,169,119,160,161,170,180,61,72,123,0,217,180,177,173,171,187,127.3,160.5,63.43508492939849
636,R,17,32,15,5,182,177,95,187,159,192,17,43,54,12,172,23,31,30,27,30,75.0,31.5,70.16266813626746
637,L,61,26,25,1,73,22,0,30,17,18,61,13,29,0,87,15,14,13,11,12,26.4,17.5,24.046621384302618
638,D,48,90,117,7,63,104,136,102,104,108,48,88,69,0,60,107,110,101,102,103,83.35,101.5,35.02466987710234
639,G,48,80,20,3,71,20,39,34,39,38,48,28,23,1,72,59,60,56,58,57,42.7,43.5,21.63584987930911
640,N,114,40,121,85,124,55,79,49,26,95,114,28,70,75,127,95,91,91,91,93,83.15,91.0,29.898620369508695
641,Q,89,4,32,71,99,53,59,42,39,69,89,21,111,84,85,37,33,37,38,37,56.45,47.5,28.29394811616081
642,Y,149,90,148,170,33,5,0,32,38,0,149,99,124,97,27,3,4,4,4,6,59.1,32.5,60.182971013402124
643,L,85,96,64,5,47,37,5,32,50,39,85,94,35,10,38,0,0,0,0,0,36.1,36.0,33.148001448051126
644,F,9,135,78,93,73,35,62,62,59,61,9,129,82,90,56,32,33,28,29,30,59.25,60.0,34.345123380183104
645,L,132,119,110,28,88,9,42,36,53,43,132,83,95,12,99,33,31,31,32,32,62.0,42.5,39.66988782439396
646,P,39,23,34,56,24,37,101,23,28,105,39,43,57,39,20,101,100,97,100,102,58.4,41.0,32.53367486159533
647,P,42,39,73,8,0,13,91,46,61,79,42,19,50,51,0,81,81,73,79,76,50.2,50.5,28.722116913625992
648,N,87,0,94,24,0,10,23,25,19,30,87,18,157,16,0,10,11,17,17,14,32.95,17.5,39.73345567654543
649,R,102,34,145,30,65,49,75,77,68,62,102,60,137,9,62,113,107,85,86,86,77.7,76.0,33.40673584772988
650,Y,49,96,32,1,97,5,3,15,11,0,49,123,91,4,86,2,3,2,2,2,33.65,8.0,40.640220225781256
651,I,13,18,80,2,22,0,3,1,1,0,13,3,36,1,17,1,0,0,0,0,10.55,1.5,18.615786311622724
652,F,107,101,110,27,159,1,1,1,2,0,107,104,141,18,120,0,0,1,0,0,50.0,10.0,57.72261255348722
653,H,53,121,39,4,140,87,62,56,89,72,53,141,65,33,138,43,45,46,46,47,69.0,54.5,37.67227096950754
654,G,1,67,52,1,77,30,31,24,23,36,1,34,1,0,70,22,20,23,22,20,27.75,23.0,22.73735912545694
655,A,7,67,60,26,65,8,6,2,0,0,7,95,31,14,62,0,0,0,0,0,22.5,7.0,29.234397548093924
656,E,126,37,190,82,128,51,113,114,59,97,126,26,203,94,109,59,60,70,15,71,91.5,88.0,47.9525807438974
657,V,38,18,45,18,56,2,19,8,22,15,38,14,26,6,60,27,23,16,17,18,24.3,18.5,15.264665079850262
658,Y,174,22,95,31,25,83,152,127,122,95,174,11,148,8,37,87,85,88,47,91,85.1,87.5,51.63516243801311
659,S,51,12,76,3,72,58,33,66,56,85,51,12,20,9,70,8,11,12,4,18,36.35,26.5,27.61571110799068
660,D,11,53,82,102,102,30,26,91,47,40,11,26,88,112,96,99,120,125,128,135,76.2,89.5,40.456890636824774
661,S,16,7,17,101,55,90,54,66,58,66,16,9,60,63,56,86,81,63,69,90,56.15,61.5,28.004062205330136
662,E,98,46,128,201,71,136,85,87,148,121,98,36,128,149,74,63,26,78,24,53,92.5,86.0,45.459322476253426
663,D,0,2,94,78,55,132,86,118,82,94,0,0,24,98,73,74,92,129,86,87,70.2,84.0,41.68165063910018
664,D,22,7,142,67,54,72,79,88,75,84,22,0,95,54,57,111,112,134,110,127,75.6,77.0,40.22983967156717
665,V,96,3,80,74,5,100,95,39,90,80,96,0,85,75,5,95,97,104,94,88,70.05,86.5,36.022874677071506
666,L,39,23,114,58,60,66,97,87,34,126,39,33,110,61,65,134,140,153,127,135,85.05,76.5,41.03714780537263
667,S,50,23,76,74,54,72,75,54,63,74,50,2,121,71,59,104,99,113,90,107,71.55,73.0,28.793184957555496
668,S,128,26,106,107,74,39,77,43,76,58,128,12,108,78,93,88,108,102,96,96,82.15,90.5,31.50916533328041
669,S,41,3,86,28,33,99,79,24,52,62,41,10,56,48,22,102,98,105,112,91,59.6,54.0,33.64877412328716
670,S,40,15,32,71,60,46,71,55,49,44,40,57,74,99,47,121,106,120,99,114,68.0,58.5,30.77174028227848
671,C,75,6,45,26,62,51,91,13,55,45,75,22,55,40,69,129,96,118,120,134,66.35,58.5,37.344711807697756
672,G,35,66,15,2,48,69,71,27,11,13,35,49,19,2,33,72,83,69,74,59,42.6,41.5,25.99115234074857
673,S,84,17,123,35,69,31,87,73,59,25,84,3,75,48,72,126,96,116,121,118,73.1,74.0,36.63591134392592
674,N,115,50,95,140,101,134,141,164,63,80,115,49,105,109,98,154,171,161,149,162,117.8,115.0,37.13165765219753
675,S,88,107,70,13,43,34,55,87,22,32,88,102,61,5,17,107,116,113,119,118,69.85,78.5,38.555511927609004
676,D,161,159,151,21,63,101,131,163,76,33,161,157,147,1,82,147,160,149,153,161,118.85,148.0,52.127991520871014
677,S,101,60,96,3,77,45,63,114,47,30,101,40,120,24,75,123,124,116,117,124,80.0,86.5,37.73724950231535
678,G,54,44,22,7,4,74,45,21,85,37,54,45,13,47,16,77,77,77,58,66,46.15,46.0,24.92242965683723
679,T,28,25,70,65,40,93,97,56,71,101,28,2,72,88,34,129,132,138,135,144,77.4,71.5,42.24736678184807
680,C,56,3,90,0,1,65,88,9,40,54,56,0,59,5,2,131,126,126,120,115,57.3,56.0,47.6078774994223
681,Q,33,3,127,104,77,59,103,140,81,79,33,0,65,144,58,181,179,188,185,195,101.7,92.0,61.4069214339882
682,S,22,3,27,61,6,39,36,50,47,49,22,1,2,36,2,122,104,124,115,108,48.8,37.5,41.851642739562806
683,P,53,57,10,79,11,19,101,129,79,79,53,37,2,107,5,129,110,112,118,121,70.55,79.0,43.683492305446464
684,S,14,7,66,42,21,53,79,73,51,56,14,2,90,32,13,114,106,102,113,116,58.2,54.5,38.4260328423323
685,L,0,17,162,127,46,30,107,98,51,157,0,25,110,114,76,179,177,163,162,150,97.55,108.5,60.76222099298215
686,E,38,36,118,93,146,36,132,175,116,154,38,35,102,21,148,175,182,186,169,181,114.05,125.0,58.345072628286275
687,E,110,54,32,105,105,117,145,99,93,110,110,125,95,69,142,196,186,156,165,129,117.15,110.0,39.85006273520783
688,P,61,81,91,2,10,30,57,33,32,107,61,109,64,1,1,112,128,119,102,123,66.2,62.5,43.04137544270629
689,M,50,55,32,116,75,21,43,95,81,94,50,74,45,120,98,189,159,184,166,169,95.8,87.5,51.85036161879684
690,E,112,82,118,115,45,82,52,23,127,139,112,79,124,128,38,176,198,174,182,194,115.0,116.5,51.26109635971513
691,D,46,39,60,135,33,97,15,59,25,127,46,90,101,92,43,148,133,142,151,97,83.95,91.0,43.68349230544646
692,E,90,107,152,127,131,67,140,8,91,108,90,117,104,71,124,188,175,146,197,180,120.65,120.5,44.9602880328852
693,S,94,23,34,13,103,28,44,0,67,81,94,38,29,15,94,87,96,72,94,59,58.25,63.0,32.92092799421061
694,E,152,100,150,102,36,131,45,82,55,133,152,107,167,41,38,185,181,161,192,162,118.6,132.0,52.053241973963544
695,I,30,100,92,10,60,55,57,32,28,39,30,97,130,15,50,167,157,153,146,141,79.45,58.5,51.719894624795984
696,E,76,157,41,76,123,81,126,71,127,179,76,144,91,89,111,198,175,172,203,157,123.65,124.5,46.464260458980725
697,E,111,141,92,57,110,146,106,55,96,144,111,173,98,87,95,192,165,194,156,154,124.15,111.0,39.68913579306055
698,F,151,49,179,28,46,117,109,32,122,57,151,38,126,103,49,192,202,184,170,187,114.6,119.5,59.46881535729461
699,Y,181,151,44,76,64,110,134,146,157,155,181,183,120,136,50,231,195,179,239,204,146.8,153.0,54.87312639170471
700,N,152,147,155,91,43,80,76,81,117,109,152,143,133,88,48,175,150,165,134,154,119.65,133.5,38.83590477895423
701,G,19,18,57,21,11,45,20,41,43,40,19,14,71,28,20,72,70,65,69,60,40.15,40.5,21.520397301165236
702,L,36,44,64,66,32,80,81,110,118,105,36,46,30,87,24,156,170,153,170,176,89.2,80.5,51.26558299678255
703,E,121,170,128,71,89,145,153,142,111,147,121,191,156,96,60,194,174,200,176,180,141.25,146.0,39.966079367383536
704,D,141,107,33,104,50,107,141,30,125,131,141,92,125,89,37,141,172,135,159,157,110.85,125.0,42.35360079143212
705,E,168,92,22,145,63,113,140,84,84,138,168,121,37,114,63,185,181,179,174,193,123.2,129.5,50.92995189473479
706,P,74,107,81,62,28,101,70,58,117,100,74,98,44,72,27,115,108,99,104,115,82.7,89.5,27.515631920782774
707,D,82,102,140,96,142,137,112,83,101,148,82,103,74,129,85,162,170,162,151,164,121.25,120.5,31.736217480979047
708,V,15,11,84,28,38,96,65,55,53,84,15,11,25,68,36,134,134,129,118,133,66.6,60.0,43.764597564698335
709,P,78,66,117,103,34,83,93,104,91,104,78,91,43,110,27,118,113,119,121,114,90.35,98.0,27.94329078687763
710,E,31,87,92,139,121,186,148,156,143,177,31,102,73,130,50,186,172,194,183,199,130.0,141.0,53.18364410229897
711,R,70,102,46,191,99,181,175,195,170,190,70,74,140,121,111,242,219,241,249,242,156.4,172.5,64.42158023519758
712,A,76,85,44,88,77,112,74,91,71,103,76,87,78,72,68,97,104,104,101,95,85.15,86.0,15.89740544868879
713,G,49,12,87,87,67,72,52,86,61,48,49,25,101,71,49,88,82,78,81,79,66.2,71.5,22.198198125073127
714,G,61,67,51,41,2,13,42,31,65,43,61,60,39,17,5,87,74,82,76,72,49.45,55.5,24.9428847569803
715,A,75,55,83,3,16,57,80,90,50,84,75,73,64,18,5,110,115,106,114,110,69.15,75.0,35.02181463031292
716,G,57,23,65,9,28,79,3,19,45,38,57,24,13,28,20,64,60,67,71,68,41.9,41.5,23.306436879111313
717,F,167,7,97,222,26,111,114,105,177,171,167,16,28,96,49,222,228,227,205,220,132.75,140.5,76.00518074447294
718,G,13,13,62,67,22,53,69,34,40,35,13,7,81,21,36,63,61,78,76,62,45.3,46.5,24.056392081939467
719,T,60,54,86,103,43,121,76,128,92,125,60,77,86,67,30,126,134,121,115,121,91.25,89.0,31.130170253308926
720,D,4,121,34,29,15,132,148,166,125,135,4,117,94,60,10,160,164,157,167,164,100.3,123.0,61.0664392281063
721,G,0,9,29,17,32,27,63,21,58,20,0,37,39,35,13,76,72,78,68,79,38.65,33.5,25.93699095886028
722,D,13,117,92,41,34,102,105,77,61,99,13,140,43,175,31,154,160,157,151,153,95.9,100.5,52.66963071828015
723,D,9,129,64,48,51,81,40,106,126,97,9,116,30,79,27,162,141,167,170,168,91.0,89.0,53.53970489272424
724,Q,32,13,143,139,155,104,110,72,167,98,32,40,108,163,128,161,146,193,188,189,119.05,133.5,54.733422147715196
725,E,81,50,118,64,111,90,94,104,139,112,81,46,97,134,142,185,168,177,183,189,118.25,111.5,43.90429933389212
726,A,2,98,83,43,28,51,51,56,33,56,2,85,66,80,27,89,73,99,91,93,60.3,61.0,29.7205316237782
727,I,95,63,125,114,106,63,79,78,106,90,95,46,130,61,124,171,145,136,163,154,107.2,106.0,35.234358231703325
728,N,76,98,22,157,3,79,76,66,115,103,76,68,74,125,8,134,145,148,142,159,93.7,88.5,46.384372368288005
729,E,58,62,51,181,96,133,133,134,126,108,58,63,69,185,82,179,197,185,186,191,123.85,129.5,52.47787629087137
730,A,41,35,68,89,70,47,46,64,45,48,41,9,56,81,65,91,77,97,86,88,62.2,64.5,22.546840133375674
731,I,122,136,103,96,57,72,72,104,76,137,122,138,173,108,68,166,162,153,164,176,120.25,122.0,37.55512614810394
732,S,43,32,60,92,61,69,53,104,81,87,43,77,83,83,51,119,96,103,103,101,77.05,82.0,23.867289330797497
733,V,91,47,115,100,35,110,80,79,80,35,91,133,87,125,19,127,120,116,123,116,91.45,95.5,33.27082054894348
734,K,177,150,176,91,169,183,159,97,137,160,177,75,169,173,148,178,173,180,196,220,159.4,171.0,34.788503848254244
735,Q,146,175,89,173,121,139,150,169,143,124,146,128,156,129,149,203,153,178,173,158,150.1,149.5,24.608738285413985
736,E,59,125,125,135,184,86,149,121,138,141,59,175,107,139,188,161,158,168,166,190,138.7,140.0,37.55409431739767
737,V,33,82,62,91,99,95,60,101,107,61,33,120,87,109,89,114,126,122,114,113,90.9,97.0,27.25784290805126
738,T,51,90,55,18,112,113,118,58,84,87,51,103,10,80,116,143,133,122,117,119,89.0,96.5,36.67015134956495
739,D,105,102,28,119,46,119,132,108,71,95,105,37,87,85,53,145,153,146,144,149,101.45,105.0,37.84636706475273
740,M,110,48,111,14,183,88,108,140,128,122,110,47,136,62,180,172,168,177,169,173,122.3,125.0,49.1
741,N,12,46,99,40,148,163,138,112,121,82,12,56,155,72,115,141,161,157,159,166,107.75,118.0,50.935130312977506
742,Y,86,169,41,157,38,160,174,171,160,143,86,116,103,128,54,228,219,215,210,220,143.9,158.5,59.23841658923708
743,P,4,88,123,10,79,97,131,101,87,75,4,24,51,19,60,112,104,116,111,129,76.25,87.5,42.33541661540607
744,S,74,105,59,10,47,76,61,100,60,91,74,108,1,46,32,108,125,111,117,105,75.5,75.0,34.83460922703167
745,N,58,16,96,47,6,143,164,29,168,136,58,50,56,55,28,170,164,166,166,147,96.15,77.0,59.336561241784146
746,K,119,31,83,88,25,205,200,116,199,140,119,88,42,121,140,196,204,199,195,196,135.3,130.5,60.38385545822657
747,S,31,85,97,46,119,158,177,129,150,192,31,61,28,128,99,202,198,202,198,194,126.25,128.5,61.924046217927334
