Pos,Res,Q9KL03_full_model_499621_1_dssp_acc_ACC,Q9KL03_full_model_499621_2_dssp_acc_ACC,Q9KL03_full_model_499621_3_dssp_acc_ACC,Q9KL03_full_model_499621_4_dssp_acc_ACC,Q9KL03_full_model_499621_5_dssp_acc_ACC,Q9KL03_IT_model1_dssp_acc_ACC,Q9KL03_ranked_0_dssp_acc_ACC,Q9KL03_ranked_1_dssp_acc_ACC,Q9KL03_ranked_2_dssp_acc_ACC,Q9KL03_ranked_3_dssp_acc_ACC,Q9KL03_ranked_4_dssp_acc_ACC,mean,median,std
1,M,151,141,108,135,112,104,232,233,233,229,233,173.72727272727272,151.0,54.83046749106975
2,N,53,39,96,48,76,56,172,154,165,172,163,108.54545454545455,96.0,53.79821496931192
3,S,115,107,119,108,95,115,64,54,60,59,58,86.72727272727273,95.0,26.056201178120933
4,Q,121,78,84,119,99,8,139,141,141,136,138,109.45454545454545,121.0,38.901656044122426
5,L,1,3,4,3,3,80,2,4,2,1,2,9.545454545454545,3.0,22.30109510708401
6,T,59,65,58,80,61,5,51,52,50,58,52,53.72727272727273,58.0,17.415201870731995
7,L,33,45,34,38,42,64,45,47,43,41,45,43.36363636363637,43.0,7.8540403878018825
8,R,56,55,57,57,56,115,67,65,67,57,60,64.72727272727273,57.0,16.476379286122462
9,A,66,65,63,67,64,35,54,55,53,61,62,58.63636363636363,62.0,8.813963377120599
10,L,18,20,13,17,20,158,17,21,18,20,22,31.272727272727273,20.0,40.14313234390367
11,E,122,118,123,124,116,49,108,110,108,116,117,110.0909090909091,116.0,20.051998519551592
12,R,139,141,133,140,140,135,107,105,106,106,114,124.18181818181819,133.0,15.449731870684133
13,G,66,66,69,68,65,44,61,72,68,69,70,65.27272727272727,68.0,7.274999644997293
14,D,15,14,16,16,13,40,12,12,13,13,12,16.0,13.0,7.722458393307382
15,L,1,1,0,0,0,1,2,1,1,1,2,0.9090909090909091,1.0,0.668042657122685
16,R,152,189,189,153,187,149,114,143,146,150,140,155.63636363636363,150.0,22.43484597784408
17,F,38,40,42,39,40,52,23,28,28,27,28,35.0,38.0,8.355727485873496
18,I,0,0,0,0,1,2,7,3,6,1,10,2.727272727272727,1.0,3.277773886785445
19,H,28,30,29,28,32,26,35,34,40,38,30,31.818181818181817,30.0,4.238742991590824
20,N,101,113,108,113,97,75,105,110,113,108,110,104.81818181818181,108.0,10.615753146905455
21,L,5,9,10,7,4,1,6,6,6,6,6,6.0,6.0,2.256304299271065
22,N,3,4,1,0,6,7,17,15,14,22,23,10.181818181818182,7.0,7.940897382517257
23,N,59,73,67,73,77,44,62,63,64,54,51,62.45454545454545,63.0,9.5951089468791
24,N,68,64,59,53,76,46,51,48,48,51,53,56.09090909090909,53.0,9.109979996530733
25,R,134,115,136,146,229,148,135,150,128,123,125,142.63636363636363,135.0,29.23967642922798
26,N,116,143,130,147,55,105,115,110,114,115,111,114.63636363636364,115.0,22.9119767302158
27,I,35,36,31,17,43,7,10,1,5,3,7,17.727272727272727,10.0,14.759224598324998
28,M,1,4,0,1,2,10,1,1,0,5,4,2.6363636363636362,1.0,2.837179369877679
29,S,23,24,20,21,21,56,21,28,25,28,23,26.363636363636363,23.0,9.725998217268707
30,Y,39,45,65,38,68,73,131,101,122,117,131,84.54545454545455,73.0,35.209408960373686
31,W,7,17,53,14,17,42,23,19,16,25,29,23.818181818181817,19.0,12.676522191675172
32,F,44,40,27,7,69,137,29,27,27,28,38,43.0,29.0,33.07292218444239
33,E,43,86,169,131,62,109,89,85,81,115,117,98.81818181818181,89.0,32.88773792441682
34,E,164,149,140,143,154,82,142,148,145,154,164,144.0909090909091,148.0,21.120668659587913
35,P,29,21,25,32,55,64,22,44,20,25,23,32.72727272727273,25.0,14.28343547349936
36,Y,38,60,40,35,55,31,158,156,147,157,151,93.45454545454545,60.0,55.71251472982225
37,E,106,166,126,126,166,84,33,27,33,32,40,85.36363636363636,84.0,52.6830535583446
38,S,46,43,43,43,43,36,46,43,49,57,49,45.27272727272727,43.0,5.028842431250665
39,F,21,48,55,20,45,142,56,25,29,33,27,45.54545454545455,33.0,32.97482134864732
40,D,108,107,109,109,107,134,123,122,123,123,121,116.9090909090909,121.0,8.774493463282658
41,E,97,81,86,89,83,63,107,89,105,93,105,90.72727272727273,89.0,12.314742894676424
42,L,1,2,1,2,4,6,15,13,14,5,15,7.090909090909091,5.0,5.631963091539468
43,E,42,41,67,43,42,39,48,57,61,61,57,50.72727272727273,48.0,9.564051148972661
44,E,107,108,111,111,109,69,143,104,144,144,142,117.45454545454545,111.0,22.455465568192913
45,L,32,42,22,44,36,15,82,73,79,63,75,51.18181818181818,44.0,22.965658875880433
46,Y,42,43,46,41,43,5,38,50,43,53,36,40.0,43.0,11.992421849575749
47,N,80,80,60,79,80,56,67,74,67,68,74,71.36363636363636,74.0,8.037104038291035
48,K,148,148,150,149,148,102,162,133,160,162,160,147.45454545454547,149.0,16.57689320800952
49,H,75,75,75,75,74,29,58,65,54,51,47,61.63636363636363,65.0,14.593103771506264
50,I,74,76,58,77,76,93,92,92,81,87,89,81.36363636363636,81.0,10.128921034459399
51,H,160,169,172,172,168,118,164,169,168,167,163,162.72727272727272,168.0,14.567029453784944
52,D,67,56,58,59,57,72,56,59,53,57,61,59.54545454545455,58.0,5.193766129849345
53,N,90,94,95,99,92,90,92,93,95,96,106,94.72727272727273,94.0,4.37120555642593
54,A,32,34,32,33,32,38,36,37,34,32,31,33.72727272727273,33.0,2.2193737483152187
55,E,81,71,61,69,82,67,28,33,42,34,32,54.54545454545455,61.0,19.96981192775115
56,R,67,62,64,68,66,52,59,55,58,55,54,60.0,59.0,5.427204202399745
57,R,32,34,33,33,35,17,79,76,78,76,71,51.27272727272727,35.0,23.10486335696019
58,F,20,26,24,13,26,5,22,18,21,24,22,20.09090909090909,22.0,5.961307749365455
59,V,0,0,0,0,0,5,0,0,0,0,0,0.45454545454545453,0.0,1.4373989364401722
60,V,0,0,0,1,0,5,0,0,0,0,0,0.5454545454545454,0.0,1.437398936440173
61,E,10,12,10,24,11,84,12,14,13,14,14,19.818181818181817,13.0,20.62134014610805
62,D,24,27,16,27,30,46,17,18,17,19,19,23.636363636363637,19.0,8.445253936358975
63,A,57,67,53,60,43,102,63,61,62,59,66,63.0,61.0,13.856406460551018
64,Q,154,155,156,156,148,152,137,140,138,139,139,146.72727272727272,148.0,7.735289958611872
65,K,129,130,134,162,123,177,134,133,132,131,134,138.0909090909091,133.0,15.44759201861422
66,N,89,85,84,85,92,74,78,78,77,80,77,81.72727272727273,80.0,5.395130954530105
67,L,42,41,43,39,42,19,44,41,45,40,44,40.0,42.0,6.862281624278407
68,I,0,0,0,0,0,0,0,0,0,0,0,0.0,0.0,0.0
69,G,0,0,0,0,0,0,0,0,0,0,0,0.0,0.0,0.0
70,L,1,1,2,3,1,1,2,1,0,1,3,1.4545454545454546,1.0,0.8907235428302466
71,V,1,2,2,1,1,0,0,0,0,0,1,0.7272727272727273,1.0,0.7496555682941201
72,E,11,11,7,11,9,10,14,5,9,9,13,9.909090909090908,10.0,2.4291616756158887
73,L,1,3,4,1,3,1,0,1,0,0,1,1.3636363636363635,1.0,1.2984415324623362
74,I,20,22,18,15,21,10,30,30,27,26,26,22.272727272727273,22.0,6.016506221008835
75,E,108,105,104,105,108,39,130,134,127,123,123,109.63636363636364,108.0,24.74698412212074
76,I,9,9,9,8,8,57,11,8,12,10,9,13.636363636363637,9.0,13.766049986521368
77,N,59,60,58,63,60,150,57,56,58,57,57,66.81818181818181,58.0,26.370845409339946
78,Y,80,77,77,75,76,170,105,108,103,107,116,99.45454545454545,103.0,26.898339375452615
79,I,143,143,141,139,140,105,148,149,147,148,147,140.9090909090909,143.0,11.843329886899097
80,H,140,140,139,137,141,102,134,129,133,126,129,131.8181818181818,134.0,10.624313298178441
81,R,89,86,87,88,89,165,83,80,84,81,82,92.18181818181819,86.0,23.225449136740192
82,S,25,23,24,25,25,42,24,24,26,26,26,26.363636363636363,25.0,5.032128182944745
83,A,0,0,0,0,0,0,0,0,0,0,0,0.0,0.0,0.0
84,E,12,13,10,10,8,29,22,25,23,22,24,18.0,22.0,7.083912632282966
85,F,5,1,2,1,3,0,3,3,3,3,4,2.5454545454545454,3.0,1.3726971700492272
86,Q,21,3,14,1,10,32,24,16,17,23,28,17.181818181818183,17.0,9.330479689687417
87,I,15,13,10,16,24,15,24,20,24,22,25,18.90909090909091,20.0,5.035411790591356
88,I,5,5,6,9,9,19,4,1,5,6,6,6.818181818181818,6.0,4.38630475702357
89,I,17,16,16,16,17,8,20,22,24,23,25,18.545454545454547,17.0,4.67806557464313
90,A,7,10,10,7,6,1,0,0,0,0,0,3.727272727272727,1.0,4.069641688290798
91,P,77,65,68,69,75,38,56,56,55,57,56,61.09090909090909,57.0,10.604069077091847
92,E,160,179,178,163,167,129,118,117,123,119,116,142.63636363636363,129.0,25.201993886749687
93,H,19,28,27,19,17,55,27,30,31,29,28,28.181818181818183,28.0,9.665479170910555
94,Q,106,100,101,108,112,67,97,74,90,86,96,94.27272727272727,97.0,13.383102705147596
95,G,87,88,87,85,87,92,73,89,74,73,72,82.45454545454545,87.0,7.340592450249581
96,K,109,111,112,121,108,164,116,116,118,115,118,118.9090909090909,116.0,14.767621495288237
97,G,24,26,28,30,24,35,55,55,54,57,54,40.18181818181818,35.0,13.842084589581296
98,F,17,14,6,18,22,29,22,23,19,20,20,19.09090909090909,20.0,5.517814874724915
99,A,27,24,25,31,22,5,25,21,24,21,21,22.363636363636363,24.0,6.197840199657931
100,R,99,105,105,107,105,80,119,118,115,99,113,105.9090909090909,105.0,10.5352615315041
101,T,6,3,15,10,10,19,66,35,55,58,50,29.727272727272727,19.0,22.52308274189719
102,L,1,0,0,1,0,1,0,1,0,0,0,0.36363636363636365,0.0,0.48104569292083466
103,I,1,0,0,1,0,0,1,0,1,0,0,0.36363636363636365,0.0,0.48104569292083466
104,N,51,33,60,35,63,9,59,57,56,50,55,48.0,55.0,15.40956019666186
105,R,86,65,86,62,92,15,82,120,106,90,85,80.81818181818181,86.0,25.91531025832267
106,A,3,5,5,2,5,0,2,3,1,2,3,2.8181818181818183,3.0,1.5850541612875173
107,L,2,0,0,1,1,0,0,0,1,1,1,0.6363636363636364,1.0,0.642824346533225
108,D,67,82,73,81,82,51,71,67,69,72,73,71.63636363636364,72.0,8.434482548904148
109,Y,64,64,64,57,63,69,50,55,47,53,49,57.72727272727273,57.0,7.0978986530702315
110,S,1,0,1,0,0,0,0,0,0,0,0,0.18181818181818182,0.0,0.38569460791993493
111,F,3,2,2,3,2,33,3,3,2,3,3,5.363636363636363,3.0,8.751859306588173
112,T,78,76,76,78,74,79,74,72,74,72,74,75.18181818181819,74.0,2.2890324203662127
113,I,96,96,96,96,99,103,108,106,110,109,110,102.63636363636364,103.0,5.866278474509701
114,L,11,13,14,12,13,38,25,30,25,27,33,21.90909090909091,25.0,9.199353193217103
115,N,85,86,88,86,86,86,88,83,87,85,84,85.81818181818181,86.0,1.465865045145191
116,L,0,0,0,0,0,0,0,1,0,0,1,0.18181818181818182,0.0,0.385694607919935
117,H,101,102,103,103,104,65,83,85,84,83,86,90.81818181818181,86.0,12.028890841471338
118,K,58,59,56,56,60,115,45,43,45,46,45,57.09090909090909,56.0,19.374090221242042
119,I,1,0,0,0,0,2,0,0,0,0,0,0.2727272727272727,0.0,0.616575453011388
120,Y,39,38,37,40,37,33,25,26,24,26,23,31.636363636363637,33.0,6.498569454786007
121,L,3,0,3,0,3,0,1,1,1,1,1,1.2727272727272727,1.0,1.1354541815269814
122,H,20,10,32,10,23,57,38,26,33,26,30,27.727272727272727,26.0,12.54150135344039
123,V,0,0,8,0,9,4,8,7,7,7,6,5.090909090909091,7.0,3.3426866019727703
124,A,3,6,7,6,5,15,8,11,12,14,10,8.818181818181818,8.0,3.688265959109235
125,V,53,52,53,58,44,64,51,55,50,57,58,54.09090909090909,53.0,4.980955466110081
126,E,143,97,106,108,127,82,93,118,93,119,111,108.81818181818181,108.0,16.67779242977255
127,N,57,54,69,55,61,31,30,46,35,36,34,46.18181818181818,46.0,13.023183396739983
128,P,72,69,70,71,70,96,93,87,92,94,93,82.45454545454545,87.0,11.211711704233345
129,K,176,176,179,175,180,129,150,179,162,164,159,166.27272727272728,175.0,15.100216188042468
130,A,10,12,19,14,20,5,15,17,15,15,16,14.363636363636363,15.0,4.006193552096492
131,V,4,3,4,12,2,16,12,11,10,12,11,8.818181818181818,11.0,4.468438446343457
132,H,106,105,103,100,102,121,103,99,103,103,101,104.18181818181819,103.0,5.653931565624077
133,L,31,28,29,29,28,33,32,36,34,36,33,31.727272727272727,32.0,2.831347545890443
134,Y,10,2,16,9,23,1,25,24,26,25,24,16.818181818181817,23.0,9.232533207169503
135,E,83,121,87,87,81,94,101,95,94,94,97,94.0,94.0,10.339685242263949
136,E,105,119,119,121,118,95,91,90,88,86,92,102.18181818181819,95.0,13.716732859197139
137,C,8,10,9,12,11,0,5,3,3,2,3,6.0,5.0,3.9312269655344823
138,G,8,6,5,6,6,21,1,3,7,11,12,7.818181818181818,6.0,5.131333015152758
139,F,3,0,2,4,4,9,4,5,4,5,6,4.181818181818182,4.0,2.16661368869327
140,V,55,48,49,47,52,68,53,62,74,60,61,57.18181818181818,55.0,8.255226243451993
141,E,70,83,70,86,68,71,88,80,90,79,79,78.54545454545455,79.0,7.463409364281379
142,E,102,99,102,98,103,80,75,75,75,72,76,87.0,80.0,12.784934315613258
143,G,30,31,31,30,24,35,21,22,21,21,21,26.09090909090909,24.0,5.071391156720492
144,H,114,114,118,88,122,136,85,93,88,89,91,103.45454545454545,93.0,16.865045273171244
145,L,29,30,31,28,33,77,47,34,38,33,39,38.09090909090909,33.0,13.358378681252285
146,V,109,107,111,96,110,68,101,99,99,99,102,100.0909090909091,101.0,11.277125241789605
147,E,121,120,118,120,125,157,121,125,120,120,124,124.63636363636364,121.0,10.464422212019398
148,E,92,88,96,92,91,99,97,96,99,98,94,94.72727272727273,96.0,3.440161441531728
149,F,51,49,45,46,15,24,57,53,55,53,51,45.36363636363637,51.0,12.793981022856926
150,F,122,132,122,123,121,128,121,115,120,123,128,123.18181818181819,122.0,4.4069816885602995
151,I,27,34,4,21,9,15,16,14,15,13,13,16.454545454545453,15.0,7.889735983180777
152,N,131,95,124,124,114,117,81,78,83,83,87,101.54545454545455,95.0,19.513928062534003
153,G,35,42,59,60,64,65,59,60,58,61,61,56.72727272727273,60.0,8.945195857309098
154,R,189,140,131,119,139,124,135,102,131,113,113,130.54545454545453,131.0,21.75217287521843
155,Y,141,125,122,132,134,144,137,132,141,132,135,134.0909090909091,134.0,6.359739066324618
156,Q,24,23,9,21,19,9,17,19,19,23,18,18.272727272727273,19.0,4.863423954580094
157,D,59,60,65,47,60,53,44,51,41,50,52,52.90909090909091,52.0,7.089743493943724
158,V,0,0,2,0,0,17,0,0,0,0,0,1.7272727272727273,0.0,4.863423954580094
159,K,40,39,39,39,42,39,42,43,44,44,39,40.90909090909091,40.0,2.0205555246266247
160,R,90,86,87,84,90,122,77,73,75,61,67,82.9090909090909,84.0,15.329440157330929
161,M,0,2,0,0,0,1,2,0,1,0,1,0.6363636363636364,0.0,0.7713892158398701
162,Y,49,48,48,50,42,77,61,64,61,63,62,56.81818181818182,61.0,9.731095255727029
163,I,2,4,3,5,5,32,0,1,1,1,1,5.0,2.0,8.696916904073744
164,L,58,59,61,58,61,2,45,45,47,44,47,47.90909090909091,47.0,15.985530647515104
165,Q,38,38,36,38,38,21,31,26,31,29,30,32.36363636363637,31.0,5.481750338793212
166,S,83,86,87,84,85,79,64,63,62,62,64,74.45454545454545,79.0,10.646071715670837
167,K,96,98,99,98,95,98,73,85,121,91,90,94.9090909090909,96.0,11.057326205277539
168,Y,35,25,38,30,27,4,23,33,27,36,30,28.0,30.0,8.831760866327848
169,L,92,82,76,73,82,72,67,74,67,73,73,75.54545454545455,73.0,6.972199814114187
170,N,140,124,115,124,124,101,114,109,110,100,106,115.18181818181819,114.0,11.408275957855267
171,R,155,164,157,165,164,87,128,119,112,100,95,131.45454545454547,128.0,29.06220174467058
172,S,53,72,85,67,73,72,91,108,101,113,113,86.18181818181819,85.0,19.548625535586343
173,E,249,227,223,220,229,159,221,229,224,225,224,220.9090909090909,224.0,20.956468064037132
