Pos,Res,Q9LT15_CIT_model1_dssp_acc_ACC,Q9LT15_CIT_model2_dssp_acc_ACC,Q9LT15_CIT_model3_dssp_acc_ACC,Q9LT15_CIT_model4_dssp_acc_ACC,Q9LT15_CIT_model5_dssp_acc_ACC,Q9LT15_full_model_499605_1_dssp_acc_ACC,Q9LT15_full_model_499605_2_dssp_acc_ACC,Q9LT15_full_model_499605_3_dssp_acc_ACC,Q9LT15_full_model_499605_4_dssp_acc_ACC,Q9LT15_full_model_499605_5_dssp_acc_ACC,Q9LT15_IT_model1_dssp_acc_ACC,Q9LT15_IT_model2_dssp_acc_ACC,Q9LT15_IT_model3_dssp_acc_ACC,Q9LT15_IT_model4_dssp_acc_ACC,Q9LT15_IT_model5_dssp_acc_ACC,Q9LT15_ranked_0_dssp_acc_ACC,Q9LT15_ranked_1_dssp_acc_ACC,Q9LT15_ranked_2_dssp_acc_ACC,Q9LT15_ranked_3_dssp_acc_ACC,Q9LT15_ranked_4_dssp_acc_ACC,mean,median,std
1,M,41,93,80,102,54,0,0,0,74,3,98,88,71,75,146,240,239,249,247,245,107.25,84.0,87.34121306691361
2,A,107,42,40,39,73,1,0,0,79,0,70,56,52,25,37,113,106,101,104,110,57.75,54.0,39.40796239340471
3,G,35,31,2,48,16,0,0,0,25,0,9,44,7,42,71,74,85,87,81,78,36.75,33.0,31.740943590258937
4,G,38,65,19,8,54,0,0,0,5,0,18,29,17,12,76,72,68,70,65,63,33.95,24.0,28.512234216209713
5,A,43,101,62,25,32,0,0,0,56,0,11,78,47,30,22,88,96,89,92,93,48.25,45.0,35.992881240600894
6,F,34,46,113,116,167,1,0,7,82,0,126,130,89,109,208,208,212,205,196,209,112.9,114.5,76.61716517856817
7,V,65,115,22,55,97,5,6,1,51,9,23,63,27,43,105,139,126,136,131,137,67.8,59.0,49.44653678469302
8,S,55,2,123,13,117,2,13,49,94,2,68,22,106,21,91,92,114,95,99,110,64.4,79.5,43.55157861662422
9,E,159,112,139,132,162,30,74,31,156,54,195,51,171,128,166,202,187,201,209,197,137.8,157.5,58.35117822289452
10,G,42,56,8,47,61,6,38,73,59,48,70,70,7,42,60,71,73,71,62,60,51.2,59.5,21.36258411335108
11,G,63,8,31,72,78,33,17,60,17,68,68,52,52,74,85,78,88,81,84,91,60.0,68.0,25.111750237687534
12,G,32,42,77,53,33,36,95,19,72,40,55,27,52,37,24,57,59,77,80,60,51.35,52.5,20.501890156763594
13,G,49,45,67,71,26,46,39,25,24,37,29,77,69,48,25,72,76,77,71,91,53.2,48.5,21.10118480085893
14,G,69,73,36,35,16,67,2,91,15,77,43,61,59,44,5,47,50,68,43,62,48.15,48.5,23.942169910014417
15,R,195,183,192,233,114,57,120,103,70,89,226,215,211,223,44,166,176,153,121,162,152.65,164.0,57.88546881558445
16,S,49,20,57,12,3,106,27,28,26,74,47,12,60,8,0,94,92,103,100,102,51.0,48.0,37.02296584553971
17,Y,33,92,119,33,3,27,6,9,18,5,22,84,129,20,1,80,73,73,36,64,46.35,33.0,38.77663600675025
18,E,117,152,177,167,1,156,137,106,126,88,109,112,165,161,6,133,138,121,132,125,121.45,129.0,45.27745023739742
19,G,32,44,18,23,3,23,21,27,20,17,33,56,30,25,1,29,19,28,19,18,24.3,23.0,11.878973019583807
20,G,28,49,47,21,6,60,47,29,19,57,40,30,51,20,14,43,39,44,43,45,36.6,41.5,14.520330574749325
21,V,79,84,9,94,5,43,85,75,47,40,41,62,16,100,0,74,76,83,73,78,58.2,73.5,30.27969616756417
22,T,96,80,82,39,11,28,21,23,24,32,115,74,73,48,7,28,27,29,28,31,44.8,30.0,29.729783046635237
23,A,52,54,82,80,2,80,79,78,78,89,75,47,90,79,23,82,81,80,81,80,69.6,79.5,22.298878895585762
24,F,62,77,120,83,69,35,83,70,100,43,60,111,65,81,113,58,45,56,60,59,72.5,67.0,23.068376622554087
25,V,31,22,7,6,7,0,0,1,1,0,32,30,10,6,64,0,0,1,2,3,11.15,4.5,16.22428734952633
26,I,81,93,60,72,41,76,79,87,68,67,59,84,65,69,70,76,76,88,75,85,73.55,75.5,11.728064631472662
27,M,112,58,123,99,82,65,60,55,54,73,90,73,118,105,82,140,104,118,129,114,92.7,94.5,26.33457802965523
28,T,3,0,22,1,23,0,2,1,0,0,1,3,11,0,4,8,5,7,11,6,5.4,3.0,6.6588287258345975
29,C,6,18,5,7,4,14,12,16,13,14,3,15,8,4,4,4,5,8,4,9,8.65,7.5,4.725198408532704
30,I,36,51,73,118,48,97,100,96,102,101,35,81,112,115,10,104,105,99,104,94,84.05,98.0,30.28609416877653
31,V,18,8,53,11,12,12,14,14,11,11,34,24,40,15,29,37,29,34,34,28,23.4,21.0,12.232742946698423
32,A,2,0,4,0,0,0,0,0,0,0,10,10,3,0,3,0,0,3,0,0,1.75,0.0,3.0475399915341552
33,A,1,6,0,7,5,14,14,10,17,14,5,5,3,8,13,8,6,13,7,15,8.55,7.5,4.800781186432059
34,M,35,13,32,31,89,40,39,39,35,36,12,42,55,28,38,52,41,44,61,50,40.6,39.0,16.122654868228125
35,G,0,0,5,0,57,0,0,0,0,0,2,0,0,0,31,0,0,2,1,2,5.0,0.0,13.689411966918083
36,G,0,0,0,2,63,0,0,0,0,0,0,0,0,2,63,0,0,0,0,0,6.5,0.0,18.842770496930648
37,L,11,8,34,40,139,36,25,28,28,27,0,26,51,39,82,30,32,26,36,27,36.25,29.0,28.588240589445164
38,L,3,3,26,3,73,0,0,0,0,0,1,0,6,4,145,0,0,1,2,2,13.45,1.5,34.278965853712684
39,F,24,16,7,17,102,6,7,11,14,1,8,12,7,16,105,10,11,18,18,22,21.6,13.0,27.87184959775723
40,G,0,0,5,10,21,0,0,0,0,0,2,0,2,7,45,0,0,0,0,0,4.6,0.0,10.547037498748164
41,Y,28,20,6,13,115,8,9,8,11,10,9,3,17,12,221,9,7,4,6,4,26.0,9.0,50.54008310242475
42,D,14,16,3,1,74,0,1,0,0,0,22,4,1,3,62,5,4,4,6,7,11.35,4.0,19.822398946646192
43,L,33,61,58,31,12,4,3,14,0,5,47,70,66,25,21,5,8,17,50,4,26.7,19.0,23.121634890292682
44,G,10,12,9,8,22,0,0,0,0,2,15,14,10,8,28,0,0,3,5,1,7.35,6.5,7.747741606429579
45,I,9,0,10,1,26,0,0,0,0,0,15,7,11,1,74,2,3,3,2,3,8.35,2.5,16.38680871921071
46,S,19,17,39,3,75,0,5,0,1,0,2,18,39,4,67,1,1,5,20,6,16.1,5.0,21.752930837015963
47,G,26,0,42,20,57,1,2,5,5,2,37,21,44,9,67,0,1,3,46,1,19.45,7.0,21.242586942272354
48,G,12,4,16,7,60,1,1,1,1,2,13,1,14,9,50,0,0,2,11,1,10.3,3.0,15.849605673328279
49,V,14,69,26,53,12,0,0,0,1,0,1,6,17,34,32,0,0,0,1,0,13.3,1.0,19.437335208304663
50,T,24,60,62,70,28,7,18,11,14,2,44,60,68,70,9,1,1,1,35,4,29.45,21.0,25.920021219127115
51,S,41,23,21,30,8,10,21,23,17,32,62,25,23,28,45,8,9,6,85,13,26.5,23.0,19.150718002205558
52,M,61,4,18,0,152,16,17,17,23,15,41,5,19,1,68,17,19,16,23,18,27.5,17.5,33.22574303157117
53,E,55,67,72,41,0,76,100,91,92,101,62,97,59,33,16,85,95,99,141,95,73.85,80.5,32.450385205725986
54,E,120,132,118,97,6,49,57,68,88,59,106,120,110,96,13,60,62,57,66,66,77.5,67.0,33.98014125927084
55,F,41,11,29,22,118,0,2,1,2,0,27,43,82,32,111,0,0,0,1,0,26.1,6.5,36.113570856396905
56,L,15,1,18,12,32,0,2,2,1,1,3,5,36,6,18,0,0,0,6,0,7.9,2.5,10.501904589168577
57,T,26,44,43,11,0,64,66,63,62,57,24,34,37,12,1,68,67,66,72,64,44.05,50.5,23.751789406274213
58,K,117,121,150,70,8,101,109,99,90,99,95,146,135,104,24,102,95,94,100,100,97.95,100.0,33.1035874188886
59,F,30,3,18,30,82,23,18,24,16,20,29,25,19,39,70,14,11,11,12,10,25.2,19.5,18.9356806056714
60,F,5,7,9,17,24,13,0,11,0,14,17,25,8,14,0,9,6,8,8,8,10.15,8.5,6.813772816876124
61,P,43,24,59,12,11,70,80,66,77,73,36,40,33,9,1,77,76,74,77,77,50.75,62.5,27.092203675596416
62,Q,107,96,130,96,0,144,97,142,98,153,113,101,123,103,23,137,139,127,139,133,110.05,118.0,37.64900397088879
63,V,36,2,50,21,17,2,1,1,1,1,16,19,31,27,8,0,0,0,9,0,12.1,5.0,14.250964879614292
64,E,53,91,35,59,7,20,10,19,12,12,64,6,24,54,3,25,28,27,32,31,30.6,26.0,22.386156436512273
65,S,66,47,17,11,7,65,67,61,69,61,56,60,19,12,6,47,49,47,50,50,43.35,49.5,21.739997700091873
66,Q,122,107,97,143,8,82,107,91,95,71,123,121,89,142,1,84,76,70,83,79,89.55,90.0,35.43229459123415
67,M,143,72,151,110,1,23,32,39,27,22,113,101,120,102,2,14,13,12,66,12,58.75,35.5,49.28374478466505
68,K,168,158,161,161,19,120,136,107,131,144,144,174,163,189,5,123,126,118,131,136,130.7,136.0,44.66329589271261
69,K,155,159,155,172,39,175,166,174,138,168,218,175,150,184,23,149,140,146,165,157,150.4,158.0,43.464238173468544
70,A,94,119,94,73,5,23,26,21,50,3,79,109,92,68,1,22,21,19,13,24,47.8,25.0,38.00473654690952
71,K,186,143,126,187,31,183,177,165,179,166,142,163,117,183,46,195,181,180,188,187,156.25,178.0,44.57339453081849
72,H,56,88,94,112,59,134,166,181,143,173,68,80,89,105,47,181,178,168,186,150,122.9,123.0,47.03605000422548
73,D,118,66,81,54,56,123,53,71,86,86,146,60,77,38,28,115,113,107,124,136,86.9,83.5,33.18116935853829
74,T,109,106,102,115,39,14,21,11,22,13,40,117,73,116,77,37,44,35,101,36,61.4,42.0,38.92865268667797
75,A,37,16,27,85,10,13,8,10,8,3,98,19,18,85,34,20,19,22,40,26,29.9,19.5,26.82890232566364
76,Y,162,144,174,73,186,11,9,13,11,18,149,149,174,78,184,11,12,13,40,21,81.6,56.5,71.38585294020099
77,C,91,104,114,92,46,35,26,40,23,45,64,106,106,87,43,33,40,43,73,34,62.25,45.5,30.19581924704147
78,K,168,157,171,161,194,70,64,46,20,83,149,167,162,161,212,46,38,30,62,39,110.0,116.0,62.887200605528626
79,F,68,112,113,108,154,4,22,15,15,1,85,108,102,105,111,4,6,10,64,11,60.9,66.0,49.547855654912055
80,D,31,15,63,18,88,59,80,56,62,62,38,30,35,9,95,41,43,40,98,44,50.35,43.5,25.07045073388191
81,N,74,61,89,92,123,41,39,44,52,40,99,103,91,84,121,22,19,15,22,18,62.45,56.5,34.942059183740156
82,Q,86,102,120,107,136,153,160,153,157,152,119,104,115,92,142,101,149,153,159,142,130.1,139.0,24.373961516339527
83,M,24,56,25,35,59,74,51,68,64,78,46,60,20,36,62,100,95,103,90,82,61.4,61.0,24.73742104585682
84,L,34,26,27,25,67,3,8,1,4,7,14,16,22,16,58,1,1,1,28,0,17.95,15.0,18.320685030860606
85,Q,35,105,41,32,69,26,27,30,30,19,63,24,54,31,33,0,4,6,25,5,32.95,30.0,24.270300780995687
86,L,105,119,93,87,113,64,72,58,69,57,67,74,91,87,91,65,70,65,110,83,82.0,78.5,18.414668066516974
87,F,7,4,29,27,1,0,11,2,0,0,5,12,34,10,27,0,1,0,6,1,8.85,4.5,10.923712738808174
88,T,37,28,52,38,40,9,14,9,8,12,18,30,48,38,42,2,3,14,63,12,25.85,23.0,17.550712236259816
89,S,11,28,5,10,8,2,1,0,0,2,13,3,4,7,6,0,0,0,12,1,5.65,3.5,6.665395712183936
90,S,20,14,5,8,7,3,4,3,2,2,22,11,7,15,25,5,5,5,15,13,9.55,7.0,6.800551448228298
91,L,11,13,9,5,4,1,4,2,1,1,4,18,7,2,6,0,1,2,5,3,4.95,4.0,4.543952024394624
92,Y,33,37,23,50,18,7,8,1,2,9,14,22,20,40,33,0,0,20,44,2,19.15,19.0,15.466980959450359
93,L,65,106,81,68,75,69,66,65,70,58,91,82,86,86,73,73,72,73,109,77,77.25,73.0,12.852528934026953
94,A,6,17,8,3,4,10,10,8,8,9,1,10,9,1,2,12,12,10,12,10,8.1,9.0,4.060788100849391
95,A,4,5,1,1,0,1,1,1,1,1,1,4,0,2,0,0,0,0,0,0,1.15,1.0,1.4585952145814822
96,L,25,49,25,41,13,46,44,46,41,43,46,74,34,36,41,25,25,22,33,22,36.55,38.5,13.25320715902381
97,V,86,83,101,83,73,91,93,92,79,97,91,76,92,82,71,85,89,85,78,98,86.25,85.5,8.098610992015853
98,A,3,0,1,1,1,3,4,3,0,2,1,10,14,2,9,3,4,2,2,6,3.55,2.5,3.528101472463625
99,S,0,0,2,0,0,0,0,0,0,0,0,3,1,0,0,1,0,4,0,3,0.7,0.0,1.2288205727444508
100,F,89,71,108,127,118,85,84,82,93,86,85,99,116,123,137,93,92,102,81,99,98.5,93.0,17.238039331664144
101,M,80,89,79,73,96,77,78,76,83,73,89,87,115,68,100,113,112,110,111,111,91.0,88.0,15.633297796690243
102,A,1,10,0,1,0,0,0,0,0,0,0,0,1,3,0,0,0,0,0,0,0.8,0.0,2.227105745132009
103,S,0,14,1,28,13,0,0,4,1,0,18,13,4,30,12,20,11,38,5,38,12.5,11.5,12.306502346320826
104,V,46,72,54,98,66,21,36,36,49,34,54,74,65,80,103,73,78,85,82,76,64.1,69.0,21.626141588364767
105,I,45,12,34,41,42,24,24,24,22,21,35,32,36,40,42,39,38,37,35,32,32.75,35.0,8.554969316134336
106,T,2,23,6,14,7,1,1,1,15,4,7,0,1,18,7,4,8,10,0,13,7.1,6.5,6.410148204214938
107,R,75,81,94,179,67,62,65,96,102,116,76,95,28,178,77,143,127,173,98,171,105.15,95.5,42.49502912106309
108,K,176,161,174,166,148,155,157,158,156,159,158,150,175,134,154,145,151,152,158,151,156.9,156.5,9.979478944313678
109,H,10,59,79,84,74,101,109,99,118,118,72,42,68,74,105,105,88,95,93,94,84.35,90.5,25.630596949739584
110,G,8,48,10,3,4,3,4,4,3,6,15,36,6,4,19,1,0,0,0,0,8.7,4.0,12.247856955402444
111,R,0,18,19,1,22,0,1,2,7,1,6,6,2,7,10,13,4,8,0,9,6.8,6.0,6.539113089708726
112,K,28,17,22,8,6,51,59,67,53,48,64,48,22,2,14,63,69,65,54,58,40.9,49.5,22.587385860253946
113,V,77,53,31,81,57,49,58,52,54,47,58,44,25,65,73,58,56,58,54,56,55.3,56.0,12.915494570476191
114,S,0,5,0,4,3,0,0,0,0,0,0,0,0,6,1,0,0,0,0,0,0.95,0.0,1.8567444627627148
115,M,18,4,11,7,22,0,1,0,1,0,50,20,13,4,1,0,0,3,4,1,8.0,3.5,11.8911731969558
116,F,57,67,53,65,60,66,68,65,74,66,76,48,50,61,64,61,65,63,64,59,62.6,64.0,6.792643079096679
117,I,89,44,65,84,59,55,56,56,52,55,74,56,72,70,68,61,58,58,60,61,62.65,59.5,10.57012298887766
118,G,7,7,8,12,12,0,0,0,0,0,6,0,7,7,12,0,0,0,0,0,3.9,0.0,4.603259714593562
119,G,14,1,2,3,7,0,0,0,0,0,0,1,6,4,2,0,0,0,0,0,2.0,0.0,3.4351128074635335
120,L,88,94,81,90,79,72,73,67,73,73,79,83,81,87,89,70,73,70,70,70,78.1,76.0,7.93662396740579
121,A,30,10,49,24,28,14,13,14,13,14,26,10,45,26,20,15,14,14,14,13,20.3,14.0,10.733592129385205
122,F,1,3,1,0,0,0,0,0,0,0,8,1,0,0,1,0,0,1,0,0,0.8,0.0,1.8055470085267789
123,L,39,51,40,56,43,28,28,30,27,27,48,50,33,52,63,35,36,34,34,30,39.2,35.5,10.486181383134664
124,I,82,74,107,84,77,70,69,83,67,71,82,75,102,82,72,71,71,69,69,69,77.3,73.0,10.56929515152264
125,G,0,0,4,0,0,0,0,0,0,0,1,0,1,0,0,0,0,0,0,0,0.3,0.0,0.9
126,A,2,10,2,0,3,0,0,0,0,1,6,2,1,3,7,0,0,1,1,1,2.0,1.0,2.6457513110645907
127,L,102,101,95,85,113,85,84,90,83,87,85,89,85,87,84,82,81,76,78,74,87.3,85.0,9.09450383473447
128,F,100,66,81,81,66,71,78,66,93,73,85,58,79,79,93,79,82,77,78,77,78.1,78.5,9.817840903172144
129,N,0,0,4,0,11,0,1,1,0,0,8,1,5,2,19,0,1,1,1,1,2.8,1.0,4.696807426326951
130,A,5,23,10,14,23,8,9,7,7,8,48,35,13,17,20,15,16,14,15,16,16.15,14.5,10.036309082526305
131,F,163,147,174,129,134,131,121,134,131,126,124,158,169,124,161,134,141,136,141,143,141.05,135.0,15.499919354628913
132,A,9,2,2,5,39,10,9,4,9,13,46,6,5,7,47,0,0,0,0,0,10.65,5.5,14.5748927954891
133,V,130,97,95,70,112,117,123,110,112,116,100,112,107,77,111,91,90,91,93,89,102.15,103.5,14.964207296078198
134,N,62,29,63,68,104,73,75,94,67,72,36,94,40,63,86,105,105,107,108,101,77.6,74.0,24.065327755923043
135,V,19,15,39,31,48,25,31,24,24,26,30,23,13,30,53,32,32,41,39,38,30.65,30.5,9.996374342730467
136,S,72,62,67,88,62,80,73,70,82,80,76,69,65,91,61,83,81,84,82,72,75.0,74.5,8.763560920082657
137,M,67,47,39,60,90,49,53,50,73,49,61,67,45,71,54,51,53,54,55,54,57.1,54.0,11.423221962301179
138,L,8,1,1,9,31,0,0,0,0,0,1,2,15,8,46,0,0,0,0,0,6.1,0.5,11.776671855834312
139,I,35,42,51,61,42,25,30,17,23,24,37,69,39,70,73,33,42,36,53,47,42.45,40.5,15.812890311388363
140,I,89,91,72,77,79,67,77,73,76,69,98,78,70,88,69,82,83,80,82,84,79.2,78.5,7.978721702127479
141,G,1,0,0,0,0,0,0,0,0,0,3,0,0,0,0,0,0,0,0,0,0.2,0.0,0.6782329983125266
142,R,7,0,8,4,6,0,4,0,0,0,11,13,6,4,9,1,1,2,12,3,4.55,4.0,4.1770204691861395
143,L,65,40,71,74,60,62,65,63,58,60,68,42,66,65,78,70,70,69,70,70,64.3,65.5,9.132907532653553
144,L,30,47,69,56,18,47,46,45,46,45,81,37,60,53,34,51,51,52,50,52,48.5,48.5,13.001922934704698
145,L,4,4,5,0,3,0,3,1,1,1,5,1,5,1,1,2,2,2,2,4,2.35,2.0,1.620956507744733
146,G,0,4,0,0,0,0,0,0,0,0,0,1,0,0,0,0,0,0,0,0,0.25,0.0,0.8874119674649424
147,V,48,39,34,33,39,36,37,35,33,39,22,32,35,28,36,44,44,46,43,43,37.3,36.5,6.181423784210236
148,G,5,1,0,0,0,0,0,0,0,0,0,0,2,1,0,0,0,1,0,1,0.55,0.0,1.1608186766243895
149,V,1,4,2,1,2,1,3,1,1,0,3,5,2,1,10,1,0,2,1,3,2.2,1.5,2.181742422927143
150,G,0,0,1,0,0,0,0,0,0,0,0,0,0,0,1,0,0,1,0,1,0.2,0.0,0.4000000000000001
151,F,16,28,7,34,16,21,21,21,8,19,21,24,21,44,8,7,8,6,5,8,17.15,17.5,10.15517109653993
152,A,6,1,7,6,5,0,0,0,0,0,15,0,2,7,2,0,1,3,1,2,2.9,1.5,3.7134889255254286
153,N,0,3,8,3,5,0,0,0,0,0,1,5,6,2,4,1,0,2,0,4,2.2,1.5,2.379075450674064
154,Q,1,13,3,1,6,0,0,0,0,0,0,5,1,0,0,14,3,18,0,15,4.0,1.0,5.813776741499453
155,S,2,20,1,2,17,0,0,1,0,0,5,2,0,5,2,0,0,0,0,0,2.85,0.5,5.452293095569971
156,T,0,0,1,0,0,0,0,0,0,0,16,2,0,0,2,0,0,1,0,0,1.1,0.0,3.4770677301427426
157,P,2,9,9,4,1,1,1,0,1,0,9,2,5,3,3,17,1,26,0,24,5.9,2.5,7.6151165453983705
158,V,1,17,2,1,1,0,0,1,0,0,5,1,3,0,0,25,7,40,0,42,7.3,1.0,12.853404218338424
159,Y,12,3,10,0,6,0,1,0,1,1,20,9,20,0,13,0,0,0,0,1,4.85,1.0,6.6051116568912
160,L,0,4,1,1,2,1,1,1,1,1,3,3,1,1,5,0,0,2,0,2,1.5,1.0,1.3228756555322954
161,S,2,1,0,2,0,0,0,0,12,2,0,1,0,0,1,20,4,25,1,19,4.5,1.0,7.605918747922567
162,E,9,1,1,10,6,0,0,0,17,1,1,10,1,16,17,30,15,25,11,35,10.3,9.5,10.320368210485515
163,M,0,2,20,10,2,0,2,2,1,0,14,4,26,5,2,0,0,0,3,2,4.75,2.0,7.056025793603649
164,A,9,0,1,5,3,0,0,2,2,0,2,6,6,6,1,0,2,2,1,6,2.7,2.0,2.6095976701399777
165,P,20,13,9,4,12,6,1,0,0,0,15,28,17,3,3,9,6,9,6,2,8.15,6.0,7.323079953134474
166,A,31,36,37,11,5,10,3,4,14,7,7,21,23,20,5,72,63,69,18,58,25.7,19.0,22.336293336182706
167,K,72,67,77,80,11,98,112,82,22,83,74,59,110,83,15,160,148,171,142,141,90.35,82.5,44.758546669881945
168,I,28,49,51,30,16,33,25,45,1,33,50,36,40,20,7,44,41,49,41,45,34.2,38.0,14.048487463068755
169,R,27,27,14,25,3,0,0,3,13,3,7,21,5,34,1,76,38,94,10,92,24.65,13.5,28.82234376312932
170,G,9,1,1,1,2,6,5,0,5,7,1,7,0,0,0,7,2,21,0,27,5.1,2.0,6.984983894040129
171,A,7,1,27,28,3,11,10,17,4,15,0,6,33,20,4,29,26,39,21,48,17.45,16.0,13.335947660365198
172,L,13,42,12,22,0,31,37,36,6,23,11,38,24,27,5,27,22,31,23,30,23.0,23.5,11.554220008291344
173,N,1,8,8,3,0,5,4,4,7,6,3,3,6,2,3,22,4,34,2,36,8.05,4.0,10.017359931638675
174,I,0,1,2,0,0,0,0,0,0,0,1,13,2,1,3,3,1,3,1,5,1.8,1.0,2.908607914449797
175,G,3,17,6,17,5,19,11,18,11,21,2,8,12,14,7,20,13,22,18,23,13.35,13.5,6.381810088054954
176,F,0,11,2,3,0,0,0,0,1,1,3,2,1,3,4,4,1,7,0,7,2.5,1.5,2.8722813232690143
177,Q,27,15,4,3,8,20,21,18,18,12,31,7,7,3,13,15,12,19,21,18,14.6,15.0,7.565712127751095
178,M,2,4,18,63,22,28,46,29,46,28,2,7,32,69,12,40,46,40,37,49,31.0,30.5,19.086644545335883
179,A,3,0,4,16,4,6,5,2,5,6,1,2,15,16,0,9,10,7,11,11,6.65,5.5,4.982720140646071
180,I,5,11,23,16,29,6,8,10,1,4,12,9,21,19,7,4,4,6,4,7,10.3,7.5,7.335529974037324
181,T,14,15,26,17,1,5,7,0,4,0,0,4,31,18,3,0,0,0,7,1,7.65,4.0,9.128389781336027
182,I,24,37,47,60,48,55,52,57,53,57,10,52,54,46,17,56,52,51,51,49,46.4,51.5,13.421624342828254
183,G,0,0,0,10,3,2,1,3,2,1,0,1,1,9,1,1,0,0,0,0,1.75,1.0,2.754541704167864
184,I,26,37,44,39,18,2,5,4,2,1,30,16,50,43,13,4,4,5,31,9,19.15,14.5,16.301150266162203
185,L,5,27,36,11,18,15,16,18,17,16,30,15,22,16,13,19,18,19,36,21,19.4,18.0,7.532595834106592
186,V,42,45,51,83,102,56,57,58,60,58,29,50,71,86,61,61,61,55,58,54,59.9,58.0,15.623379916010492
187,A,0,2,5,0,7,0,0,0,0,0,6,0,2,1,2,0,0,0,0,0,1.25,0.0,2.1418449990603894
188,N,30,21,30,39,10,3,1,4,4,3,25,12,22,30,43,6,8,10,63,10,18.7,11.0,16.109314076024464
189,L,95,79,117,95,86,85,86,88,82,84,74,90,102,95,101,88,87,87,107,86,90.7,87.5,9.808669634563088
190,I,41,39,8,28,49,45,43,47,45,44,41,41,18,17,24,36,34,35,35,33,35.15,37.5,10.785522704069562
191,N,9,0,42,14,48,2,2,2,4,1,5,3,23,11,70,0,0,0,12,0,12.4,3.5,18.744065727584292
192,Y,68,108,159,104,126,64,68,65,73,75,77,108,137,117,155,56,53,68,120,56,92.85,76.0,33.10479572509095
193,G,57,56,28,68,34,43,44,37,40,44,72,32,28,70,55,40,39,44,37,43,45.55,43.0,12.913074769395553
194,T,84,78,128,90,47,13,15,10,11,7,75,76,124,88,42,8,7,9,9,10,46.55,28.5,41.12113203694665
195,S,76,50,70,57,39,28,25,50,46,28,71,56,69,60,19,41,40,36,73,38,48.6,48.0,16.977632343763368
196,K,11,83,77,73,164,123,126,121,124,129,73,92,96,52,181,117,128,121,140,128,107.95,121.0,38.03613413584509
197,M,6,11,27,10,144,108,94,113,110,89,0,9,18,7,172,104,98,98,94,86,69.9,91.5,51.7618585446852
198,A,24,28,55,33,15,46,40,41,41,71,10,29,41,24,21,98,88,91,100,67,48.15,41.0,27.574036701215874
199,Q,153,80,145,59,171,112,114,100,101,115,129,142,107,125,180,137,144,128,139,148,126.45,128.5,28.392736747273943
200,H,150,168,118,152,156,97,107,89,80,108,183,153,122,144,153,86,97,85,87,102,121.85,113.0,31.55356556714312
201,G,11,15,36,29,19,0,0,0,2,0,16,12,34,21,7,1,1,2,2,2,10.5,4.5,11.625403218813531
202,W,62,0,8,1,134,8,10,11,17,12,20,33,8,3,143,1,1,0,0,6,23.9,8.0,40.74788338061254
203,R,95,73,36,71,164,90,98,97,95,100,12,140,53,66,183,62,76,63,69,74,85.85,75.0,39.07975818758351
204,V,73,74,110,73,78,53,50,56,60,52,73,66,107,75,91,60,55,57,58,56,68.85,63.0,16.844212655983657
205,S,2,0,3,0,49,0,0,0,0,0,4,6,5,0,15,0,0,0,0,0,4.2,0.0,10.87014259336095
206,L,12,1,26,1,12,0,2,3,1,1,12,4,26,4,10,5,4,4,5,5,6.9,4.0,7.374957626996917
207,G,22,20,10,14,30,24,20,23,20,24,17,23,8,14,31,19,19,23,23,25,20.45,21.0,5.661051139143684
208,L,65,39,37,65,90,65,62,64,66,65,52,18,55,66,79,63,65,65,62,64,60.35,64.5,14.752203225281303
209,A,3,2,1,1,1,0,0,1,1,1,12,0,0,0,0,3,5,4,4,6,2.25,1.0,2.8613807855648994
210,A,17,4,21,12,27,13,13,13,13,14,11,25,22,15,22,18,18,15,17,15,16.25,15.0,5.175664208582315
211,V,92,87,94,73,85,85,85,81,85,85,82,85,99,76,87,85,84,87,85,86,85.4,85.0,5.416641025580337
212,P,12,22,10,26,7,14,13,12,13,14,20,2,14,24,18,14,6,11,11,14,13.85,13.5,5.746955715855133
213,A,3,0,6,1,2,0,0,0,0,0,0,0,2,0,3,0,0,0,0,0,0.85,0.0,1.5580436450882875
214,V,61,68,57,61,55,60,64,62,63,61,61,78,55,63,63,60,61,61,61,58,61.65,61.0,4.746314359584709
215,V,65,62,75,75,54,52,60,64,63,62,74,56,88,74,56,50,59,62,51,66,63.4,62.0,9.504735661763561
216,M,12,0,7,5,7,0,0,0,0,0,20,4,13,5,2,4,0,10,8,1,4.9,4.0,5.3935146240647205
217,V,50,26,29,24,35,19,16,16,16,16,45,52,24,32,25,21,20,18,19,17,26.0,22.5,11.072488428533127
218,I,112,123,124,103,123,98,102,105,103,100,117,128,118,111,91,94,94,94,93,97,106.5,103.0,11.723907198540937
219,G,18,16,26,15,26,6,6,6,6,5,18,7,28,26,8,5,5,4,5,5,12.05,6.5,8.470389601429206
220,S,6,4,8,5,3,0,1,0,1,1,8,7,11,3,26,3,3,3,3,3,4.95,3.0,5.598883817333594
221,F,140,116,123,119,156,150,132,135,136,141,98,110,98,128,180,130,134,130,134,131,131.05,131.5,18.290639682635486
222,I,136,119,138,110,133,108,113,103,98,98,125,70,142,110,97,131,119,118,123,116,115.35,117.0,16.817476029416543
223,L,24,18,37,22,68,4,4,3,4,4,17,24,25,16,28,5,2,7,7,3,16.1,11.5,15.703184390434954
224,P,21,17,9,17,9,18,39,21,35,46,14,10,25,15,11,20,19,20,24,20,20.5,19.5,9.505261700763425
225,D,50,40,46,20,52,14,10,10,27,19,29,48,38,49,35,16,16,16,27,31,29.65,28.0,13.95806218642115
226,T,0,1,1,0,7,0,0,0,1,0,0,0,0,1,8,0,0,0,0,0,0.95,0.0,2.2242976419535228
227,P,0,4,7,1,1,0,0,0,0,1,0,7,10,4,1,2,2,1,4,1,2.3,1.0,2.776688675382964
228,N,13,10,3,7,6,0,0,2,2,2,2,2,2,7,6,24,8,25,7,26,7.7,6.0,7.98811617341661
229,S,0,6,13,30,17,1,1,2,12,3,18,15,5,28,42,0,0,0,0,0,9.65,4.0,11.85864663441828
230,M,26,16,37,25,18,0,6,2,3,4,15,22,34,5,19,12,13,15,18,19,15.45,15.5,10.037305415299468
231,L,20,15,27,1,22,4,2,3,4,5,0,4,23,1,39,3,2,4,2,5,9.3,4.0,10.733592129385205
232,E,23,2,22,67,41,55,58,53,73,69,46,12,18,70,51,53,51,63,40,55,46.1,52.0,20.074610830598935
233,R,41,114,87,111,116,141,127,149,132,143,155,144,95,112,138,93,114,87,103,89,114.55,114.0,27.194622630218646
234,G,75,49,69,72,38,48,47,45,49,46,76,60,72,80,50,51,50,50,45,51,56.15,50.0,12.451003975583655
235,K,96,117,99,23,72,82,103,90,96,98,44,120,95,24,108,79,73,86,89,88,84.1,89.5,25.930483990855244
236,N,77,102,42,63,85,85,84,81,80,75,57,78,41,65,93,72,73,79,78,80,74.5,78.0,14.627029773675856
237,E,90,129,128,150,141,128,126,129,125,126,169,119,141,151,118,135,137,122,123,124,130.55,128.0,15.41581979655964
238,E,91,75,111,85,88,67,96,74,93,96,93,101,108,79,60,88,86,83,85,87,87.3,87.5,12.235603785674002
239,A,0,2,8,1,0,0,0,0,0,0,0,1,7,1,1,0,0,0,0,0,1.05,0.0,2.2242976419535228
240,K,78,86,67,60,54,48,54,64,54,56,87,54,100,70,64,55,57,54,53,54,63.45,56.5,13.658239271589878
241,Q,101,105,140,108,86,89,84,85,90,86,97,75,132,109,104,133,131,114,116,117,105.1,104.5,18.45237112134915
242,M,25,35,67,36,20,10,16,7,32,26,35,38,59,35,31,28,28,26,24,17,29.75,28.0,13.935117509371782
243,L,5,2,13,11,1,0,0,0,0,1,3,7,5,9,0,3,3,3,4,3,3.65,3.0,3.677974986320598
244,K,97,87,77,57,41,74,65,79,71,83,55,61,116,51,60,67,67,66,68,66,70.4,67.0,16.283120094134294
245,K,127,111,153,154,143,104,105,101,119,137,128,168,123,159,150,121,116,116,116,124,128.75,123.5,19.19342335280499
246,I,16,3,17,2,21,0,7,1,3,0,6,27,6,2,24,1,1,0,3,4,7.2,3.0,8.453401682163223
247,R,15,17,17,3,1,16,33,1,3,0,6,14,20,3,3,14,16,14,14,15,11.25,14.0,8.233316464220236
248,G,25,35,16,48,56,59,57,59,55,11,13,6,16,44,33,62,59,60,60,60,41.7,51.5,19.667485858644973
249,A,12,33,28,33,23,28,45,30,27,56,95,48,20,33,11,26,25,23,25,24,32.25,27.5,17.857421426398606
250,D,147,135,107,101,108,113,101,109,113,100,83,102,94,91,103,118,112,117,113,113,109.0,108.5,13.896042602122375
251,N,92,58,30,59,74,142,81,127,125,100,80,42,33,68,40,102,119,82,114,120,84.4,81.5,33.05964307127347
252,V,4,12,7,0,29,0,0,0,0,0,49,2,11,0,42,2,3,1,3,2,8.35,2.0,14.09352688293459
253,D,78,67,85,88,97,74,89,92,78,90,38,90,94,79,99,70,77,73,77,76,80.55,78.5,13.256979293941738
254,H,90,52,71,10,126,8,41,50,50,35,96,75,73,12,98,115,151,124,127,148,77.6,74.0,43.99363590338948
255,E,46,13,18,22,15,0,2,0,27,0,21,24,19,22,17,25,22,15,18,19,17.25,18.5,10.653051206109918
256,F,18,23,41,27,14,27,24,33,24,28,27,61,40,41,88,17,21,19,21,20,30.7,25.5,16.985582121316888
257,Q,107,114,112,80,120,87,91,97,108,84,111,149,109,80,135,90,94,92,93,91,102.2,95.5,17.648229372942772
258,D,29,40,17,8,79,9,21,21,11,13,42,39,10,7,59,51,43,38,9,41,29.35,25.0,19.53272894400575
259,L,9,3,6,14,32,0,0,0,13,1,6,18,11,13,16,27,22,28,5,29,12.65,12.0,10.20918703913294
260,I,73,98,57,29,35,43,27,27,50,23,49,29,57,36,46,32,24,26,39,38,41.9,37.0,18.187633161024554
261,D,63,57,55,38,88,87,77,61,67,70,48,90,61,51,52,81,79,77,63,76,67.05,65.0,14.196742584128234
262,A,5,10,1,6,11,1,0,0,0,0,3,9,3,5,7,20,23,34,6,39,9.15,5.5,11.010336053000382
263,V,27,28,20,2,6,3,2,2,3,5,12,4,9,3,35,12,7,12,4,13,10.45,6.5,9.53139549069285
264,E,91,97,96,94,100,91,88,92,90,90,89,107,104,94,103,98,102,96,97,92,95.55,95.0,5.305421755148218
265,A,19,31,13,22,51,17,16,11,13,12,22,31,25,36,75,40,30,50,37,46,29.85,27.5,16.14086428912653
266,A,25,34,16,23,5,11,10,6,7,20,19,9,15,25,10,39,24,55,8,54,20.75,17.5,14.456399966796713
267,K,176,173,169,132,91,121,125,111,133,113,173,151,164,126,73,127,115,126,111,125,131.75,126.0,27.44243976034201
268,K,125,146,144,157,201,179,180,172,177,177,162,162,157,155,161,150,166,154,148,144,160.85,159.0,16.508406949188043
269,V,36,51,45,52,34,24,20,5,8,8,77,58,65,56,61,21,18,23,12,21,34.75,29.0,21.22940178149163
270,E,164,184,157,184,77,194,156,188,188,156,172,180,165,181,95,170,167,161,158,170,163.35,168.5,28.360668186768798
271,N,29,47,27,32,49,67,105,72,79,72,44,20,40,50,123,88,89,95,97,92,65.85,69.5,28.922785135598545
272,P,56,18,36,66,60,8,15,6,2,4,60,48,56,51,41,23,14,32,9,27,31.6,29.5,21.174040710265952
273,W,106,87,55,76,111,62,57,49,44,48,103,153,74,89,165,114,102,143,92,137,93.35,90.5,35.424955892703665
274,K,187,173,170,168,140,146,160,152,151,152,150,158,175,159,151,147,147,147,152,146,156.55,152.0,11.846835020375696
275,N,44,83,37,44,2,46,40,50,34,49,61,44,23,60,34,30,27,30,25,42,40.25,41.0,16.3794841188604
276,I,5,26,0,4,21,6,3,3,3,3,3,3,0,11,79,3,2,5,6,6,9.6,3.5,17.141761869772896
277,M,129,108,103,71,115,99,104,106,95,101,88,102,109,105,146,145,144,137,145,145,114.85,107.0,21.677811236377163
278,E,83,93,134,118,87,103,84,106,108,108,104,111,138,115,28,75,84,89,87,94,97.45,98.5,22.89426784153623
279,S,17,73,23,37,43,72,77,72,82,72,36,76,28,53,76,60,52,55,55,50,55.45,55.0,19.19759099470556
280,K,25,72,87,56,13,41,21,28,34,45,50,111,92,59,7,77,62,59,54,72,53.25,55.0,26.671848454878415
281,Y,11,28,13,39,11,9,7,8,9,9,22,56,20,77,29,17,20,26,17,19,22.35,18.0,17.155975635328932
282,R,24,135,127,104,111,141,134,141,136,142,37,144,88,115,127,99,108,119,124,118,113.7,121.5,31.638742073603368
283,P,19,16,27,10,34,9,11,10,10,4,3,20,41,8,20,1,2,1,3,2,12.55,10.0,11.052036011522944
284,A,6,1,13,18,9,5,4,3,3,11,5,9,16,22,19,4,4,4,6,4,8.3,5.5,6.000833275471
285,L,30,28,5,25,50,6,21,10,6,7,13,17,8,10,43,44,45,38,47,36,24.45,23.0,15.68590131296254
286,I,32,78,47,67,90,112,106,108,112,88,47,71,66,69,76,66,67,64,61,65,74.6,68.0,21.638853943774375
287,F,5,2,7,7,22,4,1,2,5,0,9,8,9,8,20,0,0,0,0,0,5.45,4.5,6.13575586215749
288,C,0,1,4,11,6,0,0,0,0,0,1,4,3,10,27,0,0,0,0,0,3.35,0.0,6.342515273927213
289,S,30,33,34,36,27,31,29,32,32,32,10,31,33,34,35,37,35,38,36,42,32.35,33.0,6.093233952508307
290,A,20,21,12,17,11,21,17,18,20,21,10,19,18,21,6,14,14,13,15,13,16.05,17.0,4.2127781807258735
291,I,0,0,1,1,4,0,3,0,3,3,9,7,3,4,5,0,0,0,0,0,2.15,1.0,2.5743931323712
292,P,1,0,2,0,2,0,1,0,1,1,0,0,2,0,0,0,0,0,0,0,0.5,0.0,0.7416198487095663
293,F,48,52,57,36,49,52,52,51,60,56,57,45,49,36,61,58,64,58,64,61,53.3,54.0,7.791662210337406
294,F,0,14,1,4,11,22,24,19,27,32,23,3,12,5,3,17,19,18,18,18,14.5,17.5,9.058145505565696
295,Q,4,4,13,1,0,6,9,8,5,9,19,0,15,5,8,7,7,10,10,12,7.6,7.5,4.747630988187687
296,Q,10,15,21,12,10,11,9,16,21,9,11,18,26,11,14,6,6,8,9,3,12.3,11.0,5.604462507680821
297,I,16,2,9,7,6,22,9,24,19,19,16,7,18,13,9,23,22,25,26,26,15.9,17.0,7.422263805605403
298,T,1,0,5,0,5,0,0,0,0,0,0,6,4,0,0,1,1,0,1,1,1.25,0.0,1.9461500456028564
299,G,7,1,1,2,0,0,0,0,0,0,0,1,3,4,1,1,0,1,1,1,1.2,1.0,1.691153452528776
300,I,5,17,33,20,8,3,7,10,1,4,39,13,45,12,16,4,7,9,10,13,13.8,10.0,11.754148203932091
301,N,25,23,29,51,32,14,28,10,6,21,15,29,27,57,5,12,8,32,64,16,25.2,24.0,16.014368548275637
302,V,20,1,12,10,9,4,7,5,1,8,7,3,6,5,5,4,3,10,6,8,6.7,6.0,4.196427051671457
303,I,21,1,8,33,15,14,12,5,5,7,29,5,10,24,8,4,6,17,9,16,12.45,9.5,8.493968448257858
304,M,75,84,66,61,42,18,3,10,18,4,88,34,54,50,51,9,11,36,66,30,40.5,39.0,26.609208932247498
305,F,70,89,80,74,89,8,9,26,8,8,49,37,84,61,94,1,1,24,103,9,46.2,43.0,35.72758038266795
306,Y,53,30,45,39,101,14,21,8,14,13,54,43,47,26,49,1,2,27,16,16,30.95,26.5,23.08782146500618
307,A,6,12,12,4,4,3,2,2,1,3,8,26,5,4,12,3,2,3,2,6,6.0,4.0,5.70087712549569
308,P,40,37,14,11,51,1,2,4,4,5,48,7,10,10,53,1,2,4,30,3,16.85,8.5,18.11428993916129
309,V,55,67,54,74,76,3,15,19,21,3,73,42,51,82,64,2,3,5,36,10,37.75,39.0,28.43743131859838
310,L,30,4,31,29,22,15,26,7,9,21,25,20,22,13,12,5,6,34,2,31,18.2,20.5,10.132127121192273
311,F,19,12,23,20,8,3,4,4,4,4,9,14,15,24,10,1,0,9,11,0,9.7,9.0,7.315052973150639
312,K,76,66,99,105,149,46,62,77,63,64,114,139,96,129,105,13,17,20,115,31,79.3,76.5,39.74053346395843
313,T,55,71,109,84,68,27,40,24,27,27,17,16,105,97,78,10,12,33,71,35,50.3,37.5,31.66243831419179
314,L,23,17,26,56,41,2,4,2,1,0,7,21,33,64,54,4,6,13,22,5,20.05,15.0,19.51531449913119
315,G,48,61,17,34,54,47,45,44,41,40,50,53,19,40,51,63,66,64,67,66,48.5,49.0,14.016062214473793
316,F,114,60,228,219,107,43,54,44,48,56,102,63,228,206,129,25,27,65,68,30,95.8,64.0,68.23312978311928
317,G,30,40,55,27,25,48,33,47,36,37,32,38,61,26,32,46,45,33,36,47,38.7,36.5,9.529428104561154
318,D,90,86,101,118,152,64,51,74,44,56,138,145,51,116,125,73,71,60,93,69,88.85,80.0,32.568811768316024
319,D,138,131,147,152,137,62,65,57,64,64,156,110,152,149,143,84,90,83,144,88,110.8,120.5,36.317488899977654
320,A,34,39,57,62,46,42,34,34,37,36,19,45,41,62,44,44,44,25,28,37,40.5,40.0,10.768008172359455
321,A,4,7,16,21,9,2,1,2,2,4,14,10,21,18,10,2,2,2,7,3,7.85,5.5,6.5975374193709575
322,L,58,49,55,42,73,12,10,12,1,16,56,24,55,26,116,6,8,6,90,9,36.2,25.0,31.229153046472458
323,M,103,103,129,50,80,63,65,85,62,62,96,135,142,45,82,70,75,100,118,80,87.25,81.0,27.21924870381253
324,S,28,13,17,22,13,11,10,12,12,11,4,18,16,25,23,5,6,2,2,5,12.75,12.0,7.475794272182722
325,A,21,48,28,11,13,3,0,2,2,1,29,5,13,14,32,0,1,3,35,2,13.15,8.0,13.915009881419417
326,V,20,27,24,22,29,13,13,23,16,13,11,33,12,20,26,13,12,25,68,16,21.8,20.0,12.379822292747178
327,I,84,99,73,85,104,75,75,77,76,76,97,97,78,92,104,70,70,65,61,74,81.6,76.5,12.63091445620625
328,T,23,15,18,28,7,2,0,1,3,0,17,13,5,20,13,2,2,11,6,12,9.9,9.0,8.141867107733951
329,G,10,7,10,8,0,1,0,0,1,0,2,1,4,5,0,0,0,2,14,2,3.35,1.5,4.126439142893059
330,V,60,78,54,61,64,47,47,47,47,45,61,53,47,59,60,52,52,54,54,53,54.75,53.5,7.732237709744831
331,V,33,28,48,33,34,34,34,39,33,38,42,34,45,29,45,35,36,36,33,38,36.35,34.5,5.1115066272088505
332,N,25,7,25,39,4,4,8,9,4,6,17,6,25,35,9,5,4,12,18,16,13.9,9.0,10.501904589168577
333,M,43,39,17,51,41,38,44,35,46,32,35,44,14,54,39,38,39,37,37,39,38.1,39.0,9.142756695876797
334,L,77,79,92,105,102,101,100,100,101,98,100,86,90,108,90,95,97,96,97,96,95.5,97.0,7.742738533619742
335,S,11,4,12,9,15,7,6,8,7,18,18,13,17,5,7,11,14,14,15,17,11.4,11.5,4.431703961232068
336,T,0,0,5,2,0,0,0,0,0,0,0,1,5,0,0,0,0,0,0,0,0.65,0.0,1.5256146302392355
337,F,64,102,69,116,56,100,129,122,127,124,30,72,69,107,78,82,83,81,102,84,89.85,83.5,25.91770630283475
338,V,78,29,80,98,64,67,66,70,66,68,71,75,82,96,75,73,71,72,76,76,72.65,72.5,13.278836545420685
339,S,0,0,5,5,0,0,0,0,0,0,0,6,1,3,1,0,0,0,0,0,1.05,0.0,1.9358460682605942
340,I,8,1,22,4,8,18,29,36,20,35,0,21,25,7,2,35,34,32,42,34,20.65,21.5,13.47321416737669
341,Y,154,82,160,163,100,119,128,119,123,133,98,88,176,147,109,186,181,183,148,183,139.0,140.0,32.9893922344744
342,A,8,16,11,5,3,6,7,7,6,2,6,25,4,12,4,11,8,9,4,7,8.05,7.0,5.103675146401855
343,V,6,2,13,3,0,4,4,4,4,5,3,10,6,0,1,0,0,0,0,1,3.3,3.0,3.436568055487916
344,D,38,14,61,17,15,55,33,36,33,34,54,13,73,17,21,63,52,78,29,86,41.1,35.0,22.230384612057435
345,R,117,73,143,140,197,146,168,150,118,165,182,106,158,148,157,184,185,185,144,183,152.45,153.5,30.539277987535986
346,Y,139,138,127,162,131,134,130,130,132,131,161,139,142,171,145,135,137,133,132,133,139.1,134.5,11.687172455303292
347,G,3,0,4,10,1,1,3,2,1,2,12,1,5,13,16,0,1,1,1,1,3.9,1.5,4.689349635077342
348,R,21,19,13,4,1,2,2,2,1,2,3,12,6,1,16,13,8,15,1,23,8.25,5.0,7.340810581945294
349,R,40,4,20,59,103,78,89,95,81,82,19,70,32,61,51,86,85,85,83,81,65.2,79.5,27.6615256267618
350,L,74,62,81,77,88,96,109,64,105,108,95,48,88,76,109,99,98,97,96,98,88.4,95.5,16.596385148579795
351,L,4,23,44,13,2,22,33,12,33,7,3,20,32,15,13,13,12,11,8,9,16.45,13.0,11.186934343241672
352,F,1,1,5,6,4,0,4,0,3,6,13,17,6,6,3,0,0,0,0,0,3.75,3.0,4.459540335056967
353,L,45,30,24,31,33,20,25,20,20,24,39,101,19,27,16,26,30,27,29,26,30.6,26.5,17.48542249989974
354,E,108,107,90,98,83,95,97,109,98,83,96,96,90,110,71,75,71,74,71,76,89.9,92.5,13.239712987825682
355,G,0,5,1,0,4,2,2,1,3,0,0,0,0,1,1,0,0,0,0,0,1.0,0.0,1.449137674618944
356,G,0,0,1,1,1,0,0,0,0,1,0,3,0,0,0,0,0,0,0,0,0.35,0.0,0.7262919523166976
357,I,65,51,85,81,61,85,90,99,87,89,50,59,84,77,79,94,95,93,91,91,80.3,85.0,14.605136082899056
358,Q,63,96,59,85,68,46,45,69,48,61,90,64,60,76,58,29,31,28,32,32,57.0,59.5,20.039960079800558
359,M,1,1,0,0,3,0,0,0,0,0,1,3,6,0,0,0,0,0,0,0,0.75,0.0,1.5124483462254175
360,F,45,63,82,76,57,69,73,73,68,72,54,63,73,74,48,66,70,68,68,65,66.35,68.0,9.073450280901968
361,I,75,95,85,72,68,83,84,74,81,85,90,86,83,75,99,87,88,85,88,85,83.4,85.0,7.405403432629447
362,C,6,9,13,4,2,8,9,3,10,9,14,13,13,2,7,6,6,5,6,5,7.5,6.5,3.6124783736376886
363,Q,6,5,6,12,8,3,0,0,0,0,13,0,17,8,4,4,6,3,2,4,5.05,4.0,4.598641103630506
364,L,50,81,98,106,67,53,63,54,69,50,78,44,93,101,69,58,57,58,57,56,68.1,60.5,18.1463494951464
365,L,67,62,42,52,35,64,57,61,56,57,73,67,52,61,57,61,59,60,59,58,58.0,59.0,8.17312669668102
366,V,7,3,3,18,9,4,0,0,0,0,16,0,1,12,4,2,4,5,6,6,5.0,4.0,5.10881590977792
367,G,1,9,3,40,16,0,0,0,0,0,12,8,0,29,5,0,0,0,0,0,6.15,0.0,10.640841132166202
368,S,45,59,24,18,43,45,43,49,45,47,60,64,29,12,44,51,50,50,49,49,43.8,46.0,13.067516979135709
369,F,10,32,11,33,31,64,72,58,71,69,50,63,31,41,4,65,67,69,67,69,48.85,60.5,22.210977015881134
370,I,14,11,55,37,0,10,9,11,7,0,13,7,53,25,55,0,1,1,4,3,15.8,9.5,18.402717190675947
371,G,31,42,47,15,1,13,11,26,17,13,10,24,43,16,9,14,16,15,16,16,19.75,16.0,11.903255857117413
372,A,62,52,8,1,1,95,95,63,91,88,60,38,10,2,0,87,86,86,86,82,54.65,62.5,36.437995279652796
373,R,22,6,124,148,144,122,122,130,144,128,6,15,163,180,147,129,125,138,153,161,115.35,129.5,53.70779738548212
374,F,153,123,138,149,156,11,12,10,11,22,165,160,145,159,98,9,10,9,20,12,78.6,60.0,67.4799229400864
375,G,8,19,37,37,21,21,21,16,35,26,27,6,34,41,27,24,25,27,33,28,25.65,26.5,8.99597132054121
376,T,86,78,95,109,130,108,104,109,93,97,107,88,96,114,98,92,99,98,101,101,100.15,98.5,10.919134581092038
377,S,97,78,124,57,72,62,65,68,101,116,105,65,111,64,107,70,62,55,84,63,81.3,71.0,21.642781706610638
378,G,52,83,37,8,41,24,21,24,11,26,49,50,49,2,33,5,5,6,32,9,28.35,25.0,20.746746732921764
379,T,69,67,13,16,57,73,89,68,90,67,105,66,18,12,90,105,97,90,123,89,70.2,71.0,31.905485421789148
380,G,25,13,0,81,11,52,54,51,50,24,8,17,0,81,64,21,28,23,25,22,32.5,24.5,24.001041644062035
381,T,23,65,118,84,98,84,85,107,82,81,48,47,98,101,98,132,130,138,140,146,95.25,98.0,32.486728059316775
382,L,136,135,123,115,103,9,9,0,3,7,139,138,128,118,100,32,31,16,12,26,69.0,66.0,55.865015886509866
383,T,71,47,37,58,54,54,54,71,77,89,92,40,40,46,33,67,66,73,78,80,61.35,62.0,17.135562436056777
384,P,83,96,109,106,101,84,86,81,79,79,96,85,102,108,117,103,103,85,82,103,94.4,96.0,11.542963224406462
385,A,54,51,53,64,61,48,46,44,54,39,44,75,55,66,41,58,56,57,57,57,54.0,54.5,8.61974477580398
386,T,23,15,11,16,0,27,23,7,29,27,37,38,26,14,5,8,9,10,13,14,17.6,14.5,10.32666451474047
387,A,22,11,13,32,7,3,5,6,6,5,9,4,8,34,21,8,8,1,1,4,10.4,7.5,9.270382947861432
388,D,118,95,104,116,105,109,107,107,109,108,102,89,104,114,91,100,98,101,103,90,103.5,104.0,7.927799190191437
389,W,141,159,147,156,101,137,134,136,129,134,149,83,152,157,82,148,152,154,153,156,138.0,147.5,22.673773395709855
390,I,4,3,30,13,1,0,0,0,0,0,6,0,22,8,6,0,0,0,2,0,4.75,0.5,7.961626718202757
391,L,58,34,4,71,54,18,17,16,20,16,32,42,7,80,53,19,20,26,27,19,31.65,23.0,20.683991394312653
392,A,39,56,46,50,50,48,52,49,48,49,42,40,42,49,34,42,41,41,44,42,45.2,45.0,5.182663407939976
393,F,30,8,78,26,41,42,37,40,34,33,31,1,66,39,11,36,38,39,38,36,35.2,36.5,16.678129391511508
394,I,14,8,3,9,2,6,1,2,0,2,17,6,4,11,2,3,4,8,8,5,5.75,4.5,4.368924352744048
395,C,32,22,23,41,39,15,15,11,14,10,16,34,27,48,40,16,16,16,19,16,23.5,17.5,11.160197130875423
396,V,56,80,85,49,57,65,66,51,66,67,78,61,93,54,76,66,67,65,63,64,66.45,65.5,10.970300816294875
397,Y,3,1,4,5,6,2,0,0,0,0,54,3,8,7,7,1,4,3,2,2,5.6,3.0,11.368377192897851
398,V,12,6,15,7,3,0,0,0,0,0,28,3,8,4,10,0,0,8,1,11,5.8,3.5,6.889121859859934
399,A,27,22,5,11,28,4,3,4,3,15,24,15,17,15,17,12,15,13,17,13,14.0,15.0,7.409453421137082
400,G,1,6,4,0,5,0,0,0,0,0,13,1,12,2,2,0,0,0,0,0,2.3,0.0,3.8353617821530213
401,F,18,10,2,23,30,15,23,12,15,14,5,11,4,24,34,13,11,16,20,18,15.9,15.0,8.01186619958172
402,A,3,0,6,1,0,2,3,0,3,0,5,12,11,1,1,0,0,0,1,0,2.45,1.0,3.470950878361721
403,W,26,77,53,91,36,84,85,86,85,54,30,37,26,106,99,64,70,68,62,62,65.05,66.0,23.946763873225127
404,S,0,0,5,0,1,1,1,0,1,0,0,8,1,0,0,0,0,0,0,0,0.9,0.0,1.9723082923316024
405,W,1,3,0,2,3,0,0,0,0,0,0,12,5,8,3,0,0,0,0,0,1.85,0.0,3.1348843678834477
406,G,1,1,2,1,1,3,3,4,4,0,2,0,4,0,9,0,0,0,0,0,1.75,1.0,2.2107690969434146
407,P,1,5,14,3,0,2,2,2,3,2,4,13,14,1,1,4,2,4,3,5,4.25,3.0,4.169832130913665
408,L,0,0,4,4,0,0,2,0,1,1,9,22,4,5,3,0,0,0,0,0,2.75,0.5,5.0087423571192
409,G,1,0,1,1,1,3,4,0,3,3,4,1,0,1,1,0,0,1,0,0,1.25,1.0,1.3369741957120937
410,W,8,28,18,13,16,20,15,15,19,21,20,14,17,10,24,25,6,36,10,37,18.6,17.5,8.114185110040317
411,L,2,5,3,4,0,1,1,2,1,1,3,4,2,3,1,5,1,7,0,14,3.0,2.0,3.0983866769659336
412,V,2,1,8,14,3,0,4,0,4,7,1,8,6,11,16,0,0,0,1,0,4.3,2.5,4.817675788178362
413,P,5,3,3,6,1,0,0,2,0,1,4,3,6,8,10,0,0,0,0,0,2.6,1.5,2.956349099818896
414,S,1,0,0,4,0,0,0,2,3,1,2,3,4,3,0,16,1,25,0,24,4.45,1.5,7.5198071783789775
415,E,0,6,1,15,3,3,6,3,5,8,1,10,0,19,2,32,15,30,2,30,9.55,5.5,10.268763314051016
416,I,12,5,3,34,3,4,0,0,0,5,17,6,7,35,10,2,2,1,1,1,7.4,3.5,9.99699954986495
417,C,3,9,6,7,11,0,0,0,0,0,6,14,3,6,29,0,0,0,0,0,4.7,1.5,6.972087205421344
418,P,12,34,2,7,14,14,10,8,8,16,16,22,3,14,18,39,36,25,38,32,18.4,15.0,11.48216007552586
419,L,1,14,7,20,32,0,1,5,5,5,5,1,1,18,18,73,33,82,7,92,21.0,7.0,27.618834153526464
420,E,9,23,5,141,22,9,13,28,6,13,14,42,10,155,18,73,50,78,28,85,41.1,22.5,42.88694440036502
421,I,10,37,2,5,10,0,0,0,0,0,6,5,2,8,51,0,0,0,0,0,6.8,1.0,13.044539087296261
422,R,4,7,3,9,2,0,0,3,12,1,4,3,6,8,10,46,11,49,0,34,10.6,5.0,14.291256067959877
423,P,1,25,19,4,10,1,0,14,16,8,24,4,8,4,18,67,33,82,5,80,21.15,12.0,24.896335071652615
424,A,2,4,1,5,2,0,0,0,0,1,17,30,2,7,8,2,1,2,2,4,4.5,2.0,7.003570517957251
425,G,2,3,4,5,10,0,0,0,0,0,4,8,9,7,20,0,0,0,0,0,3.6,1.0,5.023942674832187
426,Q,4,4,4,0,4,0,0,1,0,0,4,4,1,1,1,19,3,37,0,32,5.95,2.0,10.380149324552129
427,A,1,10,0,0,1,0,0,0,0,0,2,2,0,0,7,1,0,7,0,6,1.85,0.0,2.971110903349116
428,I,37,36,17,23,48,41,21,25,27,26,26,20,14,40,45,23,23,27,22,29,28.5,26.0,9.22767576370128
429,N,2,1,19,0,1,1,0,1,0,5,1,1,14,2,2,1,1,1,1,0,2.7,1.0,4.7864391775097275
430,V,3,3,11,0,1,0,0,0,0,0,5,6,11,0,1,3,0,4,0,2,2.5,1.0,3.3689761055846033
431,S,5,0,2,17,3,15,16,17,16,17,7,26,0,16,13,11,10,14,7,12,11.2,12.5,6.6828137786414485
432,V,19,78,44,21,20,23,26,23,25,27,15,26,41,22,27,27,27,26,26,27,28.5,26.0,13.03648725692623
433,N,2,1,4,0,0,4,11,1,10,4,0,4,3,1,1,2,1,4,6,8,3.35,2.5,3.1507935508376304
434,M,6,4,9,4,4,1,1,0,1,0,3,10,13,1,13,0,0,1,1,1,3.65,1.0,4.198511641046145
435,F,90,42,84,78,84,95,96,97,92,94,112,102,89,77,101,85,87,90,93,87,88.75,90.0,13.397294502995745
436,F,44,45,78,49,26,51,47,52,48,53,56,0,66,55,38,46,43,53,44,46,47.0,47.5,14.758048651498612
437,T,13,16,8,7,3,3,4,1,2,4,4,7,14,7,5,0,0,4,17,3,6.1,4.0,4.988987873306568
438,F,33,10,18,30,32,36,35,31,37,37,60,83,16,39,50,38,38,35,65,41,38.2,36.5,16.212957780738222
439,L,38,66,84,56,50,36,35,43,39,40,76,70,61,51,104,46,44,42,42,45,53.4,45.5,17.84768892602065
440,I,8,16,36,17,7,17,8,20,17,18,25,13,47,20,17,11,13,20,26,20,18.8,17.0,9.244457799135654
441,G,20,10,26,33,29,10,12,15,4,7,14,4,16,34,30,0,0,16,40,5,16.25,14.5,11.755317945508747
442,Q,38,33,40,46,51,41,39,51,42,41,62,68,44,38,56,20,33,45,54,30,43.6,41.5,10.938007131100255
443,F,120,118,108,127,134,104,93,105,111,104,116,118,118,121,137,101,106,113,121,108,114.15,114.5,10.771606194064098
444,F,15,0,17,13,8,13,11,8,9,9,10,8,20,13,14,2,1,7,19,11,10.4,10.5,5.314132102234569
445,L,74,54,43,96,44,7,12,16,12,4,57,70,62,87,56,4,5,1,28,3,36.75,35.5,30.433328769623607
446,T,87,72,55,80,80,45,57,36,40,44,89,76,97,53,62,32,38,46,71,44,60.2,56.0,19.394844675841053
447,M,59,46,43,60,51,50,28,77,52,51,50,56,56,87,24,42,45,51,59,68,52.75,51.0,14.01026409458437
448,L,30,9,5,36,30,6,15,7,7,34,45,22,9,42,3,4,6,25,12,30,18.85,13.5,13.591449517987401
449,C,88,92,98,105,92,22,22,3,19,18,104,96,107,103,85,17,19,18,38,22,58.4,61.5,39.35022236277706
450,H,171,149,138,165,160,130,125,148,127,144,156,148,159,164,151,137,137,138,153,142,147.1,148.0,12.668464784653267
451,M,88,98,83,95,113,66,77,63,64,69,106,91,77,92,107,76,78,74,75,77,83.45,77.5,14.34041491728883
452,K,148,85,73,147,134,49,12,50,48,73,56,90,64,160,115,52,53,50,85,55,79.95,68.5,39.548040406573875
453,F,70,105,82,91,61,42,50,42,42,39,63,83,109,118,92,47,49,53,63,58,67.95,62.0,23.978062890900926
454,G,27,24,9,23,25,18,20,19,19,17,26,17,8,14,20,20,20,19,17,18,19.0,19.0,4.764451699828638
455,L,1,12,0,6,47,1,1,10,1,0,11,1,6,9,10,0,1,4,3,3,6.35,3.0,10.150246302430299
456,F,18,3,11,14,25,13,13,8,5,10,37,8,7,11,15,9,9,24,11,20,13.55,11.0,7.800480754415077
457,Y,95,101,143,182,145,84,83,83,80,78,142,118,116,193,116,83,82,84,87,82,108.85,91.0,34.195430981346036
458,F,109,83,110,115,106,66,64,75,67,60,112,85,144,128,62,70,76,64,69,69,86.7,75.5,24.684205476377
459,F,20,1,5,10,18,6,2,6,7,3,12,1,12,25,2,2,2,6,8,14,8.1,6.0,6.685057965343307
460,A,3,5,3,4,14,0,2,0,2,0,8,0,0,7,21,1,1,1,1,0,3.65,1.5,5.265690837867337
461,S,54,64,57,46,50,70,64,68,69,66,60,39,68,40,63,50,48,48,49,51,56.2,55.5,9.667471230885562
462,M,45,45,39,42,56,33,34,33,40,34,50,25,26,35,68,41,44,40,44,50,41.2,40.5,9.785703858180053
463,V,2,1,1,1,3,0,0,0,0,0,0,0,6,0,1,0,0,0,0,1,0.8,0.0,1.4352700094407325
464,A,33,30,29,31,17,35,38,36,36,35,38,32,24,23,20,32,34,30,31,31,30.75,31.5,5.611372381155968
465,I,104,109,104,91,110,84,86,83,84,82,116,101,114,95,117,93,93,91,89,96,97.1,94.0,11.246777316191515
466,M,30,23,23,18,62,0,0,0,0,0,5,27,43,19,28,2,2,0,2,2,14.3,3.5,17.029679973505075
467,T,3,26,10,24,1,26,21,23,23,25,10,13,13,22,13,17,19,18,18,16,17.05,18.0,7.046098211066888
468,V,70,113,99,106,58,81,97,96,79,81,71,80,96,102,104,80,79,79,78,79,86.4,80.5,13.86145735483827
469,F,53,81,82,80,71,31,46,43,37,28,47,51,89,80,72,42,43,44,44,43,55.35,46.5,18.69565457532846
470,I,4,1,0,3,2,1,1,0,2,2,4,3,0,3,2,0,1,0,1,0,1.5,1.0,1.3228756555322954
471,Y,85,137,125,151,94,124,167,162,140,146,106,136,135,150,167,126,126,124,128,127,132.8,131.5,21.155613912151075
472,F,99,110,147,157,151,133,100,97,133,114,102,151,160,154,157,112,108,107,111,99,125.1,113.0,23.121202390879244
473,L,15,37,20,15,87,38,14,16,33,27,26,86,37,10,41,29,28,25,29,33,32.3,28.5,20.047693134123936
474,L,3,0,8,9,1,3,3,2,1,4,10,14,9,10,24,2,1,0,2,2,5.4,3.0,5.817215828899594
475,P,37,18,8,38,45,20,13,25,15,9,59,21,11,52,40,14,14,13,13,13,23.9,16.5,15.079456223617616
476,E,65,64,13,5,65,65,62,61,55,58,96,70,9,25,130,65,68,62,64,64,58.3,64.0,27.882073093656434
477,T,24,20,9,15,2,11,0,10,10,0,4,7,3,18,7,4,2,2,3,4,7.75,5.5,6.714722630161279
478,K,111,70,58,14,10,95,65,81,82,97,82,60,65,28,76,95,86,90,94,90,72.45,81.5,26.843015851427722
479,G,48,32,15,17,1,41,4,17,18,35,18,31,25,12,7,77,73,77,43,73,33.2,28.0,24.29115065203787
480,V,37,85,30,12,42,25,13,19,29,25,31,39,22,10,56,39,35,38,26,34,32.35,30.5,16.30421724585391
481,P,21,51,30,4,9,10,2,0,22,1,40,25,27,12,10,42,45,55,11,62,23.95,21.5,18.885113184728333
482,I,9,38,9,22,21,1,0,1,11,1,14,9,13,18,36,33,5,42,7,56,17.3,12.0,15.489028374949799
483,E,23,45,18,19,29,5,9,2,9,5,21,33,26,31,65,124,83,108,28,129,40.6,27.0,38.77808659539561
484,E,76,72,99,4,82,32,14,13,34,33,87,92,92,5,78,47,49,76,29,83,54.85,60.5,31.373994007776567
485,M,7,22,2,12,19,2,0,1,1,2,21,21,3,5,9,6,6,6,4,6,7.75,6.0,7.098415316111055
486,G,19,13,6,14,3,10,3,1,3,10,12,21,5,14,9,14,17,16,18,15,11.15,12.5,5.833309523760932
487,R,71,126,124,62,120,85,98,112,90,102,116,126,114,98,111,103,100,88,73,97,100.8,101.0,18.09032890801049
488,V,85,68,42,10,78,27,21,18,20,23,69,45,37,10,49,20,21,24,22,22,35.55,23.5,22.343847027761356
489,W,44,28,39,24,29,5,7,6,5,8,41,36,45,30,31,12,11,11,13,12,21.85,18.5,13.911416175213793
490,K,71,129,53,69,35,44,52,49,48,43,74,122,51,89,76,36,39,38,42,48,60.4,50.0,26.167537140510568
491,Q,95,94,64,25,89,148,163,159,146,140,113,34,78,16,121,149,150,153,160,151,112.4,130.5,46.85872384092422
492,H,54,48,65,20,89,42,36,42,41,26,43,84,42,9,97,27,25,23,21,23,42.85,41.5,23.70290066637415
493,W,87,70,72,64,90,177,171,161,177,150,109,43,35,71,38,185,172,174,175,178,119.95,129.5,54.88303471930101
494,F,168,159,123,44,148,80,64,55,70,62,163,15,92,24,111,60,73,74,76,81,87.1,75.0,43.53607699368421
495,W,178,174,165,16,133,6,3,2,2,7,189,183,172,51,143,3,3,4,6,3,72.15,11.5,79.07039585078603
496,K,68,70,143,113,148,114,112,111,111,116,18,103,141,97,124,128,130,129,132,133,112.05,115.0,29.847068532772195
497,K,123,121,162,103,147,139,146,139,138,149,96,163,100,119,178,134,180,184,183,186,144.5,142.5,28.068665803703603
498,Y,53,56,165,159,228,113,121,122,122,122,117,158,186,160,225,56,70,73,82,74,123.1,121.5,52.18419300899459
499,I,57,68,153,141,133,9,7,4,7,9,79,137,138,147,82,15,14,11,13,13,61.85,36.0,57.39623245475264
500,P,107,105,75,98,72,45,39,38,43,42,99,51,115,100,130,50,55,55,55,58,71.6,56.5,28.65728528664221
501,E,128,158,107,135,174,106,126,125,109,109,120,167,79,155,64,151,148,121,150,141,128.65,127.0,27.530483105096433
502,D,87,152,166,105,112,116,114,113,118,111,89,132,138,82,77,135,119,124,114,149,117.65,115.0,22.841355038613624
503,A,49,38,68,41,16,8,5,4,4,9,70,33,89,37,45,38,12,12,19,13,30.5,26.0,24.050987505713774
504,I,15,60,137,98,126,17,38,33,28,23,14,57,99,105,125,43,45,31,35,31,58.0,40.5,39.90363391973217
505,I,23,137,109,18,130,52,38,28,22,57,39,100,155,28,113,131,138,126,48,120,80.6,78.5,47.447233849825224
506,G,60,49,21,15,28,5,22,6,20,8,16,23,37,28,60,70,69,73,47,65,36.1,28.0,22.757196663912715
507,G,14,20,8,21,16,36,18,50,44,42,18,9,4,16,13,55,58,48,49,50,29.45,20.5,17.707272517245563
508,H,112,148,147,20,213,147,78,46,41,16,46,112,123,17,101,181,176,182,180,174,113.0,117.5,62.4531824649473
509,D,20,28,107,46,113,12,124,82,126,124,9,92,116,66,61,139,140,115,130,124,88.7,110.0,43.680773802669755
510,D,74,118,88,140,91,113,52,58,84,85,100,41,88,137,100,147,141,156,147,163,106.15,100.0,35.34441257115472
511,N,129,26,128,131,105,119,60,145,152,17,127,47,119,115,127,159,160,140,163,156,116.25,127.5,43.0254285277904
512,N,98,26,144,71,84,78,141,110,76,136,83,90,139,58,118,158,157,157,145,146,110.75,114.0,37.64289441581239
513,T,24,59,105,111,114,101,66,37,113,109,24,94,107,130,92,115,112,119,130,128,94.5,108.0,33.02196238868914
514,N,120,157,181,107,156,103,155,144,125,155,156,215,169,96,183,245,243,238,232,238,170.9,156.5,48.21400211556804
